,Sr No,date,startup,vertical,subvertical,city,investor,round,amount,stage
0,1,2020-01-09,byju's,E-Tech,E-learning,Bengaluru,Tiger Global Management,Private Equity,1919.4,Private Equity
1,2,2020-01-13,shuttl,Transportation,App based shuttle service,Gurgaon,Susquehanna Growth Equity,Series C,77.240437218,Series C
2,3,2020-01-09,mamaearth,E-commerce,Retailer of baby and toddler products,Bengaluru,Sequoia Capital India,Series B,176.18997942,Series B
3,4,2020-01-02,https://www.wealthbucket.in/,FinTech,Online Investment,New Delhi,Vinod Khatumal,Pre-Series A,28.791,Pre-Series A
4,5,2020-01-02,fashor,Fashion and Apparel,Embroiled Clothes For Women,Mumbai,Sprout Venture Partners,Seed Funding,17.2746,Seed Funding
5,6,2020-01-13,pando,Logistics,"Open-market, freight management platform",Chennai,Chiratae Ventures,Series A,86.373,Series A
6,7,2020-01-10,zomato,Hospitality,Online Food Delivery Platform,Gurgaon,Ant Financial,Private Equity,1439.55,Private Equity
7,8,2019-12-12,ecozen,Technology,Agritech,Pune,Sathguru Catalyzer Advisors,Series A,57.582,Series A
8,9,2019-12-06,cardekho,E-Commerce,Automobile,Gurgaon,Ping An Global Voyager Fund,Series D,671.79,Series D
9,10,2019-12-03,dhruva space,Aerospace,Satellite Communication,Bengaluru,"Mumbai Angels, Ravikanth Reddy",Seed Funding,479.85,Seed Funding
10,11,2019-12-13,rivigo,Technology,Logistics Services and Solutions,Gurgaon,"SAIF Partners, Spring Canter Investment Ltd.",Series F,191.94,Series F
11,12,2019-12-17,healthians,B2B-focused foodtech startup,Food Solutions For Corporate,Bengaluru,"Paytm, NPTK, Sabre Partners and Neoplux",Series C,115.164,Series C
12,13,2019-12-16,licious,E-Commerce,Online Meat And Seafood Ordering Startup,Bengaluru,Vertex Growth Fund,Series E,287.91,Series E
13,14,2019-12-16,incred,Finance,Non-Banking Financial Company,Mumbai,Undisclosed,Debt Funding,56.6223,Debt Funding
14,15,2019-12-14,trell,Video,Experience Discovery Platform,Bengaluru,Ruizheng Investment,Seed Funding,19.194,Seed Funding
15,16,2019-12-11,rein games,Gaming,Real money based gaming startup,Noida,Manipal Education and Medical Group (MEMG),Seed Funding,479.85,Seed Funding
16,17,2019-12-20,lenskart.com,E-Commerce,Online Eyewear Shopping Portal,Faridabad,SoftBank Vision Fund,Series G,2216.907,Series G
17,18,2019-11-13,freshworks,Software,Business and customer engagement tools,San Francisco,"Sequoia, CapitalG, Accel",Series H,1439.55,Series H
18,19,2019-11-14,misters,Health and wellness,Men's Health and Wellness brand,Gurgaon,"Sauce.vc, Rainforest Ventures",Series B,4.664142,Series B
19,20,2019-11-13,sunstone eduversity pvt. ltd,Education,Elearning,Gurgaon,"Prime Venture Partners, LetsVenture, PS1 Venture and GlobalLogic co-founder Rajul Garg",Seed Funding,14.3955,Seed Funding
20,21,2019-11-17,burger singh,Food and Beverage,Indian Burger Brand,Gurgaon,RB Investments,Venture Round,0.0,Venture Round
21,22,2019-11-18,healthians,Health and Wellness,Healthcare services,Gurgaon,"DG Daiwa Ventures, DG Incubation",Series B,115.164,Series B
22,23,2019-11-15,ninjacart,B2B Marketing,Agritech,Bengaluru,Trifecta Capital Advisors,Debt Funding,249.522,Debt Funding
23,24,2019-11-20,aye finance,FinTech,Financial Services To MSMEs,Gurgaon,FinTech,Debt Funding,167.095910205,Debt Funding
24,25,2019-11-12,supergaming,Video Games,Social gaming platform,Pune,Dream Incubator,Seed Funding,12.4761,Seed Funding
25,26,2019-11-20,clumio,SaaS,Recovery software,"San Jose,","Altimeter Capital, Sutter Hill Ventures",Series C,1295.595,Series C
26,27,2019-11-11,ebikego,Last Mile Transportation,Electric bike rental,Amritsar,Startup Buddy,Seed Funding,2.8791,Seed Funding
27,28,2019-11-19,digital mall asia,E-Commerce,Virtual e-commerce platform,Delhi,Amour Infrastructure,Seed Funding,2111.34,Seed Funding
28,29,2019-11-18,medikabazaar,Healthcare,B2B platform for medical supplies,Mumbai,"Ackermans & van Haaren, HealthQuad, Rebright Partners, Toppan Printing",Series B,151.6326,Series B
29,30,2019-11-15,vogo automotive,Last Mile Transportation,Scooter sharing app,Kormangala,"Matrix Partners, Stellaris Venture Partners, Kalaari Capital",Series B,2715.951,Series B
30,32,2019-11-25,paytm,FinTech,Mobile Wallet,Noida,Vijay Shekhar Sharma,Funding Round,9597.0,Funding Round
31,33,2019-10-04,dunzo,Customer Service,Delivery Service,Bengaluru,Lightbox,Series D,431.865,Series D
32,34,2019-10-02,udaan,B2B,Business development,Bengaluru,"Altimeter Capital, DST Global",Series D,5614.245,Series D
33,35,2019-10-21,the man company,Consumer Goods,Beauty and Grooming,Gurgaon,Ayushmann Khurana,Corporate Round,0.0,Corporate Round
34,36,2019-09-05,fpl technologies,FinTech,Financial Services,Pune,"Matrix Partners India, Sequoia India",Maiden Round,43.1865,Maiden Round
35,37,2019-09-04,cashflo,FinTech,Invoice discounting platform and SME lending marketplace,Mumbai,SAIF Partners,Series A,31.6701,Series A
36,38,2019-09-04,digital f5,"Advertising, Marketing",Digital marketing firm,Mumbai,TIW Private Equity,Private Equity,57.582,Private Equity
37,39,2019-09-04,3rdflix,SaaS,Education Technology,Hyderabad,Exfinity Venture Partners,Pre-Series A,47.985,Pre-Series A
38,40,2019-09-04,75f,IoT,Building automation system,Burnsville,Breakthrough Energy Ventures,Series A,172.746,Series A
39,41,2019-09-04,myelin foundry,Information Technology,Deep-technology,Bengaluru,Endiya Partners,Seed Funding,9.597,Seed Funding
40,42,2019-09-04,atomberg technology,Consumer Technology,"Consumer Electronics, Home Appliances",Mumbai,A91 Partners,Series A,95.97,Series A
41,43,2019-09-04,goqii,Health and Wellness,Wearable Fitness Bands,Menlo Park,Bennett Coleman and Company Ltd (BCCL),Series C,4318.65,Series C
42,44,2019-09-03,vyapar app,Accounting,Mobile-based Accounting Software,Bengaluru,"India Quotient, Axilor Ventures",Series A,47.985,Series A
43,45,2019-08-01,cardekho,E-Commerce,Automotive,Gurgaon,SC GG India Mobility Holdings LLC,Series C,191.94,Series C
44,46,2019-08-01,progcap,Finance,Supply Chain Management,New Delhi,Sequoia India,Series A,47.985,Series A
45,47,2019-08-01,mypetrolpump,Retail,Fuel Delivery,Bengaluru,Undisclosed,Seed Funding,15.3552,Seed Funding
46,48,2019-08-01,alteria capital,Finance,VC Funds,Mumbai,"Azim Premji, Binny Bansal",Venture Round,1343.58,Venture Round
47,49,2019-08-01,pine labs,Information Technology,Last-mile retail transaction technology,Noida,Pine Labs Pte Ltd,Corporate Round,365.45376,Corporate Round
48,50,2019-08-12,meesho,E-Commerce,Social Commerce,Bengaluru,Naspers,Series D,1199.625,Series D
49,51,2019-08-13,cars24,E-Commerce,Car Retail,Gurugram,MS Dhoni,Series D,105.567,Series D
50,52,2019-08-13,uniphore,Customer Service Platform,Conversational AI,Palo Alto,March Capital Partners,Series C,489.447,Series C
51,53,2019-08-23,zendrive,Automotive,Road Safety Analytics,San Francisco,XL Innovate,Series B,355.089,Series B
52,54,2019-08-23,lo! foods,Consumer Goods,Low carb food for Diabetics,Bengaluru,"Rashmi Daga (founder, FreshMenu), Raveen Sastry (co-founder, Myntra) and Mitesh Shah (finance chief, BookMyShow)",Seed Funding,4.7985,Seed Funding
53,55,2019-08-23,tala,FinTech,Digital Lending Platform,Santa Monica,RPS Ventures,Series D,1055.67,Series D
54,56,2019-08-22,indwealth,FinTech,Wealth Management,Gurgaon,Tiger Global Management,Venture Round,143.955,Venture Round
55,57,2019-08-21,hungerbox,Food and Beverage,B2B Foodtech,Bengaluru,One97 Communications Ltd.,Series C,63.24423,Series C
56,58,2019-08-23,admitkard,EdTech,University Admissions,Noida,Growth DNA,Seed Funding,9.597,Seed Funding
57,59,2019-08-19,mishry reviews,Services,Product Review,Gurgaon,Vir Sanghvi,Series A,0.0,Series A
58,60,2019-08-19,grofers,E-Commerce,Grocery Delivery,Gurgaon,Softbank Vision Fund,Series F,671.79,Series F
59,61,2019-08-27,rapido bike taxi,Transportation,Bike Taxi,Bengaluru,Westbridge Capital,Series B,37428.3,Series B
60,62,2019-07-02,renewbuy,Finance,Auto Insurance,Gurgaon,"Lok Capital, IIFL Wealth",Series B,182.343,Series B
61,63,2019-07-02,atlan,Information Technology,Big Data,Singapore,WaterBridge Ventures,Pre-Series A,23.9925,Pre-Series A
62,64,2019-07-01,wizcounsel,Compliance,Consulting,New Delhi,Kapil Dev,Angel Funding,1.391565,Angel Funding
63,65,2019-07-03,ola cabs,Transport,Cabs,Kormangala,"DIG Investment Ab, Deshe Holdings, Samih Toukan and Hussam Khoury",Series J,9.597,Series J
64,66,2019-07-01,uniphore,Artificial Intelligence,Speech Recognition,Taramani,March Capital Partners,Series C,365.45376,Series C
65,67,2019-07-04,daalchini technologies,Food and Beverage,Digital Vending Machine,New Delhi,Artha Venture,Seed Funding,4.7985,Seed Funding
66,68,2019-07-10,byju's,EdTech,Education,Bengaluru,Qatar Investment Authority,Private Equity,1439.55,Private Equity
67,69,2019-07-11,moglix,E-Commerce,Industrial Tools and Equipments,Singapore,"Composite Capital Management, Sequoia Capital India, Tiger Global Management",Series D,575.82,Series D
68,70,2019-07-10,ezyhaul,Tech,Logistics,Singapore,Undisclosed,Series B,153.552,Series B
69,71,2019-07-10,indus os,Tech,Smartphone Operating System,Andheri,Ventureast,Series B,55.18275,Series B
70,72,2019-07-10,healthassure,Health Care,Primary care medical network,Mumbai,Blume Ventures,Series A,23.9925,Series A
71,73,2019-07-09,house of msasaba,Luxury Label,Clothes and Apparel,Mumbai,Binny Bansal,Series A,9.597,Series A
72,74,2019-07-08,board infinity,EdTech,Full-stack career platform,Chembur,Multiple Angel Investors,Angel Funding,3.067249185,Angel Funding
73,75,2019-06-05,nobroker,E-Commerce,Real Estate,Bengaluru,General Atlantic,Series C,489.447,Series C
74,76,2019-06-04,bira91,Food and Beverage,Brewery,New Delhi,Anicut Capital,Debt Funding,95.97,Debt Funding
75,78,2019-06-03,avail finance,Finance,FinTech,Bengaluru,Matrix Partners,Series A,86.373,Series A
76,79,2019-06-04,bharatpe,Finance,FinTech,New Delhi,Insight Partners,Series B,719.775,Series B
77,80,2019-06-04,recykal,Waste Management Service,Optimization,Hyderabad,"Triton Investment Advisors, Pidilite Industries director Ajay Parekh",Pre-Series A,249.522,Pre-Series A
78,81,2019-06-03,agara labs,Deep-Tech,Artificial Intelligence,Bengaluru,Blume Ventures and RTP Global,Pre-Series A,23.9925,Pre-Series A
79,83,2019-06-06,chakr innovation,Energy,Renewable Energy,New Delhi,IAN Fund,Series A,249.522,Series A
80,84,2019-06-06,pratilipi,Digital Media,E-Books,Bengaluru,Qiming Venture Partners,Series B,14500.58715,Series B
81,85,2019-06-10,bolo app,Digital Media,Video Platform,Bengaluru,Nexus Venture Partners,Seed Funding,4.1286294,Seed Funding
82,86,2019-06-10,okcredit,FinTech,Financial Services,Haryana,Tiger Global Management,Series A,148.7535,Series A
83,87,2019-06-06,biz2credit,FinTech,Online Lending Platform,New York,WestBridge Capital,Series B,499.044,Series B
84,88,2019-06-08,vogo automotive pvt. ltd.,Transportation,Dockless Scooter Rental Company,Karnataka,Alteria Capital,Debt Funding,34.395648,Debt Funding
85,89,2019-06-04,leegality,Services,Digital Documentation,Mumbai/Bengaluru,Mumbai Angels,Series A,32.6298,Series A
86,90,2019-05-06,ola electric,Transport,Cabs,Bengaluru,Tata Sons,Series A,0.0,Series A
87,91,2019-05-06,saahas zero waste,Waste Management Service,Optimization,Bengaluru,C4D Partners,Venture Round,8.3359542,Venture Round
88,92,2019-05-05,styledotme,E-commerce,Fashion and Shopping,Delhi,"Indian Angel Network and other angel investors, Innov8 founder Ritesh Malik, Josh Talks founders Supriya Paul and Shobha Banga, and former Hero Corporate president Rohit Chanana",Bridge Round,0.0,Bridge Round
89,93,2019-05-01,blackbuck,Transport,Logistics,Bengaluru,"Goldman Sachs Investment Partners and Silicon Valley-based Accel, Wellington, Sequoia Capital, B Capital, LightStreet, Sands Capital and International Finance Corporation,",Series D,1439.55,Series D
90,94,2019-05-02,zenoti,Saas,Beauty and Wellness Industry,Hyderabad,Tiger Global Management,Series C,479.85,Series C
91,95,2019-05-28,ather energy,Automobile,Electric Vehicle,Bengaluru,Sachin Bansal,Series C,489.447,Series C
92,96,2019-05-28,freshvnf,Agtech,Fresh Agriculture Produces,Mumbai,Equanimity Ventures,Seed Funding,1343.58,Seed Funding
93,97,2019-05-30,glowroad,E-commerce,Retail,Bengaluru,"Korea Investment Partners, Vertex Ventures",Series B,110.3655,Series B
94,98,2019-05-31,bira91,Food and Beverage,Brewery,New Delhi,Sixth Sense Ventures,Series B,53.7432,Series B
95,99,2019-04-16,kuvera,Finance,Wealth Management,Bengaluru,Eight Roads,Series A,431.865,Series A
96,100,2019-04-12,medlife,E-commerce,Online Medicine,Bengaluru,Prasid Uno Family Trust,Private Equity,163.149,Private Equity
97,101,2019-04-10,kabadiwala,E-commerce,Waste Management,Bhopal,"Unilever, Beehive Capital Advisor, ABCOM Investments, Parekh Marine Transport,",Private Equity,4.133092005,Private Equity
98,102,2019-04-13,tripoto,Social Media,Travel,New Delhi,"Orchid India, Hornbill Orchid India Fund, Chiratae Ventures (formerly IDG Ventures), 3one4 Capital, Lasmer NV",Series B,34.466425875,Series B
99,103,2019-04-12,azah,Health and Wellness,Organic wellness,Gurugram,Unnamed angel investors,Seed Funding,1.9194,Seed Funding
100,104,2019-04-11,setu,Fintech,Banking,Bengaluru,Lightspeed India Partners,Seed Funding,33.5895,Seed Funding
101,105,2019-04-10,toppr,Edtech,E-learning,Mumbai,Milestone,Debt And Preference Capital,60.66090954,Debt And Preference Capital
102,106,2019-04-10,craftsvilla,E-commerce,Fashion and Apparel,Mumbai,Supera Pte Ltd,Inhouse Funding,23.450221515,Inhouse Funding
103,107,2019-04-10,unacademy,Edtech,E-learning,Bengaluru,Kalyan Krishnamurthy,Seed Funding,2.946279,Seed Funding
104,108,2019-04-11,clevertap,SaaS,Mobile analytics and marketing,Mumbai,"Sequoia India, Tiger Global Management, Accel Partners",Series B,249.522,Series B
105,109,2019-04-19,my healthcare,E-commerce,Software Solutions,Bengaluru and Gurugram,Sixth Sense Ventures,Series A,28.791,Series A
106,110,2019-04-19,krazybee,E-commerce,Lending Platform,Bengaluru,"BAC Acquisitions, Unifi AIF, BRD Securities, Northern R Capital",Debt Funding,137.640174,Debt Funding
107,111,2019-04-17,shuttl,Transportation,Bus Aggregation,Gurugram,New Atlantic Ventures,Venture Round,47.985,Venture Round
108,112,2019-04-17,increff,Technology,Supply-chain technology solutions,Bengaluru,"021 Capita, Binny Bansal",Series A,28.791,Series A
109,113,2019-02-01,fleetx,AI,Logistics,Gurgaon,India Quotient and LetsVenture\\xe2\\x80\\x99s Angel Fund,Pre-Series A,0.0,Pre-Series A
110,114,2019-02-08,zilingo,Ecommerce,Fashion & Apparel,India/Singapore,"Sequoia Capital and Temasek Holdings, EDBI, Burda Principal Investments, and Sofina",Series D,2168.922,Series D
111,115,2019-02-13,nanoclean global,Nanotechnology,Anti-Pollution,New Delhi,"LetsVenture, PitchRight Venture, 91SpringBoard, AL Nour International Holdings and Mark V Investments",Series A,5.7582,Series A
112,116,2018-02-14,oyorooms,Hospitality,Budget Rooms,Gurgaon,DiDi Chuxing,Equity Funding,959.7,Equity Funding
113,117,2019-01-03,cardekho,Automobile,Online Marketplace,Jaipur,"Sequoia India, Hillhouse Capital, Alphabet\\xe2\\x80\\x99s growth investment arm Capital G and Axis Bank",Series C,1055.67,Series C
114,118,2019-01-04,vyome therapeutics inc.,Health and Wellness,Specialty pharmaceutical,India/US,"Iron Pillar, Perceptive Advisors, Romulus Capital and Kalaari Capital",Series D,211.134,Series D
115,119,2019-01-04,samunnati financial intermediation & services pvt. ltd,Finance,Non-banking financial company,Chennai,"MASSIF, a Dutch government fund",Debt Funding,47.985,Debt Funding
116,120,2018-12-04,manch,Social Media,Hyperlocal Content,Delhi,Stellaris Venture Partners,Seed Funding,6.7179,Seed Funding
117,121,2018-12-01,urbanclap technologies pvt. ltd,Services Platform,Home services marketplace,New Delhi,Steadview Capital and Vy Capital.,Series D,479.85,Series D
118,122,2018-12-02,guiddoo,Travel Tech,Platform for travel agents,Mumbai,Individual Investors,Pre-Series A,7.6776,Pre-Series A
119,123,2018-12-02,career anna,Online Education,"Video-based certification, trainings",Gurugram,Individual Investors,Pre-Series A,5.489484,Pre-Series A
120,124,2018-12-04,nagpur wholesale,Online Marketplace,eCommerce,Nagpur,Omphalos Ventures India LLP,Seed Funding,1.372371,Seed Funding
121,125,2018-12-06,shopkirana,B2B,eCommerce,Indore,"Info Edge, AET Fund, Akatsuki and Incubate Fund from Japan and Better Capital AngelList syndicate.",Seed Funding,19.194,Seed Funding
122,126,2018-12-06,buildsupply,"SaaS, Ecommerce","Real Estate, ERP",Gurugram,"Venture Highway, GREE Ventures, Space Matrix, Individual Investors",Series A,33.5895,Series A
123,127,2018-11-01,godesi,Food and Beverage,Regional Flavours,Bengaluru,Lead Angels Network,Seed Funding,1.333935015,Seed Funding
124,128,2018-11-03,veritas finance ltd.,NBFC,MSME Finance,Chennai,"Norwest Venture Partners, CDC Group, the UK\\xe2\\x80\\x99s Development Finance Institution and P Surendra Pai",Series D,266.787003,Series D
125,129,2018-11-06,meesho,Ecommerce,Social Commerce,Bengaluru,"Shunwei Capital, DST Partners and RPS Ventures",Series C,479.85,Series C
126,130,2018-11-08,mobile premier league,Gaming,Mobile e-Sports,Bengaluru,Undisclosed,Series A,4.7985,Series A
127,131,2018-11-08,a&r bon vivants,Food,Meat Retail Chain,Jaipur,"RB Investments, Singapore",Equity Funding,9.597,Equity Funding
128,132,2018-11-12,blackbuck,Food Tech,POS For Online Ordering,"New York, Bengaluru",Tiger Global,Series A,9.597,Series A
129,133,2018-11-12,milkbasket,Food,Micro-delivery grocery service,New Delhi,Mayfield Fund,Series B,12.4761,Series B
130,134,2018-11-13,driveu,Transport,On-Demand Drivers,Bengaluru,Stevens Creek Ventures,Mezzanine,9.597,Mezzanine
131,135,2018-11-14,cleansecar,Services,Car Wash,Bengaluru,Venture Catalysts,Seed Funding,4.7985,Seed Funding
132,136,2018-11-19,automation anywhere,Automation,Robotics,California,SoftBank Vision Fund,Series B,2879.1,Series B
133,137,2018-11-20,healthifyme,Health and Wellness,Wellness Coach,Bengaluru,"Sistema Asia Fund, VC Samsung NEXT, Chiratae Ventures, Inventus Capital, Blume Ventures and Innoven Capital.",Series B,57.582,Series B
134,138,2018-11-21,genius corner,Education,Personalized Learning,Noida,Individual investors,Seed Funding,2.667966,Seed Funding
135,139,2018-11-22,aavishkaar-intellecap group,Investment,SME Funding,Mumbai,Teachers Insurance and Annuity Association (TIAA),Equity Funding,297.507,Equity Funding
136,140,2018-11-22,skillbox,Social Network,Art,Gurugram,Individual investors,Seed Funding,0.0,Seed Funding
137,141,2018-11-23,signzy,Financial Tech,Digital Onboarding Solution,Mumbai/Bengaluru,"Stellaris Venture Partners and Kalaari Capital, Rajan Anandan from Google, Dilip Khandwelwal from SAP Labs India, and Amrish Rau from PayU India",Series A,32.6298,Series A
138,142,2018-11-24,engineer.ai,Software,AI Platform,India/US,"Lakestar and Jungle Ventures, Softbank\\xe2\\x80\\x99s DeepCore.",Series A,283.1115,Series A
139,143,2018-11-25,incred finance,Finance,SME Lending,India,"Paragon Partners, Individual Investors",Private Equity,403.074,Private Equity
140,144,2018-11-25,roposo,Social Media,Video Sharing,Delhi,Bertelsmann India Investments,Series B,16.3149,Series B
141,145,2018-10-01,northmist,Fashion,Mens Wear,Delhi,Prashant Jaiswal,Seed Funding,0.0,Seed Funding
142,146,2018-10-02,origo commodities india pvt. ltd,Logistics,Supply Chain,Hyderabad,"Cooperative Oikocredit, Caspian and Hivos-Triodos Fund",Seed Funding,105.567,Seed Funding
143,147,2018-10-04,grover zampa,Food,Wine,Mumbai,Ravi Viswanathan,Private Equity,78.6954,Private Equity
144,148,2018-10-05,droom,Automobile,New and Used Cars Platform,Gurgaon,ZigExN,Series E,28.791,Series E
145,149,2018-10-11,innov8,Real Estate,Co-Working,New Delhi,Credence Family Office,Pre-Series A,38.388,Pre-Series A
146,150,2018-10-12,blackbuck,Logistics Tech,Largest Trucking Platform,Bengaluru,Sequoia Capital India,Private Equity,140.88396,Private Equity
147,151,2018-10-12,letstransport,Logistics Tech,Book Trucks Online,Bengaluru,Fosun International,Series C,115.164,Series C
148,152,2018-09-01,netmeds,Consumer Internet,Online Pharmacy Chain,Chennai,"Sistema Asia Fund, Sistema JSFC and Tanncam Investment",Private Equity,335.895,Private Equity
149,153,2018-09-03,udaan,B2B Platform,Logistics and Shipping,Bengaluru,DST Global and Lightspeed Venture Partners\\xe2\\x80\\x99 global fund.,Private Equity,2159.325,Private Equity
150,154,2018-09-03,daily hunt,Consumer Internet,News and ebooks Mobile App,Bengaluru,Falcon Edge,Private Equity,61.32483,Private Equity
151,155,2018-09-04,3hcare,Healthcare,Healthcare Service Provider,Delhi,Undisclosed,Seed Funding,9.597,Seed Funding
152,156,2018-09-04,happygoeasy,Consumer Internet,Online Travel Agecy,Gurugram,"Korea Investment Partners (KIP), Samsung and China-based CITIC Capital and others",Private Equity,0.0,Private Equity
153,157,2018-09-05,nykaa,Consumer Internet,Online Marketplace For Multi-brand Beauty Cosmetic and Wellness Products,Mumbai,Lighthouse,Private Equity,1508.6484,Private Equity
154,158,2018-09-05,mad street den,Technology,Computer Vision And Artificial Intelligence (Ai) Platform,Chennai,KDDI,Private Equity,0.0,Private Equity
155,159,2018-09-06,dream11,Consumer Internet,Online Gaming Platform,Mumbai,"Tencent, Kalaari Capital and Private equity firm Multiples Alternate Asset Management",Private Equity,959.7,Private Equity
156,160,2018-09-10,mamaearth,Healthcare,Online Marketplace For Mother and Babycare Products,Gurugram,Stellaris Ventures & Others,Private Equity,38.388,Private Equity
157,161,2018-09-11,autogrid,Technology,AI-Based Energy Optimisation and Control Provider,Bengaluru,"CLP Holdings Group, Innogy, \\xc3\\x98rstead, and Tenaska",Private Equity,307.104,Private Equity
158,162,2018-09-11,pharmeasy,Consumer Internet,Online Marketplace For Pharmaceutical Products,Mumbai,InnoVen Capital,Debt Funding,52.7835,Debt Funding
159,163,2018-09-11,upwards,Fin-Tech,Online Micro Lending Marketplace,Mumbai,"Shunwei Capital,Quotient, Mayfield & Others",Private Equity,47.985,Private Equity
160,164,2018-09-12,kissht,Fin-Tech,Online lending Platform,Mumbai,"Vertex Ventures Southeast Asia (SEA) and India and Sistema Asia Fund, Fosun RZ Capital, Ventureast, and Endiya Partners.\\n\\n",Private Equity,287.91,Private Equity
161,165,2018-08-01,dishq,Food-Tech,Personalisation Technology Firm Focusing On The Food And Beverage Industry,Bengaluru,"Farm To Fork, Arts Alliance, The Syndicate Fund, Sven Hensen, Zeroth and Artesian Venture Partners",Seed Funding,3.8388,Seed Funding
162,166,2018-08-01,healthfin,Finance,Patient Financing Platform,Pune,"Axilor, Sprout Venture Partners and others",Seed Funding,0.0,Seed Funding
163,167,2018-08-02,samosa labs,Consumer Internet,Social Media and Chat Entertainment Platform,Hyderabad,Xiaomi and Sequoia Capital India,Private Equity,67.179,Private Equity
164,168,2018-08-03,ziffyhomes,Consumer Internet,Online Home Rental Marketplace,Gurugram,Y Combinator,Private Equity,1.15164,Private Equity
165,169,2018-08-07,my omnamo,Consumer Internet,Holy Platform Offering Customised Puja Packages To Individuals and Corporates,Mumbai,Undisclosed,Seed Funding,9.597,Seed Funding
166,170,2018-08-07,shopx,Consumer Internet,Assisted E-commerce Platform,Bengaluru,Fung Strategic Holdings,Private Equity,335.895,Private Equity
167,171,2018-08-07,makemytrip,Consumer Internet,Online Travel Aggregator,Gurugram,MakeMyTrip Limited,Private Equity,95.97,Private Equity
168,172,2018-08-08,hansel io,Consumer Internet,Real-time Mobile App Management,Bengaluru,Vertex Ventures,Seed Funding,38.388,Seed Funding
169,173,2018-08-08,metro bikes,Consumer Internet,Online Bike Rental Marketplace,Bengaluru,"Sequoia Capital India Advisors, Accel Partners and G Raghunandan",Private Equity,117.0834,Private Equity
170,174,2018-08-08,phone pe,Consumer Internet,UPI Payments App,Bengaluru,Flipkart,Private Equity,633.402,Private Equity
171,175,2018-08-09,quizizz,Ed-Tech,e-learning Platform,Bengaluru,"Nexus Venture Partners, Prime Venture Partners and Others",Seed Funding,28.791,Seed Funding
172,176,2018-08-09,happy emi,Fin-Tech,Consumer Financing Platform,Bengaluru,AJ Ventures and Jain International Trade Organisation (JITO),Seed Funding,9.597,Seed Funding
173,177,2018-08-13,inthree,Consumer Internet,Rural E-commerce Platform,Chennai,"Ventureast, Orios Venture Partners and the IAN Fund",Seed Funding,38.388,Seed Funding
174,178,2018-08-13,observe ai,Technology,AI Based Solutions Platform,Bengaluru,"Nexus Venture Partners, MGV, Liquid 2 Ventures, Hack VC, Emergent Ventures and Y Combinator",Private Equity,76.776,Private Equity
175,179,2018-08-16,enakshi,Consumer Internet,AI Based Solutions Platform,Ahemadabad,Undisclosed,Seed Funding,1.101841167,Seed Funding
176,180,2018-08-17,eazydiner,Consumer Internet,Online Restaurant Table Reservation Platform,Gurugram,Denlow Investment Trust and Beenext,Private Equity,56.14245,Private Equity
177,181,2018-08-20,finzy,Finance,Online Loan Matchmaking Platform,Bengaluru,Undisclosed,Seed Funding,9.597,Seed Funding
178,182,2018-08-20,rawpressery,Consumer Internet,Online Organic Juice Delivery Service,Mumbai,Alteria Capital,Debt Funding,46.0656,Debt Funding
179,183,2018-08-22,pi ventures,Technology,Applied Artificial Intelligence and IoT focusedPlatform,Bengaluru,CDC Group plc,Private Equity,57.582,Private Equity
180,184,2018-08-22,revv,Consumer Internet,Online Indian Car Rental Platform,Gurugram,"Hyundai, Edelweiss and Beenext, Dream Incubator, Sunjay Kapoor and Telama Investment",Private Equity,136.94919,Private Equity
181,185,2018-08-26,zestmoney,Consumer Internet,Online Lending Platform,Bengaluru,"Xiaomi,PayU, Ribbit Capital and Omidyar Network",Private Equity,128.5998,Private Equity
182,186,2018-08-26,shubh loans,Fin-Tech,Customer Sourcing Platform,Bengaluru,"Saama Capital, SRI Capital, Beenext, and Pravega Ventures",Private Equity,40.3074,Private Equity
183,187,2018-08-27,myupchar,Healthcare,Local Language Health Content App,Delhi,"Nexus Venture Partners, Omidyar Network and Shunwei Capital",Private Equity,47.985,Private Equity
184,188,2018-08-28,narvar,IT,Post-Purchase Customer Engagement Platform,Bengaluru,Accel (formerly known as Accel Partners),Private Equity,28.791,Private Equity
185,189,2018-08-30,true north,Finance,Private Equity Firm,Mumbai,Undisclosed,Private Equity,5758.2,Private Equity
186,190,2018-07-01,leena ai,Technology,HR Virtual Agent For Employees,Gurugram,Y Combinator,Seed Funding,0.0,Seed Funding
187,191,2018-07-02,biryani by kilo,Consumer Internet,Online Food Delivery,Gurugram,Ajay Relan and Vinay Mittal,Seed Funding,9.597,Seed Funding
188,192,2018-07-04,anchanto,IT,E-commerce Fulfilment Platform,Pune,MDI Ventures & Telkom Indonesia,Private Equity,38.388,Private Equity
189,194,2018-07-06,policybazaar,Consumer Internet,Online Insurance Selling Platform,Gurugram,Info Edge (India) Ltd and Temasek,Private Equity,265.8369,Private Equity
190,195,2018-07-09,zippserv,Consumer Internet,Online Platform For Risk-Assessment Services For Real Estate Investments,Bengaluru,Info Edge (India) Ltd,Seed Funding,4.22268,Seed Funding
191,196,2018-07-09,groww,Consumer Internet,Online Platform That Sells Direct Plans Of Mutual Funds,Bengaluru,"Insignia Ventures Partners, Lightbridge Partners & Kairos",Seed Funding,10.5567,Seed Funding
192,197,2018-07-10,avenue growth,Consumer Internet,Online Platform That Connects Brands With Freelance Sales Professionals,Gurugram,"Avtar Monga, chief operating office at IDFC Bank, Aditya Malik & Others",Seed Funding,4.193889,Seed Funding
193,198,2018-07-10,inicu,Healthcare,Med-tech Platform Providing Care For Newborns,Delhi,Venture Catalysts,Seed Funding,0.0,Seed Funding
194,199,2018-07-10,kinara capital,Finance,Lending Platform For Micro and Small Enterprises,Bengaluru,ResponsAbility,Private Equity,47.985,Private Equity
195,200,2018-07-10,shop 101,Consumer Internet,Mobile Storefront And Commerce Platform For Sellers,Mumbai,"Stellaris Venture Partners, Vy Capital, Raghunandan G, and Ramakant Sharma",Private Equity,47.985,Private Equity
196,201,2018-07-11,sambandh,Consumer Internet,Online Micro Lending Platform,Rourkela,Base of Pyramid Asia (BOPA) Pte Ltd,Private Equity,23.9925,Private Equity
197,202,2018-07-12,19th mile,IT,Artificial intelligence-based sales acceleration software platform,Gurugram,"Rishi Vasudev, Excelsior Investments, Ritesh Vohra, Praveer Kumar, Prashant Gupta and Others",Seed Funding,1.72746,Seed Funding
198,203,2018-07-12,5th vital,Healthcare,Home diagnostics services provider,Bengaluru,Brand Capital and Others,Seed Funding,4.7985,Seed Funding
199,204,2018-07-13,mengage,Healthcare,A Doctor-Patient Engagement Platform,Jaipur,"Siddharth Agarwal, Mahavir Sharma, Amit Singal, 100 Co-founders Lab and others.",Seed Funding,1.679475,Seed Funding
200,205,2018-07-17,ofbusiness,Finance,Online Lending Platform For SME,Gurugram,"Creation Investments, Falcon Edge, Matrix Partners India and Zodius Capital",Private Equity,278.313,Private Equity
201,206,2018-07-17,cars24,Consumer Internet,Online Used Car Marketplace,Gurugram,"Kingsway FCI Fund, KCK Global & Others",Private Equity,476.9709,Private Equity
202,207,2018-07-18,the ken,Consumer Internet,Subscription-Only News Website,Bengaluru,Omidyar Network & Others,Seed Funding,14.3955,Seed Funding
203,208,2018-07-19,book my show,Consumer Internet,Online Ticketing Platform,Mumbai,"TPG Growth, The Rise Fund & Others",Private Equity,959.7,Private Equity
204,209,2018-07-20,housingman,Consumer Internet,Property Discovery Platform,Bengaluru,Undisclosed,Seed Funding,14.3955,Seed Funding
205,210,2018-07-21,paysense,Consumer Internet,Online Consumer Lending Platform,Mumbai,PayU & Others,Private Equity,172.746,Private Equity
206,211,2018-07-23,yulu bikes,Technology,Bicycle-Sharing Platform,Bengaluru,Undisclosed,Seed Funding,0.0,Seed Funding
207,212,2018-07-23,vtion,Technology,Media Analytics,Gurugram,"AngelList, Rahul Khanna, Rajeev Arora and Ram Ramsundar.",Seed Funding,2.68716,Seed Funding
208,213,2018-07-23,log9 materials,Technology,Nanotechnology Company Specializing In Graphene,Bengaluru,"Metaform Ventures, Hemant Luthra, Micro venture capital firm GEMS Partners and Others",Seed Funding,4.184292,Seed Funding
209,214,2018-07-24,kidovators,Ed-Tech,Skill Learning Platform,Bengaluru,Gray Matters,Seed Funding,1.72746,Seed Funding
210,215,2018-07-24,digit,Consumer Internet,Online Insurance Startup,Pune,Fairfax,Private Equity,431.865,Private Equity
211,216,2018-07-25,black soil,Finance,Non-Banking Financial Company,Mumbai,"Allcargo Logistics, Navneet Education and Mahavir Agency",Private Equity,163.149,Private Equity
212,217,2018-07-25,trell,Consumer Internet,Mobile-First Video Blogging App,Bengaluru,"BeeNext , WEH Ventures and Sprout Ventures",Seed Funding,11.99625,Seed Funding
213,218,2018-07-25,iqlect,Technology,Data Analytics Firm,Bengaluru,Ventureast and Exfinity,Seed Funding,23.9925,Seed Funding
214,219,2018-07-26,entropik,IT,Software-As-A-Service Platform,Bengaluru,"Bharat Innovation, IDFC-Parampara Capital, Arthavida Ventures, Jitendra Gupta & Others",Seed Funding,10.5567,Seed Funding
215,220,2018-07-26,bitla software,Technology,Travel-Focused Tech Startup,Bengaluru,MakeMyTrip,Private Equity,0.0,Private Equity
216,221,2018-07-26,thecapitalnet,Fin-Tech,Unified Global Investments Ecosystem,Hyderabad,Lindwall Family Investments LLC (LFI),Private Equity,4.7985,Private Equity
217,222,2018-07-30,shuttl,Consumer Internet,Bus Aggregation Platform,Gurugram,Amazon Alexa Fund & Dentsu Ventures,Private Equity,105.567,Private Equity
218,223,2018-07-30,cure fit,Consumer Internet,Health and fitness Platform,Bengaluru,"IDG Ventures, Accel Partners, Kalaari Capital and Others",Private Equity,1151.64,Private Equity
219,224,2018-07-31,five star group,Fin-Tech,Non-Bank Lending Platform For SME,Chennai,"TPG, Norwest Venture Partners, Sequoia Capital & Matrix Partners",Private Equity,959.7,Private Equity
220,225,2018-07-31,healthsignz,Healthcare,Health and Well being Platform,Hyderabad,Kantilal Patel,Seed Funding,47.985,Seed Funding
221,226,2018-06-01,cointribe,Finance,Credit-Based Lending Marketplace For Small And Medium Enterprises,Gurugram,"Sabre Partners, Puneet Dalmia & Others",Private Equity,95.97,Private Equity
222,227,2018-06-04,digiconectt,Technology,Sales Analytics and Enablement Platform,Bengaluru,Aspire Logistics LLC,Seed Funding,1.199625,Seed Funding
223,228,2018-06-04,kashmir box,E-Commerce,"Online Marketplace For Handicrafts, Handlooms And Local Produce",Srinagar,"Bhairavi Jani, Alok Divatia, Namrata Kaul, Sohail Hashemi, Aijaz Saleem",Seed Funding,0.0,Seed Funding
224,229,2018-06-05,crowdera,Finance,Online Crowdfunding Platform,Nagpur,"Anil Advani, Pramod Jain, Amrendra Reddy and Manish Satnaliwala.",Seed Funding,0.0,Seed Funding
225,230,2018-06-05,zoctr,Healthcare,Online Healthcare Aggregator,Mumbai,NB Ventures and Others,Seed Funding,0.0,Seed Funding
226,231,2018-06-07,annapurna finance,Finance,Non-Banking Financial Company,Bhubneswar,Oman India Joint Investment Fund (OIJIF),Private Equity,220.731,Private Equity
227,232,2018-06-07,meesho,Consumer Internet,Online Marketplace For Resellers,Bengaluru,"Sequoia Capital India, SAIF Partners, Y Combinator and Venture Highway",Private Equity,110.3655,Private Equity
228,233,2018-06-10,ayefinance,Finance,Online Lending Platform,Gurugram,"CapitalG, SAIF Partners and LGT Impact Ventures",Private Equity,206.3355,Private Equity
229,234,2018-06-11,theranosis,Healthcare,Specialised diagnostics Platform,Hyderabad,Mumbai Angels Network,Seed Funding,0.0,Seed Funding
230,235,2018-06-12,alpha capital,Finance,Supplychain Finance,Mumbai,Alpha Capital,Private Equity,142.0356,Private Equity
231,236,2018-06-12,eshakti,E-Commerce,Fashion e-tailer,Chennai,Paragon Partners,Private Equity,96.9297,Private Equity
232,237,2018-06-12,daily ninja,Consumer Internet,Hyperlocal Delivery Platform,Bengaluru,Saama Capital and Sequoia Capital,Seed Funding,28.791,Seed Funding
233,238,2018-06-13,nirogstreet,Healthcare,An Online Platform That Connects Ayurveda Doctors With Patients,Gurugram,"Spiral Ventures, Subho Ray and Samir Kumar",Seed Funding,2.8791,Seed Funding
234,239,2018-06-13,nivesh,Finance,Mass Market Mutual Fund Investment Platform,Noida,"LetsVenture, Rajan Anandan, Basab Pradhan, Vivek Khare and Bijoy George",Seed Funding,4.31865,Seed Funding
235,240,2018-06-13,what's up life,Consumer Internet,"A Local Discovery App For Dining-Out, Party, Leisure and Events",Gurugram,Rannvijay Singha,Seed Funding,0.0,Seed Funding
236,241,2018-06-14,homelane,Consumer Internet,Online Home Furnishing Solutions,Bengaluru,Brand Capital,Seed Funding,33.10965,Seed Funding
237,242,2018-06-14,network intelligence,Technology,Cybersecurity Specialist,Mumbai,Helix Investments,Private Equity,46.0656,Private Equity
238,243,2018-06-18,tynor othontics,Healthcare,Prosthetics Manufacturers,Chandigarh,Lighthouse Funds & Thuasne Participations,Private Equity,201.537,Private Equity
239,244,2018-06-18,elucidata,IT,Data Analytics (SaaS),Delhi & Cambridge,Hyperplane Venture Capital and several angel investors,Seed Funding,16.3149,Seed Funding
240,245,2018-06-19,chrysalis,Ed-Tech,Education Services Provider,Pune,Menterra Venture & Artha Initiatives,Seed Funding,0.0,Seed Funding
241,246,2018-06-19,rentsher,Consumer Internet,Online Rental Marketplace,Bengaluru,"Shorooq Investments, LetsVenture & Others",Seed Funding,10.5567,Seed Funding
242,247,2018-06-20,drip capital,Finance,Trade Finance Firm,Mumbai,"Accel Partners, Sequoia India, Y Combinator and others.",Private Equity,143.955,Private Equity
243,248,2018-06-22,wickedride,Consumer Internet,Online Motorbike And Scooter Rental Platforms,Bengaluru,"Sequoia Capital, Accel Partners & Raghunandan Gangappa",Private Equity,87.3327,Private Equity
244,249,2018-06-25,policybazaar,Consumer Internet,Online Insurance Selling Platform,Gurugram,SoftBank Vision Fund & Info Edge (India) Ltd,Private Equity,1919.4,Private Equity
245,250,2018-06-25,hipbar,Consumer Internet,Digital Payment Platform For Beverage Delivery,Bengaluru,Diageo India,Private Equity,38.388,Private Equity
246,251,2018-06-25,sqqrl,Finance,App-based investment platform,Gurugram,Equanimity Venture Fund,Seed Funding,9.597,Seed Funding
247,252,2018-06-26,paytm,Technology,Digital Payment Platform,Noida,One 97 Communications,Private Equity,85.89315,Private Equity
248,253,2018-06-26,sigtuple,Healthcare,Data Driven Intelligence Solutions Platform,Bengaluru,"Accel Partners, IDG Venture, Endiya Partners, pi Ventures, VH Capital, Axilor Ventures and Binny Bansal",Private Equity,182.343,Private Equity
249,254,2018-06-27,wow express,Technology,E-commerce Logistics Platform,Mumbai,Undisclosed Existing Investors As Well As The Tamarind Family Trust,Private Equity,43.1865,Private Equity
250,255,2018-06-28,front desk ai,Technology,An AI Platform Offering Automated Customer Service Software,Bengaluru,Speciale Invest & Others,Seed Funding,10.5567,Seed Funding
251,256,2018-06-28,edureka,Ed-Tech,Online Education Platform,Bengaluru,Leo Capital,Seed Funding,19.194,Seed Funding
252,257,2018-06-29,numeroseven,Technology,An Artificial Intelligence-Based Recruitment Platform,Kolkatta,Shiva Gunapu & Others,Seed Funding,0.0,Seed Funding
253,258,2018-05-02,opentap,Finance,Online Lending Platform,Chennai,Unknown High Net-Worth Individuals,Seed Funding,4.31865,Seed Funding
254,259,2018-05-02,bizongo,Consumer Internet,Aggregator For Packaging Material,Mumbai,"B Capital, International Finance Corporation (IFC), Accel Partners and IDG Ventures",Private Equity,211.134,Private Equity
255,260,2018-05-03,disprz,IT,SaaS,Chennai,"IL&FS Private Equity, Kae Capital & Others",Seed Funding,23.9925,Seed Funding
256,261,2018-05-07,paisadukan,Consumer Internet,P2P Lending Platform,Mumbai,Undisclosed,Seed Funding,2.159325,Seed Funding
257,262,2018-05-09,i3sysytems,Technology,AI product company For Health and Life Insurane Companies,Mumbai,"Unitus Ventures, Behram Vakil and Jerxis Vandrevala",Seed Funding,9.597,Seed Funding
258,263,2018-05-11,earth food,Consumer Internet,Agri-tech,Pune,Rairah Corporation,Seed Funding,9.107553,Seed Funding
259,264,2018-05-14,nykaa,Consumer Internet,Beauty e-tailer,Mumbai,"Sunil Munjal, Harsh Mariwala, Dalip Pathak and Others",Private Equity,230.328,Private Equity
260,265,2018-05-16,mfine,Healthcare,Doctor-Consultation App,Bengaluru,"Prime Venture Partners, Stellaris Venture Partners and Mayur Abhaya Srisrimal",Private Equity,40.3074,Private Equity
261,266,2018-05-21,rocketium,Technology,Online Video Creation Platform,Bengaluru,Blume ventures,Seed Funding,2.8791,Seed Funding
262,267,2018-05-21,milkbasket,Technology,Micro-Delivery Grocery Startup,Gurugram,"Kalaari Capital, Unilever Ventures and Blume Ventures",Private Equity,67.179,Private Equity
263,268,2018-05-22,vola,Finance,Micro Lending Platform,Bengaluru,Credika and unnamed angel investors,Seed Funding,4.7985,Seed Funding
264,269,2018-05-22,cashkumar,Consumer Internet,P2P Lending Platform,Bengaluru,LetsVenture,Seed Funding,7.053795,Seed Funding
265,270,2018-05-23,edyoo,E-Commerce,Products For Shoolgoing Children,Bengaluru,RS Shanbag,Seed Funding,7.053795,Seed Funding
266,271,2018-05-23,aashiyaan,Finance,Housing Finance For Low-Income Families,Kolkata,"Insistor, Oikocredit",Seed Funding,19.194,Seed Funding
267,272,2018-05-24,smartivity,Ed-tech,Designer Of Toys and Learning Projects For Kids,Delhi,"Ashish Kacholi, S Chand Group",Seed Funding,19.194,Seed Funding
268,273,2018-05-24,bonphulapl,Clean-tech,Oxygen Optimiser Manufacturer,Delhi,Atul Gupta and Saurabh Rastogi,Seed Funding,2.811921,Seed Funding
269,274,2018-05-27,acko,Consumer Internet,Online Insurance Platform,Mumbai,"Amazon, Ashish Dhawan, Catamaran Ventures, NR Narayana Murthy.",Seed Funding,115.164,Seed Funding
270,275,2018-05-28,hwell24,Healthcare,Home Healthcare Aggregator,Mumbai,"Prashant Mehta, Mitali Pawar, Nikhil G and Bhavesh P, R Ranganathan, ONCOTRUST and Medintel Services Pvt. Ltd",Seed Funding,1.9194,Seed Funding
271,276,2018-05-29,toffee,Consumer Internet,Online Insurance Platform,Gurugram,"Kalaari Capital, Omidyar Network and Accion Venture Labs",Seed Funding,14.3955,Seed Funding
272,277,2018-05-29,tonetag,Technology,Mobile Payments Technology Platform,Bengaluru,Amazon Inc. and Mastercard,Private Equity,76.776,Private Equity
273,278,2018-05-30,events high,Consumer Internet,Events and Activities Discovery Platform,Bengaluru,Treebo,Private Equity,0.0,Private Equity
274,279,2018-05-30,stellaps,Technology,Iot Application Platform In Agriculture,Bengaluru,"IndusAge Partners, Bill & Melinda Gates Foundation, Qualcomm Venture, ABB Technology Ventures, Omnivore, Blume Ventures, Venture Highway and BEENEXT",Private Equity,134.358,Private Equity
275,280,2018-05-31,credright,Consumer Internet,Lending Platform For SMEs,Hyderabad,"Accion Venture Lab, YourNest Venture Capital And Other Angel Investors",Seed Funding,12.4761,Seed Funding
276,281,2018-04-02,fitternity,Consumer Internet,Online Fitness Discovey Platform,Mumbai,"Exfinity Venture, Saha fund Partners, Arihant Patni of Patni Family Office, Anjali Bansal, Shardul Amarchand Mangaldas, Satish Khanna and Taparia family office.",Private Equity,19.194,Private Equity
277,282,2018-04-02,synctag,Technology,Social Media Anlaytics Platform,Coimbatore,Subhkam Ventures and Mohit Khadaria,Seed Funding,2.9520372,Seed Funding
278,283,2018-04-02,benepik,Technology,Enhanced Employee Engagement Platform,Gurugram,"Vishal Bali, Yogesh Misra, Thomas Assessments and others",Seed Funding,0.0,Seed Funding
279,284,2018-04-02,finzy,Consumer Internet,Online Loan Matchmaking Platform,Bengaluru,Undisclosed,Seed Funding,12.4761,Seed Funding
280,285,2018-04-04,varthana,Finance,Loans and Services To Affordable Private Schools in India,Bengaluru,"ChrysCapital, Existing investors, Elevar Equity, LGT Impact, Omidyar Network and Kaizen Private Equity also participated in the round",Private Equity,527.835,Private Equity
281,286,2018-04-05,indigolearn,Ed-Tech,Online Education Platform,Hyderabad,"Maheshwar Peri, founder and chairman of career information portal Careers360, and Jamshed Jeejeebhoy, director at Byramjee Jeejeebhoy Pvt. Ltd were among the angels",Seed Funding,1.43955,Seed Funding
282,287,2018-04-05,vedantu,Ed-Tech,Interactive Online Tutoring Platform,Bangalore,"Accel Partners, Tiger Global And Others",Private Equity,95.97,Private Equity
283,288,2018-04-09,kaleidofin,Fiinance,Digital Financial Services Platform,Chennai,Omidyar Network. Blume Ventures and Professor Shlomo Ben-Haim,Seed Funding,26.8716,Seed Funding
284,289,2018-04-09,pipabella,Consumer Internet,Fashion Accessories Etailer,Mumbai,Fireside Ventures,Seed Funding,9.597,Seed Funding
285,290,2018-04-09,elemential,Technology,Blockchain Platform,Mumbai,"Matrix Partner, Amrish Rau, Investopad, Digital Currency Group, Hinduja Group, Lightspeed India, Eight Innovate, Amit Ranjan, Prashant Malik and others",Seed Funding,0.0,Seed Funding
286,291,2018-04-09,kriger campus,Ed-Tech,Mobile-Based Education Network,Delhi,Undisclosed,Seed Funding,0.44280558,Seed Funding
287,292,2018-04-10,loanzen,Finance,Digital Lending Platform In Logistics,Bengaluru,Kae Capital Management,Seed Funding,0.0,Seed Funding
288,293,2018-04-10,traveltriangle,Consumer Internet,Online Travel Marketplace,Gurugram,"Fundamentum, SAIF Partners, Bessemer Venture Partners, RB investments & Others",Private Equity,115.164,Private Equity
289,294,2018-04-12,letsmd,Healthcare,Platform To Discover Healthcare Financing Options,Delhi,"SRI Capital, Waterbridge Ventures and ThinKuvate",Seed Funding,9.597,Seed Funding
290,295,2018-04-12,ayefinance,Finance,Online Lending Platform,Gurugram,"BlueOrchard Finance Ltd, Hinduja Leyland Finance and IntelleGrow",Debt Funding,44.1462,Debt Funding
291,296,2018-04-13,mintifi,Finance,Online Lending Platform,Mumbai,Lok Capital,Seed Funding,19.194,Seed Funding
292,297,2018-04-16,icanstay,Consumer Internet,Online Platform For Luxury Hotel Stay For Business Travelers,Delhi,Mr. Manoj Prasad,Seed Funding,4.7985,Seed Funding
293,298,2018-04-16,pregbuddy,Healthcare,Connected Care App For Pregnant Women,Bengaluru,"Rajan Anandan, Madhusudhan Kannan, Jayant Kadambi, Puneet Gupta and Pradeep K Jaisingh",Seed Funding,0.0,Seed Funding
294,299,2018-04-18,coverfox,Consumer Internet,Online Insurance Aggregator,Mumbai,"International Finance Corporation, Transamerica and others.",Private Equity,211.134,Private Equity
295,300,2018-04-19,lenskart,Consumer Internet,Online Eyewear Retailer,Faridabad,TR Capital,Private Equity,0.0,Private Equity
296,301,2018-04-19,mamaearth,Healthcare,Online Baby care Products,Gurugram,Shilpa Shetty Kundra,Private Equity,0.0,Private Equity
297,302,2018-04-19,fyle technologies,Technology,AI Based Expense Management Platform,Bengaluru,Pravega Ventures and Beenext,Seed Funding,10.5567,Seed Funding
298,303,2018-04-19,true balance,Technology,Mobile Balance Checking App,Gurugram,"Line Ventures Corporation, Line Corp, Naver, Shinhan Bank and TS Investment",Private Equity,220.731,Private Equity
299,304,2018-04-22,visit,Healthcare,AI Driven Health tech Platform,Delhi,"Biz Stone, Kunal Bahl, Rohit Bansal, Alagu Periyannan and Karthee Madasamy",Private Equity,0.0,Private Equity
300,305,2018-04-22,doxper,Healthcare,Digitized Health-Tech Solutions For Practitioners,Mumbai,Vidal Healthcare,Seed Funding,18.2343,Seed Funding
301,306,2018-04-22,nykaa,Consumer Internet,Beauty e-tailer,Mumbai,"Sunil Munjal, Harsh Mariwala, Dalip Pathak and Others",Private Equity,105.567,Private Equity
302,307,2018-04-23,mihuru,Finance,Online Platform Providing Micro Loans For Air Travel,Mumbai,Undisclosed,Seed Funding,1.43955,Seed Funding
303,308,2018-04-23,capital float,Finance,Online Lending Platform,Bengaluru,Amazon,Private Equity,211.134,Private Equity
304,309,2018-04-25,trip shelf,Consumer Internet,Online Travel Marketplace,Delhi,"GEMS Advisory, Alok Mittal and Sachin Bhatia",Seed Funding,2.360862,Seed Funding
305,310,2018-04-26,popxo,Technology,Women Focussed Digital Media Platform,Delhi,"Neoplux, OPPO, IDG Ventures India, Kalaari Capital, GREE Ventures and Summit Media",Private Equity,52.7835,Private Equity
306,311,2018-04-26,railyatri,Consumer Internet,Online Travel Ticketing Platform,Noida,"Omidyar Network, Nandan Nilekani, Blume Ventures, Helion Venture Partners",Private Equity,0.0,Private Equity
307,312,2018-04-27,1mg,Consumer Internet,Online Pharmacy Store,Gurugram,"Sequoia Capital, Maverick Capital Ltd and HBM Healthcare Investments Ltd",Private Equity,95.97,Private Equity
308,313,2018-04-29,rubique,Consumer Internet,Online Lending MarketPlace,Mumbai,"Emery Capital, Blacksoil and Kalaari Capital",Private Equity,0.0,Private Equity
309,314,2018-04-30,samco,Consumer Internet,Online Stock Broker,Mumbai,Bay Capital Investments and Others,Private Equity,71.9775,Private Equity
310,315,2018-04-30,myloancare,Finance,B2C Online Loans Marketplace,Gurgaon,SAR Group,Seed Funding,9.385866,Seed Funding
311,316,2018-03-01,pharmeasy,Consumer Internet,Online Pharmacy Store,Mumbai,"Bessemer Venture Partners and Orios Venture Partners, JM Financials and MEMG",Private Equity,0.0,Private Equity
312,317,2018-03-01,buddy4studdy,Consumer Internet,Online Scholarship Portal,Noida,CBA Capital and others,Private Equity,28.791,Private Equity
313,318,2018-03-01,urban ladder,E-Commerce,Online Furniture Store,Bengaluru,"Sequoia Capital, SAIF Partners and Kalaari capital",Private Equity,115.164,Private Equity
314,319,2018-03-03,kuvera,Consumer Internet,Online Financial Planning,Bengaluru,"Baskar Subramanian, Saket Kumar, Gaurav Suri and Ankit Kesarwani",Seed Funding,2.39925,Seed Funding
315,320,2018-03-04,gramophone,Technology,Agri-tech,Indore,InfoEdge,Seed Funding,9.597,Seed Funding
316,321,2018-03-05,wellthy,Healthcare,Therapeutics,Mumbai,"Ranjan Pai, Apoorva Patni, Beenext Ventures,GrowX Ventures",Private Equity,20.1537,Private Equity
317,322,2018-03-05,medgenome,Healthcare,"Genetic Screening, DNA Diagnostics Labs & Research Centers",Bengaluru,"HDFC Life, HDFC Asset Management",Private Equity,95.97,Private Equity
318,323,2018-03-05,finova capital,Consumer Internet,Online Lending,Jaipur,Sequoia Capital,Private Equity,57.582,Private Equity
319,324,2018-03-05,hotelogix,Technology,Cloud based Online Hotel Management Software,Noida,"Vertex Ventures, Accel Partners and Saama Capital",Private Equity,47.985,Private Equity
320,325,2018-03-04,livehealth,Consumer Internet,Health Service Aggregator Platform,Pune,Nexus Venture Partners,Seed Funding,10.5567,Seed Funding
321,326,2018-03-06,ad2pro,Technology,"Creative Design, Brand, Media and Technology Platform Solutions",Chennai,Avendus Finance Pvt. Ltd,Debt Funding,93.0909,Debt Funding
322,327,2018-03-06,coverfox,Consumer Internet,Online Insurance Aggregator,Mumbai,Aegon NV,Private Equity,72.9372,Private Equity
323,328,2018-03-08,pepperfry,Consumer Internet,Online Furniture Shopping Store,Mumbai,State Street Global Advisors,Private Equity,368.5248,Private Equity
324,329,2018-03-08,magicpin,Consumer Internet,Hyperlocal Discovery,Gurugram,Trifecta Capital,Debt Funding,9.597,Debt Funding
325,330,2018-03-12,healthcare,Consumer Internet,Healthcare Aggregator,Mumbai,HR Fund,Seed Funding,9.597,Seed Funding
326,331,2018-03-13,pinelabs,Technology,Digital Payment Platform,Mumbai,"Actis, Altimeter Capital",Private Equity,786.954,Private Equity
327,332,2018-03-14,stumagz,Consumer Internet,Online Communication and Collaboration Platform For Educational Institutions,Hyderabad,"Venkat Subramanian, Sudhakar Pennam, and other tech investors from Silicon Valley",Seed Funding,0.0,Seed Funding
328,333,2018-03-14,availfinance,Consumer Internet,Online Lending Platform,Bengaluru,"Matrix Partners, Bhavish Aggarwal, Ankit Bhati, Binny Bansal, Kunal Shah and Manish Patel.",Private Equity,165.0684,Private Equity
329,334,2018-03-15,grofers,Consumer Internet,Online Grocery Shop,Gurugram,"SoftBank, Tiger Global and Apoletto Managers.",Private Equity,595.014,Private Equity
330,335,2018-03-19,fingerlix,Consumer Internet,Ready To cook Food Solution,Mumbai,Alteria Capital,Debt Funding,12.57207,Debt Funding
331,336,2018-03-19,karma healthcare,Healthcare,Technology enabled equitable healthcare for India,Udaipur,"1Crowd, Ankur Capital",Seed Funding,4.7985,Seed Funding
332,337,2018-03-19,zappfresh,Food & Beverages,Online Raw Meat E-tailer,Gurugram,"Amit Burman, SIDBI Venture Capital",Seed Funding,28.791,Seed Funding
333,338,2018-03-19,customersucessbox,Technology,Customer Success Software for B2B SaaS,Gurugram,"Pi Ventures, Axilor Ventures",Seed Funding,9.597,Seed Funding
334,340,2018-03-21,gigindia,Consumer Internet,Micro Jobs Provider For Students,Pune,"Jessica Wong, Hiro Mashita, Xue Manzi and Yiyun Zhang.",Seed Funding,0.0,Seed Funding
335,341,2018-03-22,chargebee,Technology,Subscription Billing & Recurring Payments Software,Chennai,"Insight Venture Partners, Accel Partners and Tiger Global Management.",Private Equity,172.746,Private Equity
336,342,2018-03-22,i2i funding,Consumer Internet,Online loan platform,Noida,SucSEED Venture Partners,Seed Funding,7.370496,Seed Funding
337,343,2018-03-22,slang labs,Technology,Voice-based assistant platform,Bengaluru,Endiya Partners,Seed Funding,11.90028,Seed Funding
338,344,2018-03-22,urbanpiper,Technology,Online ordering solution for restaurants and food chains,Bengaluru,"Kumar Vembu, Axilor Ventures",Seed Funding,0.0,Seed Funding
339,345,2018-03-26,cash suvidha,Consumer Internet,Online loan platform,Delhi,"Initia Holdings,Vipin Agarwal and others.",Seed Funding,9.597,Seed Funding
340,346,2018-03-28,roadcast,Technology,Fleet management and asset monitoring platform,Delhi,Undisclosed,Private Equity,2.39925,Private Equity
341,347,2018-03-28,smartcoin,Finance,Micro lending company,Bengaluru,"Accion Venture Lab, Unicorn India Ventures and ISME ACE.",Seed Funding,19.194,Seed Funding
342,348,2018-03-27,the print,Media,News portal,Delhi,Ratan Tata,Seed Funding,5.134395,Seed Funding
343,349,2018-03-27,driveu,Technology,Professional Car Drivers Hiring App,Bengaluru,Amit Singhal and Unitus Seed Fund,Private Equity,28.791,Private Equity
344,350,2018-03-29,fynd,Consumer Internet,O2O fashion ecommerce platform,Mumbai,"Google, Kae Capital, IIFL, Singularity Ventures, GrowX, Tracxn Labs, Venture Catalyst, Patni family office and Axis Capital.",Seed Funding,0.0,Seed Funding
345,351,2018-02-01,bigbasket,Consumer Internet,Online Grocery & Food Store,Bengaluru,"Alibaba, Helion Venture Partners, Bessemer Venture Partners, Ascent Capital",Private Equity,2879.1,Private Equity
346,352,2018-02-01,zomato,Food and Beverages,Food Ordering and Restaurant Discovery,Gurugram,Ant Financials,Private Equity,1919.4,Private Equity
347,353,2018-02-05,pratilipi,Publishing,E-Publishing,Bengaluru,Omidyar Network,Private Equity,41.2671,Private Equity
348,354,2018-02-05,asia institute of medical science,Healthcare,Super-specialty Hospital,Faridabad,CDC Group Plc,Private Equity,201.537,Private Equity
349,355,2018-02-05,collegedekho,Consumer Internet,Online platform for Higher Education Services,Gurugram,"Man Capital LLP, Girnar Software, Others",Private Equity,19.194,Private Equity
350,356,2018-02-06,foodmemories,Consumer Internet,Online Food Marketplace,Ahemdabad,"Bhavesh Manglani, Suraj Saharan, Darshan Upadhyay, Sanjay Notani & Others",Seed Funding,0.0,Seed Funding
351,357,2018-02-06,healthi,Healthcare,Preventive Health Checkup,Bengaluru,Montane Ventures,Private Equity,29.7507,Private Equity
352,358,2018-02-07,swiggy,Food and Beverages,Online Food Delivery,Bengaluru,Naspers,Private Equity,959.7,Private Equity
353,359,2018-02-08,shape,Healthcare,"Online Portal for Diet,fitness and Beauty",Pune,Sandeep Mathur,Seed Funding,959.7,Seed Funding
354,360,2018-02-08,icertis,Consumer Internet,Enterprise Contract Management Platform,Pune,Meritech Capital Partners,Private Equity,479.85,Private Equity
355,361,2018-02-09,healthifyme,Healthcare,Mobile Weight Loss Coach,Bengaluru,Sistema Asia Fund,Private Equity,115.164,Private Equity
356,362,2018-02-09,medtel,Healthcare,Virtual health clinics,Bhubaneswar,British and Indian Governments,Private Equity,0.0,Private Equity
357,363,2018-02-09,rupeek,Consumer Internet,Online Gold Loan,Bengaluru,"Accel Partners, Sequoia Capital",Private Equity,65.54751,Private Equity
358,364,2018-02-09,webengage,Technology,Marketing Cloud for consumer businesses,Mumbai,Social Capital,Private Equity,0.0,Private Equity
359,365,2018-02-12,lendingkart,Finance,Online Lending Platform,Bengaluru,Fullerton Financial Holdings Pte Ltd & Others,Private Equity,834.939,Private Equity
360,366,2018-02-12,wydr,Consumer Internet,B2B Marketplace,Gurugram,"Bessemer Venture Partners, Stellaris Venture Partners, Axis Capital, Singapore, Jungle Venture Partners",Private Equity,0.0,Private Equity
361,367,2018-02-12,cashify,E-Commerce,Online Selling,Gurugram,Trifecta Capital,Debt Funding,8.974049133,Debt Funding
362,368,2018-02-13,holachef,Food and Beverages,Online Food Delivery,Mumbai,Ashok Kumar Gajera,Seed Funding,2.9865864,Seed Funding
363,369,2018-02-13,awaaz de,Technology,Mobile Solutions for Social Impact,Ahmedabad,Tribe Impact Capital LLP,Seed Funding,0.0,Seed Funding
364,370,2018-02-13,imax program,Ed-Tech,Individualised Progressive Learning Program,Bengaluru,"Michael & Susan Dell Foundation, LGT Impact Ventures",Private Equity,129.5595,Private Equity
365,371,2018-02-14,littlemore,Ed-Tech,Online Education Platform,Chennai,Kalpavriksh,Private Equity,28.791,Private Equity
366,372,2018-02-14,toppr,Ed-Tech,Online Education Platform,Mumbai,Axis Capital Partners,Private Equity,0.9597,Private Equity
367,373,2018-02-14,shirsa labs,Ed-Tech,Integrated Kids Engagement Company,Mumbai,"Dewang Neralla, Mahesh Kothurkar,Atul Agarwal",Private Equity,4.7985,Private Equity
368,374,2018-02-14,moneyonmobile,Technology,mobile payment platform,Mumbai,S7 Group,Private Equity,47.985,Private Equity
369,375,2018-02-15,petsutra,Consumer Internet,Online Pet Care Products,Gurugram,Michael Patrick Hickey,Seed Funding,1.424521098,Seed Funding
370,376,2018-02-15,infibeam,E-Commerce,Online Retailing,Ahemadabad,Network 18,Private Equity,59.78931,Private Equity
371,377,2018-02-16,happay,Finance,Expense Management,Bengaluru,Sequoia and Jerry Yang,Seed Funding,2.39925,Seed Funding
372,378,2018-02-16,fincash,Finance,Fin-Tech,Mumbai,"Mohammed Khan, Sameer Narayan & Others",Seed Funding,1.43955,Seed Funding
373,379,2018-02-19,ayefinance,Finance,Online Lending,Gurugram,"Hinduja Leyland Finance, IntelleGrow",Private Equity,36.4686,Private Equity
374,380,2018-02-20,agricxlab,Agriculture,Agri-tech,Mumbai,Ankur Capital,Seed Funding,4.7985,Seed Funding
375,381,2018-02-21,udaan,E-Commerce,B2B Marketplace,Bengaluru,Lightspeed & Yuri Milner,Private Equity,479.85,Private Equity
376,382,2018-02-21,capillary,IT,SaaS,Bengaluru,"Wargburg Pincus, Sequoia",Private Equity,191.94,Private Equity
377,383,2018-02-21,the healthy billions,Healthcare,Analytics,Gurugram,"Blume Ventures, HealthQuad and Fireside Ventures",Private Equity,20.1537,Private Equity
378,384,2018-02-21,highradius,Technology,Cloud-based Software,Hyderabad,"PNC, Citi Ventures",Private Equity,0.0,Private Equity
379,385,2018-02-26,avishkaar box,Ed-Tech,Education,Delhi,Auxano Deals,Private Equity,7.4136825,Private Equity
380,386,2018-02-26,planys technologies,Technology,Robotic InspectionStartup,Chennai,"Kris Gopalakrishnan, Pratithi Investment Trust, MEMG Family Office, S Gopal",Private Equity,9.98088,Private Equity
381,387,2018-02-27,lollypop,Technology,Digital Design,Bengaluru,Dr Devi Shetty,Seed Funding,0.0,Seed Funding
382,388,2018-02-27,trilyo,Technology,AI platform for hospitality industry,Mumbai,"Startup Buddy,Amit Manocha and others",Seed Funding,2.39925,Seed Funding
383,389,2018-02-28,gaana,Technology,Online Music Streaming,Gurugram,"Tencent Holdings Ltd, Times Internet",Private Equity,1103.655,Private Equity
384,390,2018-02-28,credy,IT,SaaS,Bengaluru,"Y Combinator, Khosla Ventures, Vy Capital and others",Seed Funding,13.4358,Seed Funding
385,391,2018-02-28,predible health,Healthcare,Cancer radiology,Bengaluru,Unitus Seed Fund,Seed Funding,0.0,Seed Funding
386,392,2018-01-02,clevertap,Technology,Mobile App Analytics,Mumbai,"Recruit Holdings, Sequoia Capital India, Accel Partners",Seed Funding,0.0,Seed Funding
387,393,2018-01-04,earlysalary,Finance,Online Lending,Pune,Eight Roads Ventures India,Private Equity,150.6729,Private Equity
388,394,2018-01-05,wotu,E-commerce,Food and Beverages,Bengaluru,"Claris Capital, Mumbai Angels Network",Seed Funding,0.0,Seed Funding
389,395,2018-01-08,daaki,E-commerce,Sports Nutrition Supplement etailer,Bengaluru,Rohan Agila,Seed Funding,0.0,Seed Funding
390,396,2018-01-09,lendingkart,Finance,Online Lending,Ahmedabad,Nederlandse Financierings-Maatschappij voor Ontwikkelingslanden N.V.,Debt Funding,45.1059,Debt Funding
391,397,2018-01-09,kinsane entertainment inc,Entertainment,Digital Entertainment for Children,Mumbai,Undisclosed,Seed Funding,23.9925,Seed Funding
392,398,2018-01-10,tapzo,Technology,Personal Assistant,Bengaluru,RuNet & Other,Private Equity,18.52221,Private Equity
393,399,2018-01-10,appario retail pvt ltd.,E-commerce,Retail,Delhi,Amazon-Patni JV,Private Equity,180.80748,Private Equity
394,400,2018-01-10,samunnati,Finance,Agricultural Loan,Chennai,"responsAbility, Elevar Equity and Accel Partners",Private Equity,225.5295,Private Equity
395,401,2018-01-10,sahajanand medical technologies,Technology,Medical Devices,Surat,Morgan Stanley Private Equity Asia,Private Equity,347.69931,Private Equity
396,402,2018-01-12,kuants,Technology,Algorithmic Trading,Gurgaon,"Pankaj Chopra, Ankush Gupta",Seed Funding,0.76776,Seed Funding
397,403,2018-01-12,razorpay,Technology,Payment Gateway,Bengaluru,"Tiger Global, Y Combinator",Private Equity,191.94,Private Equity
398,404,2018-01-15,streak,Technology,Algorithmic Trading,Bengaluru,"Indian fintech fund, Rainmatter",Seed Funding,3.4030962,Seed Funding
399,405,2018-01-15,pi ventures,Finance,Venture Capital,Bengaluru,"Sunil Kant Munjal, Hero Electronix\\xe2\\x80\\x99s corporate financing arm, Electronic Development Fund",Private Equity,239.925,Private Equity
400,406,2018-01-15,newgen software,Technology,IT,New Delhi,"Goldman Sachs, hedge fund & Others",Private Equity,191.94,Private Equity
401,407,2018-01-17,rubix,Technology,Education,Pune,Polaris Fund,Private Equity,9.597,Private Equity
402,408,2018-01-18,sharechat,Technology,Social,Bengaluru,"Xiaomi Singapore, Shunwei Capital",Private Equity,174.6654,Private Equity
403,409,2018-01-22,paperflite,Technology,IT,Chennai,The Chennai Angels,Seed Funding,3.8388,Seed Funding
404,410,2018-01-22,hungerbox,Consumer Internet,Food and Beverages,Bangalore,Lionrock Capital,Private Equity,23.9925,Private Equity
405,411,2018-01-22,skillate,Technology,Artificial Intellegence,Bengaluru,"Incubate Fund India, Anuj Agrawal",Private Equity,0.0,Private Equity
406,412,2018-01-22,optacredit,Finance,Alternative Lending,Chennai,DMI Finance,Private Equity,38.388,Private Equity
407,413,2018-01-22,aeon learning,Technology,Education,Bengaluru,Dr. Ranjan Pai,Private Equity,30.7104,Private Equity
408,414,2018-01-23,milkbasket,E-commerce,Online Grocery,Gurugram,Unilever Ventures,Private Equity,28.791,Private Equity
409,415,2018-01-24,neogrowth credit,Finance,Digital Lending,Mumbai,"LeapFrog Investments, Aspada Investment, Quona Capital",Private Equity,451.059,Private Equity
410,416,2018-01-24,rao iit academy,Education,Coaching Services,Mumbai,Avendus Finance,Debt Funding,82.5342,Debt Funding
411,417,2018-01-24,aye finance,Finance,Online Lending,Gurugram,IFMR Capital,Debt Funding,59.88528,Debt Funding
412,418,2018-01-25,glassic,Ecommerce,Eyewear,Bengaluru,"Chennai Angels, Lead Angels, LetsVenture",Seed Funding,0.0,Seed Funding
413,419,2018-01-25,greyatom,Technology,Education,Mumbai,Pravega Ventures,Private Equity,9.597,Private Equity
414,420,2018-01-26,axio,Healthcare,Hemostatic Dressing Solutions,Bengaluru,RNT Capital,Private Equity,71.0178,Private Equity
415,421,2018-01-29,ekincare,Healthcare,Technology,Hyderabad,"Ventureast, Endiya Partners, Eight Roads Ventures, Touchstone Equities, BVR Mohan Reddy",Private Equity,14.3955,Private Equity
416,422,2018-01-29,the wedding brigade,Consumer internet,Online Services,Mumbai,Blume Ventures,Private Equity,9.597,Private Equity
417,423,2018-01-30,peesafe,Healthcare,Hygiene,Gurugram,"Shivani Singh, Rahul Maroli, Mitesh Shah, Venture Catalysts, Alfa Capital, Green Shots Capital, Real Time Ventures.",Private Equity,9.597,Private Equity
418,424,2018-01-30,browserstack,Technology,Browser Testing,Mumbai,Accel Partners,Private Equity,479.85,Private Equity
419,425,2018-01-30,scapic,Technology,Virtual Reality,Bengaluru,"Axilor Ventures, Newfort Capital",Seed Funding,4.7985,Seed Funding
420,426,2018-01-30,moneyonmobile,Technology,Mobile Payment Platform,Mumbai,Undisclosed Investors,Private Equity,72.9372,Private Equity
421,427,2018-01-30,curefit,Healthcare,Fitness,Bengaluru,"HDFC Bank, Axis Bank",Debt Funding,95.97,Debt Funding
422,428,2018-01-31,inurture,Technology,Education Solutions,Bengaluru,Ventureast,Private Equity,42.2268,Private Equity
423,429,2017-12-01,strata enviro,Technology,IoT based air pollution controller,Mumbai,Scale Minds,Private Equity,0.0,Private Equity
424,430,2017-12-05,dunzo,Technology,Daily Task Management Mobile App,Bangalore,Google,Private Equity,118.0431,Private Equity
425,431,2017-12-05,tata housing,Real Estate,Residential Project,Mumbai,Hines,Private Equity,220.731,Private Equity
426,432,2017-12-05,handytrain,Technology,Mobile Learning Management Platform,Goa,NB Ventures,Private Equity,9.597,Private Equity
427,433,2017-12-05,mobycy,Technology,Bicycle sharing Platform,Gurgaon,Undisclosed Investors,Seed Funding,4.7985,Seed Funding
428,434,2017-12-06,greenlight planet,Technology,Off-grid solar products platform,Mumbai,"Apis Partner, Eight Roads Ventures, Bamboo Capital Partners",Private Equity,575.82,Private Equity
429,435,2017-12-06,fintobox,Technology,Child Learning & Development Platform,Chennai,Lightbox,Private Equity,67.179,Private Equity
430,436,2017-12-07,mswipe,Technology,Mobile point of sale services provider,Mumbai,Eduardo Saverin,Private Equity,95.97,Private Equity
431,437,2017-12-07,the label life,E-Commerce,Home Decor and Online Fashion Portal,Mumbai,Kalpvriksh,Private Equity,29.7507,Private Equity
432,438,2017-12-07,cygnus hospitals,Healthcare,Super speciality Hospitals,Gurgaon,Somerset Indus Capital Ventures,Seed Funding,7.19775,Seed Funding
433,439,2017-12-07,eshakti,Ecommerce,"""Women\\'s Fashion Clothing Online Platform""",Chennai,IDG Ventures,Debt Funding,22.0731,Debt Funding
434,440,2017-12-08,inshorts,Technology,Mobile News Curation App,Noida,Tiger Global,Private Equity,47.985,Private Equity
435,441,2017-12-11,vahdam tea,E-Commerce,Online Platform Selling Indian Tea Globally,Delhi,"Singapore Angel Network, Mumbai Angel",Private Equity,14.3955,Private Equity
436,442,2017-12-11,logic roots,Technology,Educational Platform to Learn Mathematics,Mumbai,Village Capital,Seed Funding,0.47985,Seed Funding
437,443,2017-12-11,project mudra,Technology,Assisting Visually Impaired to learn through Braille,Bengaluru,Village Capital,Seed Funding,0.47985,Seed Funding
438,444,2017-12-11,furlenco,Technology,Furniture Rental Platform,Bengaluru,Aamir Khan,Debt Funding,11.5164,Debt Funding
439,445,2017-12-12,i can stay,Technology,Hotel Aggregator Platform,Delhi,HT Media,Private Equity,17.2746,Private Equity
440,446,2017-12-12,fracktal works,Technology,Platform based on 3D printing and Digital Manufacturing,Bengaluru,Hyderabad Angels,Seed Funding,0.0,Seed Funding
441,447,2017-12-12,simility,Technology,Adaptive Fraud Intelligence Platform,Hyderabad,Accel Partners,Private Equity,167.9475,Private Equity
442,448,2017-12-12,shopholix,E-Commerce,Fashion and Lifestyle Coupon Platform,Gurgaon,Munesh Khanna,Seed Funding,2.236101,Seed Funding
443,449,2017-12-13,mindtickle,Technology,Gamification Platform to train Sales People,Pune,Canaan Partners,Private Equity,259.119,Private Equity
444,450,2017-12-13,nazara technologies,Technology,Mobile Games Development Firm,Mumbai,Rakesh Jhunjhunwala,Private Equity,259.119,Private Equity
445,451,2017-12-13,docsapp,Technology,Mobile Application for Doctor Consultation,Bengaluru,Bessemer Venture Partners,Private Equity,69.0984,Private Equity
446,452,2017-12-13,capita world,Technology,Artificial Intelligence Platform to Raise Funds,Mumbai,"Mohan Tanksale, Kiran Shetty, Darshak Shah, Mandar Mhatre",Private Equity,0.0,Private Equity
447,453,2017-12-14,tea box,E-Commerce,Fresh Indian Tea Selling Platform across 112 countries,Bengaluru,RB Investments,Private Equity,67.179,Private Equity
448,454,2017-12-14,transversal technologies,Technology,Hyperlocal Video Information Sharing Platform,Bengaluru,Matrix Partners,Private Equity,57.582,Private Equity
449,455,2017-12-14,curofy,Technology,Mobile App for Network of Doctors,Gurgaon,RoundGlass Partners LLC,Seed Funding,2.39925,Seed Funding
450,456,2017-12-14,homelane,E-Commerce,Online Furniture Marketplace,Bengaluru,"Accel Partners, Sequoia Capital, RB Investments",Private Equity,95.97,Private Equity
451,457,2017-12-14,wedosky,Technology,Provides Business Insights using Drone Imaginary,Delhi,Mumbai Angels Network,Private Equity,0.0,Private Equity
452,458,2017-12-15,purplle,E-Commerce,Beauty Products Online Marketplace,Mumbai,"Mountain Pain Capital, Suncoast Investments",Seed Funding,5.153589,Seed Funding
453,459,2017-12-15,cash suvidha,E-Commerce,Online Micro-Lending Platform,Delhi,Undisclosed,Debt Funding,25.9119,Debt Funding
454,460,2017-12-18,sky met weather,Technology,Weather Forecast Platform,Noida,InsuResillience Investment Fund,Private Equity,0.0,Private Equity
455,461,2017-12-19,springboard,Technology,Online Courses and Mentoring from Experts,Bengaluru,"Costanoa, Learn Capital, Jyoti Bansal",Private Equity,91.1715,Private Equity
456,462,2017-12-19,peel works,Technology,SaaS based Big Data Analytics Platform,Mumbai,Unilever Ventures,Private Equity,0.0,Private Equity
457,463,2017-12-19,9stacks,Technology,Online Poker Platform,Delhi,"Swati Gupta, Purnima Khandelwal, Maheshwar Peri, Sanjay Singh",Private Equity,14.3955,Private Equity
458,464,2017-12-20,your quote,Technology,Vernacular and Video Content Platform,Bengaluru,"Axilor Ventures, E-City VEntures Atul Goel",Private Equity,9.597,Private Equity
459,465,2017-12-20,spandana sphoorty,Finance,Micro finance institution providing small ticket unsecured loans to women,Hyderabad,"""Kedaraa Capital, Ontario Teachers\\'""",Private Equity,187.1415,Private Equity
460,466,2017-12-21,indus os,Technology,Regional Operating System for Smartphones,Mumbai,Omidyar Network,Private Equity,38.388,Private Equity
461,467,2017-12-21,easyecom,E-Commerce,Ecommerce enabler platform,Bengaluru,"Ambarish Gupta, Aneesh Reddy, Bold Ventures, Vona Investments",Seed Funding,1.43955,Seed Funding
462,468,2017-12-21,igp.com,E-Commerce,Online Gifting Platform,Uttar Pradesh,Venture Catalysts,Private Equity,0.0,Private Equity
463,469,2017-12-26,specsmakers,E-Commerce,Online Spects Platform for Men and Women,Chennai,Eight Roads Ventures India,Private Equity,95.97,Private Equity
464,470,2017-12-27,garage on road,E-Commerce,Online vehicle service booking platform,Noida,Gaurav Gupta,Private Equity,0.0,Private Equity
465,471,2017-12-27,foyr.com,Technology,Realty Tech Startup solving real life Interior Designing problems,Hyderabad,Jones Lang LaSalle,Private Equity,36.4686,Private Equity
466,472,2017-11-02,prest loans,Finance,Business & SME Loans provider,New Delhi,"Manish Poddar, Arun Garg, Parmeshwar Sharma",Seed Funding,5.47029,Seed Funding
467,473,2017-11-02,aadharapi.com,Technology,Aadhaar-based API provider,Pune,CIO Angel Network,Seed Funding,0.0,Seed Funding
468,474,2017-11-02,freshboxx,ECommerce,Online Grocery Store,Bangalore,Jayant Humbarwadi,Seed Funding,0.0,Seed Funding
469,475,2017-11-03,vagupu,Technology,Online Tutorial Marketplace,Bangalore,Undisclosed Investors,Seed Funding,9.597,Seed Funding
470,476,2017-11-03,halaplay,Consumer Internet,Online Fantasy Games,Mumbai,"Kae Capital Management, Nazara Technologies",Seed Funding,0.0,Seed Funding
471,477,2017-11-03,kalpnik technologies,Technology,VR based Spiritual platform,Bangalore,Venture Catalysts,Seed Funding,4.7985,Seed Funding
472,478,2017-11-04,hevo data,Technology,Real time data analytics & reporting,Bangalore,IDG Ventures India,Private Equity,9.597,Private Equity
473,479,2017-11-06,smart karma,Technology,Financial Technology Research Platform,Bangalore,IDG Ventures India,Private Equity,0.0,Private Equity
474,480,2017-11-06,leverage edu,ECommerce,Online platform for Higher Education Services,New Delhi,"Alok Mittal, Deepak Jain, Ritesh Malik, Jim Schimdktke",Seed Funding,0.0,Seed Funding
475,481,2017-11-07,crayon data,Technology,Customer Engagement Platform,New Delhi,Infosys co-founder Kris Gopalakrishnan,Seed Funding,0.0,Seed Funding
476,482,2017-11-07,doctalk,Technology,Doctor Patient Communication platform,Mumbai,"Matrix Partners India, Khosla Ventures",Private Equity,47.985,Private Equity
477,483,2017-11-07,coveiot,Technology,Wearable tech and Internet of Things platform,Bangalore,"Titan Co Ltd, Tata Group\\xe2\\x80\\x99s watch and jewellery retailing firm",Private Equity,47.985,Private Equity
478,484,2017-11-08,talentedge,Technology,Distance Education Learning Platform,Bangalore,Lumis Partners,Private Equity,72.9372,Private Equity
479,485,2017-11-08,fisdom,Finance,Mutual Fund Investment App,Bangalore,Quona Capital Management,Private Equity,28.791,Private Equity
480,486,2017-11-08,farmlink,eCommerce,Online platform for Agricultural products,Mumbai,"Pioneering Ventures, Syngenta AG",Private Equity,28.791,Private Equity
481,487,2017-11-08,openapp,Technology,IoT based Tech Startup,Bangalore,"Axilor Ventures, Kumar Vembu",Private Equity,34.5492,Private Equity
482,488,2017-11-09,nopaperforms,Technology,Enrolment Management Platform,Delhi,Info Edge,Seed Funding,8.368584,Seed Funding
483,489,2017-11-09,tilite technologies pvt. ltd,Technology,Saas based Corporate Travel Management Solution,Bangalore,Matrix Partners,Seed Funding,0.0,Seed Funding
484,490,2017-11-09,mobiliz ar,Technology,Augmented Reality based Tech platform,Bangalore,"IDG Ventures, IDFC-Parampara Fund",Private Equity,0.0,Private Equity
485,491,2017-11-10,qubole,Technology,Big Data based analytics platform,Bangalore,"Singtel, Innov8, Harmony Partners",Private Equity,239.925,Private Equity
486,492,2017-11-10,happily unmarried,ECommerce,Online Gifting platform,Nw Delhi,Wipro Consumer Care,Private Equity,0.0,Private Equity
487,493,2017-11-13,universal sportsbiz pvt. ltd,ECommerce,Celebrity fashion accessories and merchandise,Mumbai,Accel Partners,Private Equity,143.955,Private Equity
488,494,2017-11-14,hungry foal,Ecommerce,Healthy & Nutrition based snacks online platform,Gurgaon,GAIL India Ltd,Seed Funding,0.0,Seed Funding
489,495,2017-11-14,active ai,Technology,AI based FinTech platform,Bangalore,Vertex Ventures,Private Equity,79.17525,Private Equity
490,496,2017-11-15,sumeru,Technology,Banking Software License Platform,Bangalore,Undisclosed Investors,Seed Funding,8.6373,Seed Funding
491,497,2017-11-15,elderaid wellness,Health Care,Social Healthcare Enterprise,Bangalore,Rugmini Menon,Angel Funding,0.0,Angel Funding
492,498,2017-11-15,omnia information,Technology,WiFi Analytics Platform,Delhi,Omidyar Network,Private Equity,28.791,Private Equity
493,499,2017-11-15,josh talks,Inspiration,Storytelling platform,Gurgaon,"Girish Mathrubootham, Apurva Chamaria, Rohit Chanana",Private Equity,0.0,Private Equity
494,500,2017-11-15,reniso,Technology,End-to-End property management for landlords living away,New Delhi,"Nishit Sharma, Alok Srivastava",Seed Funding,0.0,Seed Funding
495,501,2017-11-17,kanhaiya,Inspiration,Storytelling platform,Hyderabad,Undisclosed Investors,Seed Funding,1.9194,Seed Funding
496,502,2017-11-17,perspectico,Technology,Placement preparation and career growth training platform,Delhi,"SSCBS Innovation, Incubation Foundation (SIIF)",Seed Funding,0.0,Seed Funding
497,503,2017-11-20,onn bikes,Technology,Self riding bike rental program,Mumbai,Z Nation Lab,Seed Funding,6.641124,Seed Funding
498,504,2017-11-21,rapido,Technology,Bike and Taxi pooling online platform,Hyderabad,"Skycatcher Fund, Aravind Sanka",Seed Funding,3.15962031,Seed Funding
499,505,2017-11-21,heckyl,Technology,Big Data Analytics Platform,Mumbai,"Notion Capital, IDG Ventures",Private Equity,25.9119,Private Equity
500,506,2017-11-21,nuvepro,Technology,Managed Cloud Environment Solutions,Mumbai,1Crowd,Seed Funding,3.8388,Seed Funding
501,507,2017-11-21,redbook,Technology,AI based pharmacy drugs insights platform,Mumbai,"Vida Ventures, Dr. Aniruddha Malpani",Seed Funding,2.39925,Seed Funding
502,508,2017-11-21,portea,Healthcare,Healthcare facilities at doorstep,Bangalore,"Sabre Partners, MEMG CDC",Private Equity,249.522,Private Equity
503,509,2017-11-21,credit mate,Technology,Vehicle loan approval platform,Mumbai,Paytm,Private Equity,0.0,Private Equity
504,510,2017-11-21,epiq capital,Finance,Tech based investor firm,Mumbai,Global Institutional Investors,Private Equity,1919.4,Private Equity
505,511,2017-11-22,mistay,Technology,Online Hotel Reservation Platform,Bangalore,Axilor Ventures,Seed Funding,0.0,Seed Funding
506,512,2017-11-23,wittyfeed,Storytelling,Viral Content and storytelling platform,Indore,Sandeep Aggarwal,Seed Funding,0.0,Seed Funding
507,513,2017-11-24,idg ventures,Finance,Venture Capitalist,Bangalore,Uniliver Ventures,Private Equity,95.97,Private Equity
508,514,2017-11-24,tempgo,Technology,IoT and SaaS based transportation platform,Goa,Javelin StartupO Victory Fund,Seed Funding,2.39925,Seed Funding
509,515,2017-11-27,edelweiss,Finance,Diversified Financial,Mumbai,Undisclosed investors,Private Equity,2591.19,Private Equity
510,516,2017-11-27,era,Technology,Identity management platform,Mumbai,Amit Patni,Seed Funding,0.374283,Seed Funding
511,517,2017-11-27,smaaash,Technology,Virtual Reality based gaming platform,Mumbai,Sixth Sense Ventures,Private Equity,36.4686,Private Equity
512,518,2017-11-28,chumbak,Lifestyle,Designer-led consumer products,Bangalore,Gaja Capital,Private Equity,124.761,Private Equity
513,519,2017-11-28,fr8,Technology,Online Truck aggregator platform,Chennai,IFMR Capital,Debt Funding,14.3955,Debt Funding
514,520,2017-11-28,mobiefit,Healthcare,Health and fitness based mobile App,Goa,"NB Ventures, MediAssist",Seed Funding,12.95595,Seed Funding
515,521,2017-11-28,stanza living,Technology,Student accommodation platform,Delhi,"Matrix PArtners, Accel",Private Equity,19.194,Private Equity
516,522,2017-10-03,chqbook,Consumer Internet,Home Loans Aggregation platform,Gurgaon,"Startup Buddy, Apurva Chamaria,Sachin Arora, Bharat Gupta, Amit Manocha",Seed Funding,0.0,Seed Funding
517,523,2017-10-03,homecapital,Consumer Internet,Home Loan Down payment assistance program,Mumbai,Venture Catalysts,Seed Funding,0.0,Seed Funding
518,524,2017-10-03,ola cabs,Consumer Internet,App based cab hailing services,Bangalore,"Tencent, Softbank Group",Private Equity,1055.67,Private Equity
519,525,2017-10-04,elanic,Consumer Internet,P2P platform for Fashion sales,Bangalore,Digital Garage,Seed Funding,0.0,Seed Funding
520,526,2017-10-04,collpoll,Consumer Internet,Education collaboration platform,Bangalore,Sprout Angels,Seed Funding,2.936682,Seed Funding
521,527,2017-10-04,phonepe,Consumer Internet,Digital Wallet,Bangalore,Flipkart,Private Equity,371.4039,Private Equity
522,528,2017-10-05,little black book,Consumer Internet,Local Recommendations and Discoveries Platform,New Delhi,"Blume Ventures, IDG Ventures & Indian Angel Network",Private Equity,9.597,Private Equity
523,529,2017-10-05,oorjan,Technology,rooftop solar platform,Mumbai,Globevestor,Seed Funding,4.31865,Seed Funding
524,530,2017-10-05,zefo,ECommerce,Ecommerce Portal for Used Goods,Bangalore,"Sequoia India, Helion Venture Partners, Beenext",Private Equity,88.2924,Private Equity
525,531,2017-10-06,yaantra,ECommerce,Mobile repair and Refurbishment platform,New Delhi,Carpediem Capital,Private Equity,29.7507,Private Equity
526,532,2017-10-06,farm taaza,Technology,Fresh Produce SCM company,Bangalore,"Epsilon Venture Partners, Tara India Fund IV and others",Private Equity,76.776,Private Equity
527,533,2017-10-06,drivezy,Consumer Internet,Self Drive car and bike rental platform,Bangalore,"Das Capital, Axan Partners, Das Capital and IT Farm",Private Equity,95.97,Private Equity
528,534,2017-10-06,slice pay,Consumer Internet,Student Micro-financing platform,Bangalore,"Das Capital, Simile Ventures",Private Equity,19.194,Private Equity
529,535,2017-10-09,agrowave,Technology,Agriculture Supply Chain management solutions,Gurgaon,Daffodil Software,Seed Funding,0.0,Seed Funding
530,536,2017-10-09,mygubbi,eCommerce,Home Interior Designing Seller,Bangalore,"Firoze Irani, Vipul Parekh, Ananda Kallugadde, Rajesh K Murthy",Private Equity,25.9119,Private Equity
531,537,2017-10-09,ibsfintech,Technology,Treasury Risk Management Solution,Bangalore,Shailesh Haribhakti,Seed Funding,0.0,Seed Funding
532,538,2017-10-09,letsservice,Consumer Internet,Auto Service Logistics & SAAS platform,Bangalore,Aequs Group,Private Equity,0.0,Private Equity
533,539,2017-10-09,onestepup,Technology,Education Technology platform,New Delhi,Orient BlackSwan,Seed Funding,3.224592,Seed Funding
534,540,2017-10-09,thirdwatch,Technology,AI-powered anti-fraud solutions,Gurgaon,"Rahul Agarwalla, Keshav Sanghi, Batlivala & Karani Securities",Seed Funding,0.0,Seed Funding
535,541,2017-10-10,parallel dots,Technology,AI-powered deep learning solutions,Gurgaon,"Multipoint Capital,",Private Equity,13.4358,Private Equity
536,542,2017-10-10,easy diner,Consumer Internet,online restaurant reservation platform,Gurgaon,Saama Capital and DSG Consumer Partners,Private Equity,43.1865,Private Equity
537,543,2017-10-11,meesho,ECommerce,Online Reseller Network,Bangalore,"SAIF Partners, YCombinator, Venture Highway",Private Equity,29.7507,Private Equity
538,544,2017-10-11,stanplus,Logistics,Medical Transportation Services,Hyderabad,KStart Capital,Private Equity,10.5567,Private Equity
539,545,2017-10-12,uclid,Technology,"Education Network for Institutions, teachers & Students",Hyderabad,Undisclosed investors,Seed Funding,2.255295,Seed Funding
540,546,2017-10-13,policy bazaar,Consumer Internet,Online insurance policy aggregator,Gurgaon,"Wellington Management, DG Ventures India, True North",Private Equity,738.969,Private Equity
541,547,2017-10-13,gapoon,Consumer Internet,home maintenance services platform,Bangalore,"Vida Ventures, Snehal Mantri, Anshu Bahadur",Seed Funding,2.39925,Seed Funding
542,548,2017-10-13,chaayos,eCommerce,Online Chai ordering platform,Gurgaon,Tiger Global Management,Private Equity,19.194,Private Equity
543,549,2017-10-16,krazybee,Consumer Internet,Micro-lending platform,Bangalore,"Xiaomi Technologies, Shunwei Capital",Private Equity,76.776,Private Equity
544,550,2017-10-16,renew buy,Consumer Internet,Online Insurance Aggregator,New Delhi,Amicus Capital,Private Equity,88.2924,Private Equity
545,551,2017-10-17,fingerlix,Consumer Internet,Food Ordering Portal,Bangalore,"Accel Partners, Zephyr Peacock",Private Equity,67.179,Private Equity
546,552,2017-10-18,bank bazaar,Consumer Internet,Online Financial Marketplace,Chennai,Experian,Private Equity,67.179,Private Equity
547,553,2017-10-18,hasura,Technology,App building platform,Chennai,"Nexus, GREE Ventures",Private Equity,0.0,Private Equity
548,554,2017-10-18,blackbuck,Logistics,B2B Logistics provider,Bangalore,Innoven Capital,Private Equity,73.8969,Private Equity
549,555,2017-10-18,lenden club,Consumer Internet,Online peer-to-peer lending platform,Mumbai,Undisclosed Investor,Seed Funding,4.7985,Seed Funding
550,556,2017-10-23,toppr,Consumer Internet,Mobile based learning app,Mumbai,"SAIF Partners, Helion Ventures, FIL Capital Management",Private Equity,67.179,Private Equity
551,557,2017-10-23,raw pressery,Food & Beverage,Cold pressed Juice maker,Mumbai,"DSG Consumer Partners, Sequoia Capital, Saama Capital",Private Equity,57.582,Private Equity
552,558,2017-10-23,cashe,Consumer Internet,app-only lending platform,Mumbai,IFMR Capital,Debt Funding,29.7507,Debt Funding
553,559,2017-10-23,park easy,Consumer Internet,Machine learning based parking discovery,Kolkata,Rockstart Accelerator,Seed Funding,1.132446,Seed Funding
554,560,2017-10-24,tagbox,Technology,Cold Chain monitoring solution,Bangalore,"Indian Angel network, IAN Fund",Seed Funding,0.0,Seed Funding
555,561,2017-10-24,fyre,Food & Beverage,Herbal energy shot maker,Mumbai,Venture Catalysts,Seed Funding,4.7985,Seed Funding
556,562,2017-10-24,ziploan,Consumer Internet,SME lending platform,New Delhi,"Matrix Partners India, WaterBridge Ventures, Whiteboard Capital, Sarbvir Singh",Private Equity,28.791,Private Equity
557,563,2017-10-24,skillenza,Consumer Internet,Online Learning Platform,Bangalore,"Blume Ventures, Indian Angel Network",Seed Funding,6.929034,Seed Funding
558,564,2017-10-24,chevon,Food & Beverage,Frozen Meat provider,Mumbai,Greenfield Advisory,Private Equity,0.0,Private Equity
559,565,2017-10-25,propstory,Consumer Internet,Real Estate content portal,Gurgaon,"Abhishek Bhatewara, Vivek Shah, Haitong Securities, Suraj Saharan, Paras Arora",Seed Funding,0.0,Seed Funding
560,566,2017-10-25,spotdraft,Consumer Internet,Contract Automation,Gurgaon,"Hunch Ventures, Spiral Ventures, 500 Startups, Singapore Angel Network, Citrus Payments",Seed Funding,5.27835,Seed Funding
561,567,2017-10-26,big basket,eCommerce,Online Grocery portal,Bangalore,Helion Ventures Partners,Private Equity,47.985,Private Equity
562,568,2017-10-27,ofbusiness,Technology,B2B Finance & Fulfilment Network,Gurgaon,Kotak Mahindra Bank,Debt Funding,36.4686,Debt Funding
563,569,2017-10-27,olly credit,Technology,Credit + payment mobile app,New Delhi,"Incubate Fund, Sandesh Kirkire, Anand Kumar, Yogesh Chaudhary",Seed Funding,0.0,Seed Funding
564,570,2017-10-28,cashfree,Technology,Payments Platform for Marketplaces and Fintechs,New Delhi,Y Combinator,Seed Funding,1.15164,Seed Funding
565,571,2017-10-28,ola cabs,Consumer Internet,App based cab hailing services,Bangalore,ANI Technologies Pvt. Ltd,Private Equity,73.8969,Private Equity
566,572,2017-10-30,goldfarm,Food & Beverage,Agriculture Technology,Coimbatore,Mahindra & Mahindra and Infuse Ventures,Private Equity,19.194,Private Equity
567,573,2017-10-31,netmeds,ECommerce,Online Pharmacy,Chennai,TannCam Investment & Sistema Asia Fund,Private Equity,134.358,Private Equity
568,574,2017-10-31,mse,Finance,Equity Stock Exchange,Mumbai,"IL&FS, Trust Capital, Rosy Blue Securities, Radhakrishan Damani and Rakesh Jhunjhunwala",Private Equity,307.104,Private Equity
569,575,2017-09-01,aahaa stores,eCommece,Online B2B store for office supplies,Chennai,YourNest Angel Fund,Private Equity,9.597,Private Equity
570,576,2017-09-01,mfine,Consumer Internet,Online Doctor Discovery platform,Bangalore,"Stellaris Venture Partners, Mayur Abhaya, Rohit MA",Private Equity,14.3955,Private Equity
571,577,2017-09-01,canvera,Consumer Internet,Online Photography platform,Mumbai,InfoEdge,Private Equity,12.4761,Private Equity
572,578,2017-09-04,primaryio,Technology,Application Performance Acceleration,Pune,"Accel Partners, Exfinity Ventures, Partech Ventures",Private Equity,53.7432,Private Equity
573,579,2017-09-05,shubh loans,Consumer Internet,online lending platform,Bangalore,"SRI Capital, BeeNext, Pravega Ventures",Private Equity,14.3955,Private Equity
574,580,2017-09-05,nest education,Technology,EduTech Platform,Gurgaon,"Michael and Susan Dell Foundation, Anand Mahindra",Seed Funding,5.7582,Seed Funding
575,581,2017-09-06,lending kart,Consumer Internet,Online Lending Platform,Ahmedabad,"Bertelsmann India, Mayfield Capital, Saama Capital, Darrin Capital",Private Equity,103.16775,Private Equity
576,582,2017-09-06,gofro,Consumer Internet,Online travel booking platform,New Delhi,"HIS Co. Ltd, MakeMyTrip",Private Equity,95.97,Private Equity
577,583,2017-09-06,oncostem,Healthcare,Medical Diagnostic Solutions,Bangalore,"Sequoia Capital India, Artiman Ventures",Private Equity,57.582,Private Equity
578,584,2017-09-06,power2sme,eCommerce,Buying Club for Small Businesses,Gurgaon,"International Finance Corporation (IFC), Inventus Capital Partners, Accel Partners, Kalaari Capital, and Nandan Nilekani,",Private Equity,249.522,Private Equity
579,585,2017-09-07,credit vidya,Consumer Internet,Online Credit scoring platform,Mumbai,Matrix Partners,Private Equity,47.985,Private Equity
580,586,2017-09-07,tails life,Consumer Internet,Pet care portal & mobile app,Bangalore,V Balakrishnan.,Private Equity,0.0,Private Equity
581,587,2017-09-07,oyo rooms,Consumer Internet,Branded budget hotels marketplace,Gurgaon,"SoftBank Group, Sequoia Capital India, Lightspeed Venture Partners, Greenoaks Capital, Hero Enterprise",Private Equity,2399.25,Private Equity
582,588,2017-09-07,early salary,Consumer Internet,Online Unsecured Lending platform,Pune,IFMR Capital,Debt Funding,7.48566,Debt Funding
583,589,2017-09-07,mamaearth,eCommerce,online babycare products marketplace,Gurgaon,Fireside Ventures,Seed Funding,0.0,Seed Funding
584,590,2017-09-07,seniority,eCommerce,Ecommerce portal for senior citizens,Pune,RPG Enterprises,Private Equity,9.597,Private Equity
585,591,2017-09-08,aye finance,Consumer Internet,Micro Lending Platform,New Delhi,"Triodos Investment Management,",Debt Funding,66.2193,Debt Funding
586,592,2017-09-08,farmizen,Technology,Agre-Tech Mobile app,Bangalore,"Venture Highway, Alok Mittal, Mohit Agarwal, Anuj Gupta,",Seed Funding,0.0,Seed Funding
587,593,2017-09-11,ecom express,Logistics,Logistics Solutions provider,New Delhi,Warburg Pincus,Private Equity,287.91,Private Equity
588,594,2017-09-11,call health,Consumer Internet,Healthcare Services Aggregator,Hyderabad,"Sachin Tendulkar, P.V SIndhu, Pullela Gopichand",Private Equity,59.5014,Private Equity
589,595,2017-09-12,sattviko,eCommerce,Health Food etailer,New Delhi,"Raman Roy, Arvind Uppal, Sonu Bhasin, G Ravishankar",Seed Funding,0.0,Seed Funding
590,596,2017-09-12,3hcare,Consumer Internet,Healthcare services portal,New Delhi,Undisclosed Investor,Seed Funding,0.9597,Seed Funding
591,597,2017-09-12,tonbo imaging,Technology,Imaging Technology for Armed Forces,Bangalore,"WRV Capital, Qualcomm Ventures, Edelweiss Private Equity, Artiman Ventures",Private Equity,163.149,Private Equity
592,598,2017-09-12,get my parking,Consumer Internet,Smart Parking Enabler,New Delhi,"IAN Fund, Beenext, Indian Angel Network",Private Equity,28.791,Private Equity
593,599,2017-09-13,wittyfeed,Technology,Content marketing platform,Indore,"Anand Chandrasekaran, Apurva Chamaria, Ritesh Malik, Ashish Toshniwal, Ajeet Khurana",Seed Funding,0.0,Seed Funding
594,600,2017-09-13,glowroad,Consumer Internet,women focussed customer-to-customer reseller network,Bangalore,"Accel Partners,",Private Equity,19.194,Private Equity
595,601,2017-09-13,oyo rooms,Consumer Internet,udget hotel marketplace,Gurgaon,China Lodging Group,Private Equity,95.97,Private Equity
596,602,2017-09-13,unacademy,Consumer Internet,Online learning platform,Mumbai,"Sequoia Capital India, SAIF Partners, Nexus Venture Partners and Blume Ventures,",Private Equity,110.3655,Private Equity
597,603,2017-09-13,heterogenous,Technology,Telecom & IoT platform,Chennai,"Chennai Angels, Keiretsu Forum & Others",Seed Funding,7.48566,Seed Funding
598,604,2017-09-14,gurukul,Consumer Internet,co-working space provider,New Delhi,"Rohit Nanda, Rajit Nanda, Smarak Bhuyan, Sashwat Brahma,",Seed Funding,0.0,Seed Funding
599,605,2017-09-14,smaaash,Technology,Virtual Reality gaming and entertainment platform,Mumbai,ECL Finance,Private Equity,422.268,Private Equity
600,606,2017-09-14,wheelstreet,Consumer Portal,Bike Rental Platform,Bangalore,Y Combinator,Seed Funding,1.15164,Seed Funding
601,607,2017-09-14,xprep,Consumer Internet,Online Tutoring Platform,New Delhi,"Rising Stars, Manish Amin, Pallav Pandey, Chavi Jafa",Private Equity,0.0,Private Equity
602,608,2017-09-18,the moms co,eCommerce,Pregnancy & Baby Care product etailer,Gurgaon,"DSG Consumer Partners, Saama Capital",Private Equity,9.597,Private Equity
603,609,2017-09-19,noticeboard,Technology,"mobile-first communication platform for on-field staff,",Bangalore,"Shamik Sharma, Aprameya Radhakrishna",Seed Funding,0.0,Seed Funding
604,610,2017-09-19,high radius,Technology,Integrated receivables software solutions,Hyderabad,Susquehanna Growth Equity LLC,Private Equity,479.85,Private Equity
605,611,2017-09-20,hwell24 plus,Healthcare,Technology-Empowered Healthcare Solutions,Mumbai,Undisclosed Investors,Seed Funding,0.0,Seed Funding
606,612,2017-09-21,savebc,Finance,financial services firm,Gaya,Incofin Investment Management.,Private Equity,57.582,Private Equity
607,613,2017-09-21,gaming monk,Consumer Internet,E-sports platform,New Delhi,AdvantEdge,Private Equity,0.0,Private Equity
608,614,2017-09-21,91springboard,Consumer Internet,Co-working spaces,New Delhi,"Sandway Investment Ltd, Pearl Brook Holdings, Silo Holdings and Al Nour",Private Equity,0.0,Private Equity
609,615,2017-09-21,homergize,eCommerce,Home Furnishing & Building material marketplace,Bangalore,LG Chandrasekhar,Private Equity,9.597,Private Equity
610,616,2017-09-22,yatra.com,eCommerce,Online Travel Agency,Gurgaon,InnoVen Capital India,Debt Funding,147.7938,Debt Funding
611,617,2017-09-22,ace turtle,Technology,Omni-channel web commerce solutions provider,Bangalore,InnoVen Capital,Private Equity,0.0,Private Equity
612,618,2017-09-25,vogo,Consumer Internet,Scooter Rental Platform,Bangalore,AV Thomas Group,Seed Funding,0.0,Seed Funding
613,619,2017-09-25,synup,Technology,SME Marketing Management Solution,Bangalore,"Vertex Ventures, Prime Venture Partners.",Private Equity,57.582,Private Equity
614,620,2017-09-25,tinmen,Consumer Internet,Food Delivery platform,Hyderabad,Zomato Media Pvt. Ltd,Private Equity,0.0,Private Equity
615,621,2017-09-25,cropin,Technology,Crop Technology Solutions,Bangalore,Beenext,Private Equity,0.0,Private Equity
616,622,2017-09-25,rapido,Consumer Internet,Bike Aggregator Mobile App,Bangalore,Battery Road Digital Holdings LLC,Seed Funding,4.049934,Seed Funding
617,623,2017-09-25,sportobuddy,Consumer Internet,Sports & Sport related equipment portal,Mumbai,Mehul Shah,Seed Funding,1.43955,Seed Funding
618,624,2017-09-26,credifiable,Consumer Internet,Online consumer lending platform,Bangalore,Kae Capital,Private Equity,0.0,Private Equity
619,625,2017-09-26,inclov,Consumer Internet,Matchmaking app for the differently abled,Gurgaon,"Rajan Anandan, Jamil Khatri, Ravi Iyer, Raghav Bahl",Seed Funding,0.0,Seed Funding
620,626,2017-09-26,multibhashi,Consumer Internet,Language learning Mobile App,Bangalore,"Aniruddha Malpani, Startup Oasis",Seed Funding,0.0,Seed Funding
621,627,2017-09-27,transerve,Technology,Geospatial Technology-based SaaS solutions,Mumbai,"IL&FS Investment Managers, Omidyar Network.",Private Equity,15.3552,Private Equity
622,628,2017-09-27,fashalot,Consumer Internet,O2O fashion discovery platform,Gurgaon,"Capillary Technologies, Whiteboard Capital, YourNest Angel Fund, Rajul Garg",Private Equity,0.0,Private Equity
623,629,2017-09-27,pitstop,Consumer Internet,Car repair and Servicing Platform,Bangalore,"Blume Ventures, Goldbell Group, Anurag Srivastava, Shailesh Rao, Amiya Pathak, Rajesh Yohanan and Rahul Garg",Private Equity,9.597,Private Equity
624,630,2017-09-27,gochoppers,Consumer Internet,Luxury Helicopter Tourism Services portal,Gurgaon,"Rivergate Capital,",Seed Funding,0.0,Seed Funding
625,631,2017-09-27,myupchar,Consumer Internet,Local Language Health Information portal,New Delhi,LetsVenture,Seed Funding,2.8791,Seed Funding
626,632,2017-09-28,aadyah,Technology,Defense Tech & Aerospace startup,Bangalore,Keiretsu Forum,Private Equity,9.597,Private Equity
627,633,2017-08-01,touchkin,Technology,Predictive Care Platform,Bangalore,Kae Capital,Private Equity,12.4761,Private Equity
628,634,2017-08-02,ethinos,Technology,Digital Marketing Agency,Mumbai,Triton Investment Advisors,Private Equity,0.0,Private Equity
629,635,2017-08-02,leverage edu,Consumer Internet,Online platform for Higher Education Services,New Delhi,"Kashyap Deorah, Anand Sankeshwar, Deepak Jain, Sadashiva NT, Arjun Mehta, Satish Kaul, Anindya Ghose",Seed Funding,0.0,Seed Funding
630,636,2017-08-02,zepo,Consumer Internet,DIY Ecommerce platform,Mumbai,"Kunal Shah, LetsVenture, Anupam Mittal, Hetal Sonpal",Seed Funding,4.7985,Seed Funding
631,637,2017-08-02,click2clinic,Consumer Internet,healthcare service aggregator,Hyderabad,"Narottam Thudi, Shireesh Palle",Seed Funding,8.15745,Seed Funding
632,638,2017-08-03,speedbox,Logistics,On-Demand Logistics Service provider,Mumbai,Cismat Cargo Services Pvt. Ltd.,Seed Funding,2.8791,Seed Funding
633,639,2017-08-03,skill connect,Consumer Internet,Recruitment Portal,Jaipur,Rajasthan Angel Investor Network,Seed Funding,0.0,Seed Funding
634,640,2017-08-03,chai point,Consumer Internet,Tea Delivery Portal & offline stores,Bangalore,"DSG Consumer Partners, Eight Roads Ventures India",Private Equity,0.0,Private Equity
635,641,2017-08-03,zoctr,Consumer Internet,Health Products & Services Aggregator,Mumbai,SIDBI,Private Equity,0.0,Private Equity
636,642,2017-08-04,lime tray,Technology,Restaurant Management Solutions,New Delhi,JSW Ventures,Private Equity,0.0,Private Equity
637,643,2017-08-04,coutloot,eCommerce,Fashion Resale Marketplace,Mumbai,"Anuj Puri, Redcliffe Capital, Artha India Ventures, Siddharth Kothari, Apoorv Ranjan Sharma,",Seed Funding,0.0,Seed Funding
638,644,2017-08-04,box my space,Logistics,Warehouse Aggregator,Mumbai,"R. Jayakumar, Vaibhav Vohra, Aditya Vazirani, Rhea Vazirani, AVN Business Solutions, Dreamweaver Investments",Seed Funding,0.0,Seed Funding
639,645,2017-08-05,curatio,Healthcare,Skincare Speciality services,Chennai,Anicut Capital,Private Equity,0.0,Private Equity
640,646,2017-08-08,new castle technologies,Technology,Hospital Management Software,Chennai,Undisclosed investors,Seed Funding,2.332071,Seed Funding
641,647,2017-08-08,my forex eye,Consumer Internet,foreign exchange services,New Delhi,"Rahul Dev Kumar, Rajesh Mahajan, Ankit Sharma and others",Seed Funding,2.11134,Seed Funding
642,648,2017-08-09,truxapp,Logistics,Mobile based Logistics Service,New Delhi,"Venugopal Dhoot, Ajay Bhatia, Tarun Khandelwal, Ganpat Singhvi, Mandhian family & Others",Seed Funding,29.7507,Seed Funding
643,649,2017-08-09,crofarm,Technology,Agriculture Supply Chain solutions,Gurgaon,Factor[e] Ventures,Seed Funding,7.514451,Seed Funding
644,650,2017-08-09,doodhwala,Consumer Internet,Online milk delivery,Bangalore,Tom Varkey,Seed Funding,0.0,Seed Funding
645,651,2017-08-10,stayabode,Consumer Internet,Co-Living space aggregator,Bangalore,"Incubate Fund, Sanjay Shenoy, Mridul Upreti,",Private Equity,0.0,Private Equity
646,652,2017-08-11,flipkart,eCommerce,Online Marketplace,Bangalore,Softbank,Private Equity,23992.5,Private Equity
647,653,2017-08-11,moong labs,Technology,Mobile games developer,New Delhi,Nazara Games,Private Equity,0.0,Private Equity
648,654,2017-08-11,ola cabs,Consumer Internet,App based cab aggregation Service,Gurgaon,Tekne Capital Management,Private Equity,345.492,Private Equity
649,655,2017-08-14,sports flashes,Consumer Internet,Sports Content Mobile App,New Delhi,"Bennett, Coleman and Company Ltd (BCCL),",Private Equity,0.0,Private Equity
650,656,2017-08-14,digilend,Technology,Personal Loans & EMI solutions platform,Mumbai,"InCred Finance, Fullerton India Credit Company Ltd",Seed Funding,2.994264,Seed Funding
651,657,2017-08-15,knab finance,Consumer Internet,Unsecured Small Business Loans,Bangalore,"InCred, Krishnakumar Natarajan, Ravi Bhardwaj",Seed Funding,3.694845,Seed Funding
652,658,2017-08-17,get simpl,Consumer Internet,Payment Solution Mobile app,Mumbai,"Green Visor Capital LP II, IA Venture Strategies Fund II LP, Boillot Family Trust, Russell M Byrne, The Oliver R. Grace, Jr. Millennium Trust, SF Capital Investments LP",Seed Funding,0.0,Seed Funding
653,659,2017-08-20,rootefy,eCommerce,Building material online store,New Delhi,"Abhinav Gupta,",Seed Funding,1.794639,Seed Funding
654,660,2017-08-21,uniphore,Technology,speech recognition startup,Chennai,IDG Ventures,Private Equity,65.2596,Private Equity
655,661,2017-08-21,cerebroz,Consumer Internet,E-Tech platform,Vadodara,Undisclosed HNI\\xe2\\x80\\x99s,Seed Funding,7.044198,Seed Funding
656,662,2017-08-22,flochat,Consumer Internet,instant messaging platform,Mumbai,"iSquare Global,",Seed Funding,0.0,Seed Funding
657,663,2017-08-22,easygov,Consumer Internet,Govt service application portal,Noida,"Social Alpha, Rajan Anandan, Rajeev Ahuja, Kshitij Arora",Seed Funding,0.0,Seed Funding
658,664,2017-08-23,milk basket,Consumer Internet,Online Grocery platform,Gurgaon,Blume Ventures. Lenovo Capital and Incubator Group (LCIG),Seed Funding,0.0,Seed Funding
659,665,2017-08-23,dhruva,Technology,Cloud data protection and management solutions,Pune,"Riverwood Capital, Sequoia Capital India, Nexus Venture Partners, Tenaya Capital",Private Equity,767.76,Private Equity
660,666,2017-08-23,bombay shaving company,eCommerce,Men Grooming product etailer,New Delhi,Fireside Ventures,Private Equity,22.0731,Private Equity
661,667,2017-08-23,awign,Technology,Operations and manpower outsourcing,Bangalore,"IIT Ropar, Imanpreet Singh Arora, Sidharth Rozario, Saurabh Abichandani, Shikhar Gupta,",Seed Funding,0.0,Seed Funding
662,668,2017-08-23,indiez,Technology,Software & Mobile app development platform,Bangalore,Haresh Chawla,Seed Funding,4.7985,Seed Funding
663,669,2017-08-24,ezetap,Technology,mPOS solutions provider,Bangalore,"JS Capital Management, Social Capital, Horizons Ventures,",Private Equity,153.552,Private Equity
664,670,2017-08-25,ink monk,Consumer Internet,Online printing marketplace,Chennai,"VAMM Ventures, Raksul, Dena",Seed Funding,7.19775,Seed Funding
665,671,2017-08-25,medinfi,Consumer Internet,Online Doctor Discovery Platform,Bangalore,"PBS Srinivas, Vinod Martin,",Seed Funding,1.199625,Seed Funding
666,672,2017-08-28,mobikon,Technology,Restaurant & Hotel CRM platform,Pune,"Sistema Asia Fund, C31 Ventures, Qualgro.",Private Equity,67.179,Private Equity
667,673,2017-08-29,curefit,Consumer Internet,End to End health and wellness platform.,Bangalore,"Accel Partners, IDG Ventures, Kalaari Capital, UC-RNT fund",Private Equity,239.925,Private Equity
668,674,2017-08-29,doxper,Technology,Healthtech IoT platform,Mumbai,"idal Health, growx ventures, Capier Investments, Globevestor & others",Seed Funding,7.19775,Seed Funding
669,675,2017-08-29,fieldassist,Technology,SAAS based sales force automation services,Gurgaon,Small Industries Development Bank of India (SIDBI),Debt Funding,0.0,Debt Funding
670,676,2017-08-30,treebo,Consumer Internet,Budget Hotel Aggregator platform,Bangalore,"Ward Ferry Management and Karst Peak Capital,",Private Equity,326.298,Private Equity
671,677,2017-08-30,medgenome,Technology,Genomics Research and Diagnostics Solutions,Bangalore,"Sequoia India, Sofina s.a., Zodius Capital, Kris Gopalakrishnan, Lakshmi Narayanan,",Private Equity,287.91,Private Equity
672,678,2017-07-01,billion loans,Consumer Internet,Peer to Peer Lending platform,Bangalore,Reliance Corporate Advisory Services Ltd,Seed Funding,9.597,Seed Funding
673,679,2017-07-03,ecolibriumenergy,Technology,Energy management solutions provider,Ahmedabad,"Infuse Ventures, JLL",Private Equity,24.9522,Private Equity
674,680,2017-07-04,droom,eCommerce,Online marketplace for automobiles,Gurgaon,"Asset Management (Asia) Ltd, Digital Garage Inc",Private Equity,191.94,Private Equity
675,681,2017-07-05,jumbotail,eCommerce,online marketplace for food and grocery,Bangalore,"Kalaari Capital, Nexus India Capital Advisors",Private Equity,81.5745,Private Equity
676,682,2017-07-05,moglix,eCommerce,B2B marketplace for Industrial products,Noida,"International Finance Corporation, Rocketship, Accel Partners, Jungle Ventures, Shailesh Rao, Venture Highway",Private Equity,115.164,Private Equity
677,683,2017-07-05,timesaverz,Consumer Internet,Hyperlocal home services provider,Mumbai,BCCL,Private Equity,9.597,Private Equity
678,684,2017-07-06,minjar,Technology,Cloud Solutions provider,Bangalore,"Blume Ventures, Contrarian Capital India Partners, Emergent Ventures India, Pallav Nadhani, Ashish Gupta, Sharad Sharma, Sirion Labs",Seed Funding,0.0,Seed Funding
679,685,2017-07-06,mycity4kids,Consumer Internet,parenting blog and kids\\xe2\\x80\\x99 events discovery platform,Gurgaon,Undisclosed,Seed Funding,0.0,Seed Funding
680,686,2017-07-07,clip app,Consumer Internet,Digital Media Video platform,Bangalore,"India Quotient, Shunwei Capital",Seed Funding,9.597,Seed Funding
681,687,2017-07-07,upwardly.in,Consumer Internet,MF investment platform,Bangalore,"Sreeram Iyer, Suvo Sarkar, Anita Gupta, Likemind Ventures",Seed Funding,0.0,Seed Funding
682,688,2017-07-10,autorox.co,Technology,Workshop Management Software Platform,Hyderabad,Mitsui & Co.,Private Equity,28.791,Private Equity
683,689,2017-07-11,fabogo,Consumer Internet,Salon & Spa Aggregation & Discovery platform,Pune,Dunamis Ventures Pte Ltd,Private Equity,21.59325,Private Equity
684,690,2017-07-11,flickstree,Consumer Internet,Video Content Discovery Platform,Mumbai,"Venture Catalysts, Sourav Ganguly, Ankit Aditya, Moksh Sports Ventures",Seed Funding,4.453008,Seed Funding
685,691,2017-07-11,design cafe,Consumer Internet,Online Interior Design platform,Bangalore,"Fireside Ventures, Apurva Salarpuria, Sidharth Pansari, Sprout Capital",Seed Funding,0.0,Seed Funding
686,692,2017-07-12,innoviti,Technology,Digital payments solutions,Bangalore,"SBI-FMO Fund, Bessemer Venture Partners, Catamaran Ventures",Private Equity,177.5445,Private Equity
687,693,2017-07-12,vdeliver,Logistics,Door Step Delivery platform,Hyderabad,"Corvus Ventures, MAPE Advisory Group",Private Equity,0.0,Private Equity
688,694,2017-07-12,bottr.me,Technology,Chatbot creation tool,Bangalore,"500 Startups, Purvi Capital, Rajan Anandan, Abhishek Gupta",Seed Funding,0.0,Seed Funding
689,695,2017-07-12,arcatron,Technology,Next Gen Mobility device manufacturer,Pune,Indian Angel Network,Seed Funding,0.0,Seed Funding
690,696,2017-07-14,qwikspec,Technology,Construction site operations and analytics platform,Bangalore,"Brigade Innovations LLP, TV Mohandas Pai, Suhail Rahman, Bobby Reddy, M George Oommen",Seed Funding,5.18238,Seed Funding
691,697,2017-07-14,chumbak,eCommerce,Designer consumer products Marketplace,Bangalore,Blacksoil Capital Pvt. Ltd,Private Equity,16.3149,Private Equity
692,698,2017-07-17,increff,Technology,Sales Solutions for Fashion Brands,Bangalore,"Sequoia Capital, Grey Orange, Rajesh Ramaiah, Anshuman Das, Rishi Das",Seed Funding,19.194,Seed Funding
693,699,2017-07-17,vayana,Technology,Enterprise Banking Solutions,Pune,"IDG Ventures India Advisors, Jungle Ventures",Private Equity,38.388,Private Equity
694,700,2017-07-18,mobiquest,Technology,Mobile Services & Solutions,Noida,One97 Communication Ltd,Private Equity,0.0,Private Equity
695,701,2017-07-18,ambee,Consumer Internet,Ambulance Aggregation Services,Hyderabad,"Uber Technologies Inc, Amaya Capital LLP",Seed Funding,0.0,Seed Funding
696,702,2017-07-18,ideal insurance,Consumer Internet,Online Insurance platform,Kolkata,Xelpmoc,Seed Funding,0.0,Seed Funding
697,703,2017-07-18,hypernova interactive,Technology,Mobile games creator,Bangalore,Kae Capital,Seed Funding,0.0,Seed Funding
698,704,2017-07-19,rentomojo,Consumer Internet,Consumer Leasing Platform,Bangalore,"ain Capital Ventures, Renaud Laplanche",Private Equity,95.97,Private Equity
699,705,2017-07-19,aircto,Consumer Internet,AI powered recruitment platform,Bangalore,Francesco Cara,Seed Funding,0.0,Seed Funding
700,706,2017-07-19,playablo,Technology,Gamified Learning App,Bangalore,ABI-Showatech (India) Ltd,Seed Funding,5.7582,Seed Funding
701,707,2017-07-20,trupay,Technology,Online payments platform,Gurgaon,"Kae Capital, M&S Partners,",Seed Funding,6.7179,Seed Funding
702,708,2017-07-21,brick2wall,eCommerce,Online Marketplace for Construction Material,Gurgaon,"Subramani Somasundaram, Sundeep Sahni, Mayank Mittal & Others",Seed Funding,1.9194,Seed Funding
703,709,2017-07-21,fablestreet,eCommerce,Women Work wear etailer,New Delhi,"Harmeet Bajaj, Pameela P, Fusiontech Ventures & Others",Seed Funding,0.0,Seed Funding
704,710,2017-07-21,monsoon fintech,Technology,Machine Learning Access platform,New Delhi,"Sunil Kalra, Aditya Singh, Rishi Srivastava, Rajan Anandan",Seed Funding,0.0,Seed Funding
705,711,2017-07-21,monkeybox,Consumer Internet,Healthy Food Delivery Platform,Bangalore,"Blume Ventures, NB Ventures, Nspira",Seed Funding,0.0,Seed Funding
706,712,2017-07-25,noticeboard,Consumer Internet,Mobile-first Enterprise communication platform,Bangalore,"Stellaris Venture Partners,",Private Equity,11.5164,Private Equity
707,713,2017-07-25,byju's,Consumer Internet,Mobile Learning App,Bangalore,Tencent Holdings,Private Equity,335.895,Private Equity
708,714,2017-07-26,creator's gurukul,Others,Co-Working Space Provider,New Delhi,Yuvraj Singh,Seed Funding,0.0,Seed Funding
709,715,2017-07-26,fab hotels,Consumer Internet,Budget hotels brand & Aggregator Platform,New Delhi,Goldman Sachs,Private Equity,239.925,Private Equity
710,716,2017-07-26,thinkerbell,Consumer Internet,Assisted Learning Startup,Bangalore,"Indian Angel Network, Anand Mahindra",Seed Funding,1.9194,Seed Funding
711,717,2017-07-27,1mg,eCommerce,Online Pharmacy,Gurgaon,"HBM Healthcare Investments, Maverick Capital Ventures, Sequoia India, Omidyar Network and Kae Capital",Private Equity,143.955,Private Equity
712,718,2017-07-28,jhakaas,Consumer Internet,App-based Aggregator of Offline Businesses,Mumbai,Amen Dhyllon,Seed Funding,0.0,Seed Funding
713,719,2017-07-28,bigstylist,Consumer Internet,Beauty Services Marketplace,Mumbai,Info Edge (India) Ltd,Private Equity,11.99625,Private Equity
714,720,2017-07-28,gympik.com,Consumer Internet,online marketplace for discovering fitness centres,Bangalore,RoundGlass Partners,Seed Funding,0.0,Seed Funding
715,721,2017-06-01,tripeur,Technology,Mobile based travel ERP platform,Bangalore,"Grace Grace Techno Ventures LLP, Rajul Garg & Other undisclosed investors",Seed Funding,0.0,Seed Funding
716,722,2017-06-02,rentongo,eCommerce,"Online Marketplace for Renting Bikes, Electronics & Appliances",Bangalore,TVS Motor Company,Seed Funding,2.245698,Seed Funding
717,723,2017-06-05,goomo,Consumer Internet,Online Travel & Holiday Booking platform,Mumbai,Emerging India,Private Equity,479.85,Private Equity
718,724,2017-06-05,maxmywealth,Consumer Internet,Online Wealth Management & Savings platform,Mumbai,"lockchain ecosystem Global Advisors, Horseferry",Private Equity,0.0,Private Equity
719,725,2017-06-06,spinny,eCommerce,Online Used Car marketplace,Gurgaon,"Blume Ventures, Indian Angel Network, Kunal Shah, Sandeep Tandon",Private Equity,9.597,Private Equity
720,726,2017-06-06,healthbuds,Consumer Internet,Healthcare Discovery & booking platform,Kolkata,"Arun Patodia, Bharat Kedia",Seed Funding,0.0,Seed Funding
721,727,2017-06-06,ftcash,Consumer Internet,Mobile Payments platform,Mumbai,"500 Startups, IvyCap Ventures",Private Equity,0.0,Private Equity
722,728,2017-06-06,bhive workspace,Consumer Internet,co-working spaces,Bangalore,Blume Ventures,Private Equity,11.5164,Private Equity
723,729,2017-06-06,wayforward,Consumer Internet,Mobile app for Mental Health,New Delhi,"Harsh Mahajan, Farhan Naqvi, Sreepathy Viswanathan",Seed Funding,9.597,Seed Funding
724,730,2017-06-06,gyandhan,Consumer Internet,Education Marketplace,New Delhi,Sundaram Finance Holdings,Private Equity,0.0,Private Equity
725,731,2017-06-06,hungry foal,Consumer Internet,For profit Social Venture,Gurgaon,SBI (Stand Up India Scheme),Private Equity,0.0,Private Equity
726,732,2017-06-07,ziploan,Consumer Internet,Online lending platform,New Delhi,WaterBridge Ventures,Seed Funding,6.23805,Seed Funding
727,733,2017-06-07,growfitter,Consumer Internet,health and fitness discovery platform,Mumbai,SQue Capital,Seed Funding,5.7582,Seed Funding
728,734,2017-06-08,stratfit,Consumer Internet,Health coaching programs,Hyderabad,Bodhtree Consulting Limited,Seed Funding,2.226504,Seed Funding
729,735,2017-06-08,multiplier solutions,Technology,CRM Software for Healthcare space,Hyderabad,Norwest Venture Partners,Private Equity,14.3955,Private Equity
730,736,2017-06-08,abi health,Technology,Unified Digital Health Platform,Bangalore,Norwest Venture Partners,Private Equity,14.3955,Private Equity
731,737,2017-06-08,stockal,Consumer Internet,App-based Investment advisory Services,Bangalore,"Mohan Alexander, R. Natarajan, Vikrant Varshney, Amit Sinha",Seed Funding,3.35895,Seed Funding
732,738,2017-06-09,guidoo,Consumer Internet,Travel & adventure planning platform,Mumbai,"Pawan Borle, Nirmal Singh, Manish Prasad, Vineet Varma, Nick Haulkoury, Abhai S. Rao",Seed Funding,2.8791,Seed Funding
733,739,2017-06-09,esahai.in,Consumer Internet,ambulance aggregator and medical taxi provider,Hyderabad,"Dr Ramesh Ayyala, Satya Muthyala",Seed Funding,2.39925,Seed Funding
734,740,2017-06-12,loanmeet,Consumer Internet,Online peer-to-peer lending platform,Bangalore,"Cao Yibin, Huang Wei, Madhusudan E,",Seed Funding,0.0,Seed Funding
735,741,2017-06-12,lendingkart,Consumer Internet,Online Lending platform,Ahmedabad,Yes Bank,Debt Funding,74.8566,Debt Funding
736,742,2017-06-12,boxx.ai,Technology,Artificial Intelligence,Bangalore,"Unicorn India Ventures, Venky Krishnakumar, Suresh Shankar, Vivek Bhargava",Private Equity,4.7985,Private Equity
737,743,2017-06-12,peesafe.in,Healthcare,Hygiene care product manufacturer,New Delhi,"Venture Catalysts, Alfa Capital, Green Shots Capital, Real Time Ventures",Private Equity,9.597,Private Equity
738,744,2017-06-12,vista rooms,Consumer Internet,Online rooms aggregation platform,Mumbai,"Artha India Ventures, Singularity Holdings, Rajan Anandan, Girish Mathrubootham",Seed Funding,7.447272,Seed Funding
739,745,2017-06-12,coverfox,Consumer Internet,Online insurance brokerage platform,Mumbai,Transamerica,Private Equity,143.955,Private Equity
740,746,2017-06-13,hypertrack,Technology,Location tracking solutions,New Delhi,"Nexus Venture Partners, Founders Fund",Private Equity,0.0,Private Equity
741,747,2017-06-13,goodera,Technology,CSR and sustainability management platform,Bangalore,"Nexus Venture Partners, Omidyar Network",Private Equity,52.7835,Private Equity
742,748,2017-06-13,digit,Technology,Tech driven Insurance platform,Bangalore,Fairfax Holdings,Private Equity,0.0,Private Equity
743,749,2017-06-14,ola,Consumer Internet,Cab Aggregation App,Bangalore,Tekne Capital Management LLC,Private Equity,479.85,Private Equity
744,750,2017-06-14,vanitycask,Consumer Internet,Beauty products discovery platform,Mumbai,RB Investments,Seed Funding,0.0,Seed Funding
745,751,2017-06-14,mrneeds,Consumer Internet,Micro Food Delivery platform,Noida,undisclosed investors,Seed Funding,4.7985,Seed Funding
746,752,2017-06-15,moneytap,Consumer Internet,Money Lending platform,Bangalore,"Sequoia India, NEA, Prime Venture Partners",Private Equity,118.0431,Private Equity
747,753,2017-06-16,goodbox,eCommerce,Mobile SAAS ECommerce platform for SMEs,Bangalore,"Nexus Venture Partners, Mekin Maheshwari",Private Equity,9.597,Private Equity
748,754,2017-06-16,fincash,Consumer Internet,Personal Finance platform,Mumbai,"Mohammed Khan, Sameer Narayan & Others",Seed Funding,0.9597,Seed Funding
749,755,2017-06-16,portdesk,Technology,Maritime Solutions,Noida,Alphard Maritime Group,Seed Funding,19.194,Seed Funding
750,756,2017-06-16,edgefx,eCommerce,DIY project Kits seller,Hyderabad,"Cross Border Angels & Experts, Rajasthan Angel Innovators Network, The Chennai Angels",Seed Funding,0.0,Seed Funding
751,757,2017-06-16,eazydiner,Consumer Internet,Online Restaurant Reservation Platform,Gurgaon,YouWeCan Ventures,Seed Funding,0.0,Seed Funding
752,758,2017-06-16,healthintel,Healthcare,Online Pharmacy,New Delhi,BLIP Initiatives,Seed Funding,0.0,Seed Funding
753,759,2017-06-19,unbxd,Technology,Cloud-based product discovery platform,Bangalore,Eight Roads Ventures,Private Equity,119.9625,Private Equity
754,760,2017-06-19,darwinbox,Technology,Enterprise human resources management platform,Hyderabad,"Lightspeed India Partners, Endiya Partners, 3one4 Capital Advisors LLP, Startupxseed Ventures LLP",Private Equity,38.388,Private Equity
755,761,2017-06-20,forevershop,Consumer Internet,Mobile based ecommerce platform,Bangalore,91maker.com,Seed Funding,2.8791,Seed Funding
756,762,2017-06-20,insider.in,Consumer Internet,Events Ticketing platform,Mumbai,Paytm,Private Equity,49.9044,Private Equity
757,763,2017-06-21,fynd,eCommerce,Fashion etailer,Mumbai,"IIFL Seed Ventures, Kae Capital, FJ Labs, Singularity Ventures, GrowX, Tracxn Labs, Axis Capital",Private Equity,23.0328,Private Equity
758,764,2017-06-21,grow fit,Consumer Internet,Health-Tech platform,Bangalore,"Manipal Education and Medical Group (MEMG), SAR Group, The Grover Trust",Private Equity,43.1865,Private Equity
759,765,2017-06-21,fabulyst,Technology,Artificial Intelligence based platform,Hyderabad,iBhubs,Seed Funding,2.063355,Seed Funding
760,766,2017-06-21,mswipe,Technology,Point-of-Sale services,Mumbai,"UC-RNT Fund, Matrix Partners, alcon Edge Capital, DSG Consumer Partners",Private Equity,297.507,Private Equity
761,767,2017-06-21,oneassist,Consumer Internet,Credit card fraud protection,Mumbai,Sequoia Capital,Private Equity,0.0,Private Equity
762,768,2017-06-22,julia computing,Technology,Open Source Language for Data Science and Machine Learning,Bangalore,"General Catalyst, Founder Collective",Private Equity,44.1462,Private Equity
763,769,2017-06-22,kissht,Consumer Internet,Consumer Lending platform,Mumbai,"Endiya Partners, Ventureast",Private Equity,19.194,Private Equity
764,770,2017-06-22,explore life traveling,Consumer Internet,Local homes booking platform,Bangalore,"Mekin Maheshwari, Bharat Vijay, Krish Seshadri, Amar Arsikere",Seed Funding,4.7985,Seed Funding
765,771,2017-06-23,loantap,Consumer Internet,Lending platform for salaried professionals,Mumbai,"Kae Capital, India Quotient, IFMR, and MAS Financial Services Ltd",Private Equity,38.388,Private Equity
766,772,2017-06-23,voxweb,Consumer Internet,Mobile based social networking platform,Mumbai,Undisclosed investors,Seed Funding,9.597,Seed Funding
767,773,2017-06-26,hug innovations,Technology,Gesture based Smartwatch manufacturer,Hyderabad,"Mohit Srivastav, Kishore Ganji, Venkat Vallabhaneni, Rajeev Menon",Private Equity,47.985,Private Equity
768,774,2017-06-26,flipkart,eCommerce,Online marketplace,Bangalore,Naspers,Private Equity,681.387,Private Equity
769,775,2017-06-26,v resorts,Consumer Internet,Holiday & Vacation resort aggregator,Noida,"Seedfund, RB International",Private Equity,38.388,Private Equity
770,776,2017-06-27,stashfin,Consumer Internet,Personal Finance App,New Delhi,"Snow Leopard Ventures, Alto Partners",Private Equity,47.985,Private Equity
771,777,2017-06-27,formcept,Consumer Internet,Unified Data Analysis platform,Bangalore,Gujarat Venture Finance Ltd,Private Equity,0.0,Private Equity
772,778,2017-06-27,spares hub,eCommerce,Automobile parts marketplace,Pune,"The Chennai Angels, Anthill Scale Ventures, Esvee Technologies Inc, Inc95 Consulting",Seed Funding,2.984667,Seed Funding
773,779,2017-06-28,fitraq,Consumer Internet,Fitness Centre Discovery Platform,New Delhi,"Aparup Sengupta, Devendra Reddy,",Seed Funding,0.0,Seed Funding
774,780,2017-06-28,rubique,Consumer Internet,Online Marketplace for financial products,Mumbai,"Kalaari Capital, Udayan Goyal",Private Equity,28.791,Private Equity
775,781,2017-06-28,niki.ai,Consumer Internet,AI Based Personal Assistant,Bangalore,"SAP.iO, Unilazer Ventures",Private Equity,19.194,Private Equity
776,782,2017-06-29,fitpass,Consumer Internet,Online Fitness Marketplace,New Delhi,"Abhinav Bindra, Gaurav Marya",Private Equity,9.597,Private Equity
777,783,2017-06-29,zinghr,Technology,"digital employee solutions,",Mumbai,Zeta,Private Equity,0.0,Private Equity
778,784,2017-06-30,tagos design,Technology,in-video discovery platform,Bangalore,Undisclosed Investors,Private Equity,47.985,Private Equity
779,785,2017-06-30,urbanclap,Consumer Internet,Mobile Services Marketplace,Gurgaon,"Vy Capital, SAIF Partners, Accel Partner, Bessemer Venture Partners",Private Equity,201.537,Private Equity
780,786,2017-05-01,ace2three,Consumer Internet,Online Rummy playing Website,Hyderabad,Clairvest Group,Private Equity,707.2989,Private Equity
781,787,2017-05-01,power2sme,eCommerce,Buying portal for SMEs,Gurgaon,International Finance Corporation,Private Equity,95.97,Private Equity
782,788,2017-05-02,innovapptive,Technology,Enterprise Mobility Solutions,Hyderabad,Hyderabad Angels,Seed Funding,14.3955,Seed Funding
783,789,2017-05-02,4tigo,Logistics,Truck Network company,Bangalore,"Accel Partners, Nandan Nilekani,",Private Equity,95.97,Private Equity
784,790,2017-05-02,smecorner,Consumer Internet,Online Platform for small business loans,Mumbai,Dutch government fund,Private Equity,0.0,Private Equity
785,791,2017-05-02,zippserve,Consumer Internet,Real estate risk assessment platform,Bangalore,undisclosed investors,Seed Funding,3.74283,Seed Funding
786,792,2017-05-03,ola,Consumer Internet,Cab Aggregation App,Bangalore,"Falcon Edge Capital, Capital Advisers",Private Equity,1002.8865,Private Equity
787,793,2017-05-03,sumeru,Technology,Software & Mobile development services,Bangalore,undisclosed investors,Seed Funding,9.597,Seed Funding
788,794,2017-05-04,healthians,Consumer Internet,Online Diagnostics and wellness platform,New Delhi,"Asuka Holdings, YouWeCan Ventures, Beenext, Beenos, M&S Partners",Private Equity,0.0,Private Equity
789,795,2017-05-05,healthmir,Consumer Internet,AI-based health content platform,New Delhi,Nimit Panigrahi,Seed Funding,0.0,Seed Funding
790,796,2017-05-05,uactive,Consumer Internet,Health-based social networking & discovery App,Mumbai,Hinduja family,Seed Funding,0.0,Seed Funding
791,797,2017-05-05,i-lend,Consumer Internet,Peer-to-peer lending platform,Hyderabad,50K Ventures,Seed Funding,0.0,Seed Funding
792,798,2017-05-05,good methods global,Technology,Cloud Based Practice Management Software,Trivandrum,Accel Partners,Private Equity,0.0,Private Equity
793,799,2017-05-05,balance app,Consumer Internet,Money Savings & Management App,Bangalore,Rainmatter,Seed Funding,2.236101,Seed Funding
794,800,2017-05-08,yepme,eCommerce,Private Label Fashion etailer,Gurgaon,"Rainbow Digital Services Pvt. Ltd, ILearnFinance Academy Pvt. Ltd.",Private Equity,6.7179,Private Equity
795,801,2017-05-08,nightstay,Consumer Internet,Last minute hotel booking mobile app,New Delhi,"Indian Angels Network, LetsVenture",Seed Funding,0.0,Seed Funding
796,802,2017-05-08,devourin,Technology,Restaurant Automation Solution,Pune,Deepak Nathani,Seed Funding,0.0,Seed Funding
797,803,2017-05-08,mygreens,Food & Beverage,Cold-press Juices manufacturer,New Delhi,"Ajay Relan, LetsVenture",Seed Funding,9.597,Seed Funding
798,804,2017-05-08,ace turtle,Technology,Omni-Channel Platform,Bangalore,"Vertex Ventures, C31 Ventures",Private Equity,47.985,Private Equity
799,805,2017-05-08,curefit,Technology,Health-Tech Platform,Bangalore,"Trifecta Capital Advisors LLP, Prathithi Investment Trust, RNT Capital, Gokul Rajaram, Aditya Agarwal, Ruchi Sanghvi & others",Private Equity,30.7104,Private Equity
800,806,2017-05-09,curie labs,Technology,Energy Analytics startup,New Delhi,Satoshi Studios,Seed Funding,0.47985,Seed Funding
801,807,2017-05-09,uncanny vision,Technology,Computer Vision on Embedded Systems,Bangalore,Anand Chandrasekaran,Seed Funding,0.0,Seed Funding
802,808,2017-05-09,anchanto,Technology,Ecommerce Fulfilment and Technology Platform,Pune,Luxasia Group,Private Equity,0.0,Private Equity
803,809,2017-05-09,sequretek,Technology,IT Security & Data Management Services,Mumbai,"GVFL, Unicorn India Ventures",Private Equity,0.0,Private Equity
804,810,2017-05-10,lucideus,Technology,Cyber Security Startup,New Delhi,"Vellayan Subbiah, Jonathan Boutelle, Rajan Anandan, Rahul Chawla, Salil Donde, Amit Ranjan, Govind Rajan & Others",Seed Funding,0.0,Seed Funding
805,811,2017-05-10,vidooly,Consumer Internet,Video Intelligence platform,Noida,"Times Internet, GVFL",Private Equity,13.4358,Private Equity
806,812,2017-05-10,shopclues,eCommerce,Online marketplace,Gurgaon,InnoVen Capital,Private Equity,73.8969,Private Equity
807,813,2017-05-10,fourth ambit,Consumer Internet,Community Building platform,Bangalore,1Crowd,Seed Funding,5.7582,Seed Funding
808,814,2017-05-10,chymera vr,Technology,Advertising Platform for Virtual Reality,Bangalore,"Varsha Rao, Surojit Chatterjee, Nirav Choksi & Others",Seed Funding,0.0,Seed Funding
809,815,2017-05-11,early salary,Consumer Internet,Online lending platform,Pune,"DG Ventures India, Dewan Housing Finance Corp",Private Equity,38.388,Private Equity
810,816,2017-05-11,book my diamond,eCommerce,Diamond B2B eTailer,Mumbai,Chirag Nikunj Sheth & Others,Seed Funding,0.0,Seed Funding
811,817,2017-05-11,ion energy,Technology,Clean Tech Startup,Mumbai,"Aakrit Vaish, Swapan Rajdev, Sushill Jiwarajka",Seed Funding,0.0,Seed Funding
812,818,2017-05-12,legal raasta,Consumer Internet,Legal Services to SMEs & Individuals,New Delhi,Impanix Capital,Private Equity,47.985,Private Equity
813,819,2017-05-12,log 9 materials,Technology,NanoTech product developer,Bangalore,GEMs,Seed Funding,0.0,Seed Funding
814,820,2017-05-12,remit guru,Consumer Internet,Digital money transfer platform,Mumbai,"Infibeam, CCavenue",Private Equity,4.472202,Private Equity
815,821,2017-05-12,aequm,eCommerce,Cloud ECommerce platform,Bangalore,undisclosed investors,Seed Funding,9.597,Seed Funding
816,822,2017-05-15,zapty,Technology,Project Management tool,Bangalore,IdeaSpring Capital,Seed Funding,4.7985,Seed Funding
817,823,2017-05-15,vernacular.ai,Technology,Multi-lingual AI Platform for Businesses,Bangalore,Kstart Capital,Seed Funding,0.0,Seed Funding
818,824,2017-05-16,niki.ai,Technology,AI-based chatbot,Bangalore,SAP,Private Equity,0.0,Private Equity
819,825,2017-05-16,telr,Technology,Online Payment Gateway,Mumbai,Innovations East,Private Equity,28.791,Private Equity
820,826,2017-05-16,fynd,eCommerce,Fashion ECommerce Portal,Mumbai,Rocketship,Private Equity,4.7985,Private Equity
821,827,2017-05-17,genie,Consumer Internet,hyperlocal delivery and logistics mobile app,Chennai,undisclosed investors,Seed Funding,2.39925,Seed Funding
822,828,2017-05-17,paysense,Consumer Internet,Online Lending platform,Mumbai,Jungle Ventures,Private Equity,50.8641,Private Equity
823,829,2017-05-18,the good life,ECommerce,Online Luxury Tea etailer,Mumbai,"Ayesha Takia Azmi, Abu Farhan Azmi",Seed Funding,9.597,Seed Funding
824,830,2017-05-18,pumpkart,eCommerce,Online Water Pumps etailer,Chandigarh,Dr. Ritesh Malik,Seed Funding,0.0,Seed Funding
825,831,2017-05-18,paytm,ECommerce,Mobile Wallet & ECommerce platform,Bangalore,SoftBank Group,Private Equity,13435.8,Private Equity
826,832,2017-05-19,ezcred,Consumer Internet,Consumer Lending Platform,Bangalore,"Dheeraj Pandey, Rajesh Yohannan, Akash Garg",Seed Funding,9.597,Seed Funding
827,833,2017-05-19,healthsutra,Food & Beverage,Health Food Maker,Hyderabad,"Ankur Capital, Hyderabad Angels",Seed Funding,0.0,Seed Funding
828,834,2017-05-20,yepme,eCommerce,Private Fashion Brand etailer,New Delhi,Gokaldas Exports Ltd,Private Equity,0.0,Private Equity
829,835,2017-05-22,delhivery,Logistics,ECommerce Logistics provider,New Delhi,Fosun International,Private Equity,287.91,Private Equity
830,836,2017-05-22,zipgrid,Consumer Internet,"Cashless, paperless solutions for Housing societies",Mumbai,"JLL, 1Crowd",Seed Funding,4.7985,Seed Funding
831,837,2017-05-23,travelspice,ECommerce,Travel ECommerce portal,Hyderabad,Eagle10 Ventures,Seed Funding,0.0,Seed Funding
832,838,2017-05-23,magicpin,Consumer Internet,Hyperlocal discovery platform,Gurgaon,"Lightspeed Venture Partners, Vy Capital,",Private Equity,63.3402,Private Equity
833,839,2017-05-23,the print,Consumer Internet,News Portal,New Delhi,"Ratan Tata, Nandan Nilekani, Uday Kotak, Vijay Shekhar Sharma, Kiran Mazumdar-Shaw, Rajiv C Mody",Seed Funding,0.0,Seed Funding
834,840,2017-05-23,box8,Consumer Internet,Food Delivery Platform,Mumbai,Trifecta Capital,Private Equity,9.597,Private Equity
835,841,2017-05-24,gennext students,Consumer Internet,Online Tutoring Services,Mumbai,Undisclosed Investors,Seed Funding,5.56626,Seed Funding
836,842,2017-05-25,aye finance,Finance,Non-Banking Financial Company,Gurgaon,Blue Orchard,Private Equity,76.776,Private Equity
837,843,2017-05-26,whatsloan,Consumer Internet,Online Lending mobile app,Bangalore,Lahiri Music\\xe2\\x80\\x99s family office,Seed Funding,0.0,Seed Funding
838,844,2017-05-29,cube consumer services,Consumer Internet,Finance management Mobile app,Mumbai,Undisclosed,Seed Funding,0.0,Seed Funding
839,845,2017-05-29,nivesh,Consumer Internet,Online MF investment platform,Noida,"PV Sahad, Sandeep Shroff, Rahul Gupta",Seed Funding,0.0,Seed Funding
840,846,2017-05-29,wowflux,Technology,image Processing solution,New Delhi,Undisclosed Investors,Seed Funding,0.0,Seed Funding
841,847,2017-05-29,collateral medical,eCommerce,Online Medical equipment supplier,Mumbai,Carpediem Capital,Private Equity,33.5895,Private Equity
842,848,2017-05-30,loadshare,Logistics,Express Logistics Network,Bangalore,Matrix Partners,Seed Funding,0.0,Seed Funding
843,849,2017-05-30,simplilend,Consumer Internet,Online lending platform,New Delhi,Undisclosed Investors,Seed Funding,0.0,Seed Funding
844,850,2017-05-30,supr daily,Consumer Internet,Subscription based delivery platform,Mumbai,"Soma Capital, Great Oaks Ventures, 122 West Ventures",Private Equity,14.3955,Private Equity
845,851,2017-05-30,swiggy,Consumer Internet,Online food delivery platform,Bangalore,"Nasper, Accel India, SAIF Partners, Bessemer Venture Partners, Harmony Partners, Norwest Venture Partners",Private Equity,767.76,Private Equity
846,852,2017-05-31,sastasundar,eCommerce,Online Pharmacy,Kolkata,Rohto Pharmaceutical,Private Equity,47.985,Private Equity
847,853,2017-05-31,magicpin,Consumer Internet,Hyperlocal Discovery & Rewards platform,Gurgaon,"Lightspeed India Partners, Waterbridge Ventures",Private Equity,67.179,Private Equity
848,854,2017-04-01,cashe,Consumer Internet,Online & Mobile based Lending platform,Mumbai,"Mathew Cyriac, Florintree Advisors,",Private Equity,36.4686,Private Equity
849,855,2017-04-03,eruditus,Education,Executive Education Provider,Mumbai,Bertelsmann India,Private Equity,78.6954,Private Equity
850,856,2017-04-03,testbook,Consumer Internet,Online Test Preparation Platform,Mumbai,Matrix Partners India,Private Equity,0.0,Private Equity
851,857,2017-04-03,healthcare at home,Healthcare,Home Healthcare Provider,Noida,Quadria Capital Advisors,Private Equity,383.88,Private Equity
852,858,2017-04-03,tyre express,Technology,Enterprise IoT solutions For Tyre Performance,Mumbai,Rohitash Gupta,Seed Funding,0.0,Seed Funding
853,859,2017-04-03,smartcoin,Consumer Internet,Micro Lending platform,Bangalore,Unicorn India Ventures & Others,Private Equity,0.0,Private Equity
854,860,2017-04-04,waycool,Food & Beverage,Fresh-Produce Distribution Platform,Chennai,Aspada Investments,Private Equity,25.9119,Private Equity
855,861,2017-04-04,perfios,Technology,Fin-Tech Solutions,Bangalore,Bessemer Venture Partners,Private Equity,58.5417,Private Equity
856,862,2017-04-04,whatfix,Technology,Interactive Tech-Support Guides,Bangalore,"Stellaris Venture Partners, Helion Venture Partners, Powerhouse Ventures, Gokul Rajaram, Girish Mathrubootham, Aneesh Reddy, Vispi Daver",Private Equity,35.41293,Private Equity
857,863,2017-04-04,elastirun,Technology,App based Logistics & Distribution platform,Pune,"Kalaari Capital, Norwest Venture Partners",Private Equity,67.179,Private Equity
858,864,2017-04-04,trukky,Consumer Internet,Online Truck Aggregator & Booking platform,Ahmedabad,"Keyur Joshi, Pavan Bakeri",Seed Funding,4.7985,Seed Funding
859,865,2017-04-04,konsult app,Consumer Internet,App based Doctor Consulting platform,New Delhi,"Koen Bouwers, Lomesh Agarwal, Jeroen Mensen, Pablo van den Bosch & Others",Seed Funding,4.7985,Seed Funding
860,866,2017-04-05,credit sudhaar,Consumer Internet,Credit Score Improvement platform,Mumbai,"Deepak Kulkarni, Sandeep Pangal",Seed Funding,0.0,Seed Funding
861,867,2017-04-05,fingerlix,Consumer Internet,Food Delivery Platform,Mumbai,Zephyr Peacock India,Private Equity,28.791,Private Equity
862,868,2017-04-05,dataweave,Technology,Business Intelligence Solutions,Bangalore,"FreakOut Group, Blume Ventures, Herb Madan, WaterBridge Ventures",Private Equity,0.0,Private Equity
863,869,2017-04-06,medwell ventures,Healthcare,Home-Based Healthcare provider,Bangalore,"Mahindra Partners, Eight Roads Ventures, F-Prime Capital Partners",Private Equity,201.537,Private Equity
864,870,2017-04-06,mech mocha,Consumer Internet,Mobile gaming startup,Bangalore,"Accel Partners, Shunwei Capital",Private Equity,47.985,Private Equity
865,871,2017-04-07,startup buddy,Consumer Internet,Startup Support Platform,Gurgaon,"YouWeCan Ventures,",Seed Funding,0.0,Seed Funding
866,872,2017-04-07,qorqi,Healthcare,Online Healthcare provider,Noida,Paytm,Seed Funding,0.0,Seed Funding
867,873,2017-04-07,twenty two motors,Technology,Smart Scooter manufacturer,Gurgaon,"Ishwar Singh,Farhaan Shabbir",Seed Funding,0.0,Seed Funding
868,874,2017-04-07,pharmeasy,eCommerce,Online Pharmacy,Mumbai,"Bessemer Venture Partners, Orios Venture Partners, Trifecta Capital,",Private Equity,172.746,Private Equity
869,875,2017-04-08,wonderchef,eCommerce,Online marketplace for kitchen products,Mumbai,Labruyere Eberl\\xc3\\xa9,Private Equity,0.0,Private Equity
870,876,2017-04-08,fastfox,Consumer Internet,Online rental discovery platform,Gurgaon,"Lightspeed India Partners, Blume Ventures, CyberAgent Ventures, GrowX Ventures, IMJ Investment Partners",Private Equity,44.1462,Private Equity
871,877,2017-04-10,omnify,Technology,SaaS platform for SMEs,Bangalore,"Rajan Anandan, L.D Sharma, Saurabh Arora",Seed Funding,1.43955,Seed Funding
872,878,2017-04-10,capital float,Consumer Internet,Online Lending Platform for SME,Bangalore,Mahindra and Mahindra Financial Services,Private Equity,22.0731,Private Equity
873,879,2017-04-11,ninjacart,eCommerce,B2B agri-marketing platform,Bangalore,"Accel Partners, Nandan Nilekani\\xe2\\x80\\x99s NRJN Trust, Mistletoe, Qualcomm Ventures, M&S Partners",Private Equity,52.7835,Private Equity
874,880,2017-04-11,mergerware,Technology,Software solutions for M&As,Bangalore,Philippe Bouchet,Seed Funding,0.9597,Seed Funding
875,881,2017-04-11,sports flashes,Consumer Internet,Online Sports portal & Mobile app,New Delhi,"Sushil Kumar, Sandeep Singh",Seed Funding,0.0,Seed Funding
876,882,2017-04-12,clovia,eCommerce,Online lingerie & Sleepwear etailer,New Delhi,"Ivycap Ventures Advisors, Singularity Ventures and Ravi Dhariwal",Private Equity,38.388,Private Equity
877,883,2017-04-12,emiza,Logistics,Third Party Logistics provider,Mumbai,"Mayfield, Nishant Rao, Dileep Nath",Private Equity,43.1865,Private Equity
878,884,2017-04-12,hackerearth,Consumer Internet,Online Skill Assessment Platform,Bangalore,"DHI Group Inc, Prime Venture Partners, Beenext, Beenos, Digital Garage, BizReach",Private Equity,43.1865,Private Equity
879,885,2017-04-12,squadrun,Technology,Software-As-a-Service Platform,Noida,"Blume Ventures, Contrarian Capital, 91springboard, Emergent Ventures, Abstract Ventures, Anthill Ventures, Axilor Ventures",Private Equity,20.1537,Private Equity
880,886,2017-04-12,tinmen,Consumer Internet,Food Delivery Platform,Hyderabad,"MAPE Advisory Group, R Ramaraj, Corvus Ventures",Seed Funding,0.0,Seed Funding
881,887,2017-04-12,scoutmytrip,Consumer Internet,Online Travel planner,Mumbai,Z Nation Lab,Seed Funding,0.0,Seed Funding
882,888,2017-04-13,safetykart,eCommerce,Safety & Hygiene Products etailer,Gurgaon,Redcliffe Capital,Private Equity,0.0,Private Equity
883,889,2017-04-13,weareholidays,Consumer Internet,Travel Packages & Planner marketplace,Gurgaon,"Urrshila Kerkar,",Private Equity,73.8969,Private Equity
884,890,2017-04-14,ola cabs,Consumer Internet,Cab Aggregator App,Bangalore,SIMI Pacific Pte,Private Equity,2495.22,Private Equity
885,891,2017-04-15,myly,Consumer Internet,Mobile App for Schools,Jaipur,mall Industries Development Bank of India (SIDBI),Seed Funding,2.97507,Seed Funding
886,892,2017-04-17,credihealth,Consumer Internet,Online Medical Assistance platform,Gurgaon,"Tolaram Inc, Mountain Pine Capital",Private Equity,14.3955,Private Equity
887,893,2017-04-17,navia life care,Technology,Health Technology platform,New Delhi,Benori Ventures LLP,Seed Funding,0.0,Seed Funding
888,894,2017-04-17,raw pressery,Food & Beverages,Raw Pressed Juices manufacturer,Mumbai,Jacqueline Fernandez,Seed Funding,0.0,Seed Funding
889,895,2017-04-17,snackible,Food & Beverages,Healthy Snacks manufacturer,Mumbai,"Nibhrant Shah, Anandbir Singh, Anirudh Sheth, Pratik Singhi, Vikram Mehta, Murali Nair",Seed Funding,1.679475,Seed Funding
890,896,2017-04-17,be u salons,Consumer Internet,Online Salon discovery & Booking Services,New Delhi,"Gaurav Kachru, Sundeep Singh Sahni, Jatin Aneja, Arun Malhotra",Seed Funding,5.95014,Seed Funding
891,897,2017-04-17,simulanis,Consumer Internet,eLearning & Skills Development plat,New Delhi,Village Capital,Seed Funding,0.0,Seed Funding
892,898,2017-04-17,lendingkart,Consumer Internet,Lending platform for small businesses,Ahmedabad,Anicut Capital,Private Equity,44.62605,Private Equity
893,899,2017-04-18,innefu security consulting,Technology,Cyber Security solutions using AI,New Delhi,IndiaNivesh Venture Capital Fund,Private Equity,19.194,Private Equity
894,900,2017-04-18,whodat,Technology,Markerless AR platform,Bangalore,Ideaspring Capital,Private Equity,5.7582,Private Equity
895,901,2017-04-18,absentia vr,Technology,Virtual Reality Startup,Bangalore,Exfinity Venture Partners,Private Equity,11.99625,Private Equity
896,902,2017-04-19,iotrek,Technology,IoT Platform for Bus,New Delhi,Undisclosed Investor,Seed Funding,1.487535,Seed Funding
897,903,2017-04-20,holachef,Consumer Internet,Online Food Delivery,Mumbai,"SIDBI Venture Capital Ltd, Kalaari Capital",Private Equity,28.791,Private Equity
898,904,2017-04-20,wooplr,eCommerce,Social Commerce Fashion platform,Bangalore,Ankit Nagori,Private Equity,0.0,Private Equity
899,905,2017-04-21,video ken,Consumer Internet,Video Based Collaborative Learning,Bangalore,"Ravi Garikipati, Surot Chatterjee, Ashish Agrawal, LG Chandrasekhar, Sashi Reddi",Seed Funding,9.597,Seed Funding
900,906,2017-04-24,faasos,Food & Beverage,QSR chain and online food delivery,Pune,"Ligthbox Ventures II, Lightbox Expansion Fund, Sequoia Capital India, RuNet South Asia, RB Investments",Private Equity,60.4611,Private Equity
901,907,2017-04-24,oyo rooms,Consumer Internet,Branded Budget Hotels Aggregator,Gurgaon,"SoftBank Vision Fund, Lightspeed Venture Partners, Sequoia Capital India Advisors, Greenoaks Capital Partners",Private Equity,2399.25,Private Equity
902,908,2017-04-24,toppr,Consumer Internet,Learning mobile app for students,Mumbai,WGG International,Private Equity,30.7104,Private Equity
903,909,2017-04-24,niramai,Healthcare,Breast Cancer Screening Solutions,Bangalore,"pi Ventures, Axilor Ventures, 500 Startups, Binny Bansal",Seed Funding,0.0,Seed Funding
904,910,2017-04-25,the office pass,Consumer Internet,CoWorking Spaces booking platform,Gurgaon,"Arun Tadanki, Aditya Verma",Seed Funding,2.351265,Seed Funding
905,911,2017-04-25,urbanclap,Consumer Internet,Mobile Services Marketplace,Gurgaon,Trifecta Capital,Private Equity,29.7507,Private Equity
906,912,2017-04-26,awfis,Consumer Internet,Collaborative co-Working Spaces,Mumbai,Sequoia India,Private Equity,191.94,Private Equity
907,913,2017-04-26,myra,Consumer Internet,Online Pharmacy,Bangalore,"Times Internet,Matrix Partners",Private Equity,0.0,Private Equity
908,914,2017-04-26,flytxt,Technology,Customer data analytics software,Mumbai,DAH Beteiligungs GmbH,Private Equity,105.567,Private Equity
909,915,2017-04-26,howdy ventures,Consumer Internet,Public and Private Events creation app,Chennai,S. Xavier Britto,Seed Funding,14.3955,Seed Funding
910,916,2017-04-26,stalkbuylove,eCommerce,Online fashion marketplace,New Delhi,Trifecta Capital,Private Equity,9.597,Private Equity
911,917,2017-04-26,zipgo,Consumer Internet,Bus Pooling services platform,Bangalore,"Orios Ventures Partners, Team Builder Ventures, Omidyar Networks",Private Equity,0.0,Private Equity
912,918,2017-04-27,scootsy,Consumer Internet,On-Demand Food Delivery,Mumbai,"Agnus Capital, Khattar Holdings",Private Equity,34.5492,Private Equity
913,919,2017-04-27,autobix,Technology,Software Solutions for Auto Dealership,Pune,GardX International,Seed Funding,0.0,Seed Funding
914,920,2017-04-27,eshiksha,Technology,Education Institution Management Solutions,Jaipur,Cross Border Angels & Experts,Seed Funding,0.0,Seed Funding
915,921,2017-04-27,inurture,Consumer Internet,Online Educational courses,Bangalore,BlackSoil Capital Pvt. Ltd,Private Equity,14.3955,Private Equity
916,922,2017-04-28,sepalika,Consumer Internet,Healthcare related content platform,New Delhi,Accel Partners,Seed Funding,7.19775,Seed Funding
917,923,2017-04-28,mintwalk,Consumer Internet,Financial advisory mobile app,Mumbai,Poshika Financial Ecosystem,Seed Funding,0.0,Seed Funding
918,924,2017-04-29,qriyo,Consumer Internet,Tutor Discovery & Booking platform,Jaipur,NB Ventures,Private Equity,0.0,Private Equity
919,925,2017-03-01,ola,Consumer Internet,App based cab aggregator,Bangalore,SoftBank Group Corp,Private Equity,3167.01,Private Equity
920,926,2017-03-01,belong,Consumer Internet,Online Jon Portal,Bangalore,Sequoia Capital India,Private Equity,95.97,Private Equity
921,927,2017-03-01,seenit,Consumer Internet,AI based Fashion Search Portal,Kolkata,"Calcutta Angels Network (CAN), Augment Ventures",Seed Funding,0.0,Seed Funding
922,928,2017-03-01,paalak,ECommerce,Fresh Produce Selling portal,New Delhi,"Vishwadeep Bajaj, Harsh Kundra, Nandkumar Rane, LN Buddharaju, Anupam Tyagi",Seed Funding,0.0,Seed Funding
923,929,2017-03-02,celes care,Consumer Internet,Women Healthcare & Information portal,Hyderabad,"Ventureast, Endiya Partners, Eight Roads Ventures, F-Prime Capital Partners",Private Equity,14.3955,Private Equity
924,930,2017-03-02,karomi,Technology,Packaging Artwork Management software,Chennai,Ideaspring Capital,Seed Funding,4.7985,Seed Funding
925,931,2017-03-02,red carpet,Consumer Internet,Micro Lending platform,Gurgaon,Lightspeed Venture Partners,Private Equity,23.9925,Private Equity
926,932,2017-03-02,kreate konnect,Technology,End-to-End Seller e-commerce solutions Provider,Vadodara,Langoor,Seed Funding,0.0,Seed Funding
927,933,2017-03-02,creditmantri,Consumer Internet,Online Credit score & lending platform,Chennai,Quona Capital,Private Equity,72.9372,Private Equity
928,934,2017-03-03,lets endorse,Consumer Internet,Online Ecosystem of social innovators,Bangalore,"Chandigarh Angels Network, Social Alpha and other unnamed angel investors",Seed Funding,0.0,Seed Funding
929,935,2017-03-03,tydy,Technology,Employee Onboarding and Engagement platform,Bangalore,"Bhupen Shah, Jayesh Parekh, Sanjay Sathe",Seed Funding,2.639175,Seed Funding
930,936,2017-03-03,nactus,Consumer Internet,Professional Tutors discovery & booking mobile app,Jaipur,"Sandeep Aggarwal, Gautam Chhaochharia, R Balachandar",Seed Funding,0.0,Seed Funding
931,937,2017-03-03,oho shop,Technology,eCommerce Mobile App Builder,Ahmedabad,"Bennett, Coleman and Company Ltd",Private Equity,64.2999,Private Equity
932,938,2017-03-03,emojifi,Consumer Internet,Mobile App for live emoji,Hyderabad,Undisclosed angel investors,Seed Funding,0.0,Seed Funding
933,939,2017-03-03,paytm marketplace,ECommerce,ECommerce Marketplace,Bangalore,Alibaba,Private Equity,1919.4,Private Equity
934,940,2017-03-04,igenetics,Healthcare,Health Diagnostic Solutions,Mumbai,CDC Group Plc,Private Equity,187.1415,Private Equity
935,941,2017-03-06,juno clinic,Consumer Internet,Online Counseling Platform,Mumbai,Atul Nishar,Seed Funding,11.5164,Seed Funding
936,942,2017-03-06,summerlabel,Consumer Internet,Fashion and Lifestyle discovery platform,Gurgaon,"Aneesh Seth, Tushar Mittal",Seed Funding,1.43955,Seed Funding
937,943,2017-03-06,pickme,Consumer Internet,Gadget Insurance & Repair Services platform,Mumbai,SIDBI Venture Capital Fund,Private Equity,17.17863,Private Equity
938,944,2017-03-07,agrostar,Technology,Direct-to-Farmer Mobile-Based Retail platform,Pune,Accel Partners,Private Equity,95.97,Private Equity
939,945,2017-03-07,zapr,Technology,"DSP, TV Analytics & Cross-Platform advertising",Bangalore,Star India Pvt Ltd,Private Equity,95.97,Private Equity
940,946,2017-03-07,data resolve,Technology,Cyber Security Solutions,Noida,IDFC Parampara Early Stage Opportunities Fund,Private Equity,9.597,Private Equity
941,947,2017-03-07,book servicing,Consumer Internet,Online Vehicle Services Booking platform,New Delhi,National Science and Technology Entrepreneurship Development Board,Seed Funding,0.28791,Seed Funding
942,948,2017-03-07,blowhorn,Consumer Internet,Intra-City Logistics provider,Bangalore,"IDG Ventures India, Michael & Susan Dell Foundation, Draper Associates, Unitus Seed Fund",Private Equity,35.02905,Private Equity
943,949,2017-03-08,rivigo,Logistics,Technology Enabled Logistics Company,Gurgaon,Private Sector Banks (Debt Funding),Private Equity,143.955,Private Equity
944,950,2017-03-08,pipecandy,Technology,Intelligent Sales Prospecting Platform,Chennai,"IDG ventures, Axilor Ventures, Emergent Ventures, Indian Angel Network",Seed Funding,10.5567,Seed Funding
945,951,2017-03-08,supr daily,Consumer Internet,Subscription based Home Delivery Platform,Mumbai,Y Combinator,Seed Funding,1.15164,Seed Funding
946,952,2017-03-08,parentune,Consumer Internet,Online Community for Parents,Gurgaon,"Kae Capital, SEGNEL Ventures",Private Equity,0.0,Private Equity
947,953,2017-03-09,appbrowzer,Consumer Internet,Instant Mobile Apps Store,Bangalore,Deepak Gurnani,Seed Funding,4.7985,Seed Funding
948,954,2017-03-09,magicbricks,Consumer Internet,Online Real Estate Portal,Mumbai,Times Internet Ltd,Private Equity,43.1865,Private Equity
949,955,2017-03-10,peebuddy,Healthcare,Female Hygiene product manufacturer,New Delhi,Indian Angel Network,Seed Funding,4.251471,Seed Funding
950,956,2017-03-10,iorderfresh,ECommerce,Online fresh fruits and grocery store,New Delhi,Singapore Angel Network,Seed Funding,0.0,Seed Funding
951,957,2017-03-10,lavelle networks,Technology,SDN Solutions,Bangalore,Ideaspring Capital,Seed Funding,5.7582,Seed Funding
952,958,2017-03-10,propertyshare,Consumer Internet,Fractional Proerty Ownership & Rental platform,Bangalore,"Asuka, Pravega Ventures, BEENEXT",Seed Funding,0.0,Seed Funding
953,959,2017-03-14,mydermacy,Consumer Internet,Online Dermatology consultation platform,New Delhi,Cyber Carrier,Private Equity,0.0,Private Equity
954,960,2017-03-15,latestone,eCommerce,Tech Accessories e-tailer,Hyderabad,"Florintree, Mathew Cyriac, Chidambaram Palaniappan, Bharat Sheth",Private Equity,32.14995,Private Equity
955,961,2017-03-15,frapperz,Consumer Internet,On-demand home services provider,Kolkata,Undisclosed Investor,Seed Funding,0.9597,Seed Funding
956,962,2017-03-16,mpaani,Consumer Internet,Loyalty rewards app,Mumbai,"IDG Ventures, Blume Ventures, Saha Fund,",Private Equity,12.95595,Private Equity
957,963,2017-03-16,shilpmis,Technology,Virtual Reality platform,Surat,"Puneet Gupta, Nimitt Desai & Others",Seed Funding,0.0,Seed Funding
958,964,2017-03-16,popxo,Consumer Internet,Digital Media publication for women,New Delhi,"GREE Ventures, Kalaari Capital and IDG Ventures India, Summit Media, Atul Goel, and Gurpreet Singh",Private Equity,29.7507,Private Equity
959,965,2017-03-16,fitso,Consumer Internet,Fitness Mobile App,Gurgaon,"Sujeet Kumar, Bhupender Singh, Yashish Dhaiya",Seed Funding,1.9194,Seed Funding
960,966,2017-03-17,farmart,Technology,Farming rental equipment provider,Gurgaon,Indian Angel Network,Seed Funding,0.0,Seed Funding
961,967,2017-03-21,flipkart,eCommerce,ECommerce Marketplace,Bangalore,"Microsoft, eBay, Tencent Holdings",Private Equity,13435.8,Private Equity
962,968,2017-03-21,airpay,Technology,Online payment Gateway,Mumbai,"Kalaari Capital, Rakesh and Rajesh Jhunjhunwala",Private Equity,35.22099,Private Equity
963,969,2017-03-21,myglamm,Consumer Internet,On-Demand Beauty Services,Mumbai,L\\xe2\\x80\\x99Occitane,Private Equity,50.8641,Private Equity
964,970,2017-03-22,the mons co.,eCommerce,Pregnancy & Baby Care etailer,New Delhi,"Shripad Nadkarni, Nandu Nandkishore",Seed Funding,0.0,Seed Funding
965,971,2017-03-22,haqdarshak,Consumer Internet,Tech-Enabled Social Enterprise,Bangalore,"Ravi Saxena, Sandeep Raju,",Seed Funding,1.833027,Seed Funding
966,972,2017-03-23,ixigo,Consumer Internet,Online Travel Search Engine,Gurgaon,"Sequoia Capital, Kinzon Capital",Private Equity,143.955,Private Equity
967,973,2017-03-23,markets and markets,Technology,Marketing Research Company,Pune,"FTV Capital, Zodius Capital",Private Equity,537.432,Private Equity
968,974,2017-03-24,bizom,Technology,supply chain automation platform,Bangalore,Ojas Ventures,Seed Funding,3.666054,Seed Funding
969,975,2017-03-24,babyonboard,Consumer Internet,Parenting Mobile App,Bangalore,"Mahavir Sharma, Vishal Jain, Rohit Sethi, Gaurav Luniya",Seed Funding,0.0,Seed Funding
970,976,2017-03-24,delhivery,Technology,Tech enabled Fulfilment & Logistics Solutions,New Delhi,"Carlyle Group, Tiger Global",Private Equity,959.7,Private Equity
971,977,2017-03-27,sport flashes,Consumer Internet,Sports Based Online Media portal,New Delhi,"Vikas Bajaj, Amit Kharbanda,",Seed Funding,0.0,Seed Funding
972,978,2017-03-28,fynd,ECommerce,Online fashion marketplace,Mumbai,Venture Catalysts,Private Equity,4.7985,Private Equity
973,979,2017-03-28,wigzo,Technology,Enterprise Automation suite,New Delhi,3one4 capital,Private Equity,0.0,Private Equity
974,980,2017-03-28,donething,Consumer Internet,On-demand Personal Assistant service,Gurgaon,Brand Capital,Private Equity,2.8791,Private Equity
975,981,2017-03-29,zapyle,ECommerce,Luxury Fashion Marketplace,Bangalore,Undisclosed Investors,Seed Funding,0.0,Seed Funding
976,982,2017-03-29,ithaka,Consumer Internet,Vacation Trip Planning platform,Mumbai,"Ankit Gupta, Puneet Motihar",Seed Funding,3.119025,Seed Funding
977,983,2017-03-29,perpule,eCommerce,Self-Checkout ECommerce App,Bangalore,KStart Capital,Seed Funding,6.23805,Seed Funding
978,984,2017-03-29,byju's,Consumer Internet,Online Education Platform,Bangalore,Verlinvest,Private Equity,0.0,Private Equity
979,985,2017-03-29,licious,ECommerce,Online Meat Ordering platform,Bangalore,"Mayfield India, 3one4 Capital, Sistema Asia Fund, Neoplux Technology Fund",Private Equity,95.97,Private Equity
980,986,2017-03-29,medinfi,Consumer Internet,Doctor & Hospital search Platform,Bangalore,"Vinod Martin, Hemant Kaul, Prof. Ram Kumar Kakani & Others",Seed Funding,0.47985,Seed Funding
981,987,2017-03-30,indus os,Technology,Mobile OS creator,Mumbai,"JSW Ventures, VenturEast",Private Equity,0.0,Private Equity
982,988,2017-03-30,emflux motors,Technology,Electric Motorcycle manufacturer,Bangalore,"Meher Roy, Nikhil Arora, Meet Kanodia, Krit Sankalp, Nitish Singh, Risabh Gupta",Seed Funding,0.0,Seed Funding
983,989,2017-03-30,klinic app,Consumer Internet,Pathology & Diagnostic Tests Portal,Gurgaon,Om Chaudhry,Seed Funding,0.0,Seed Funding
984,990,2017-03-31,jhakaas,Consumer Internet,Offline Business Aggregator App,Mumbai,"Malini Patel, Stelcore Management Services, Anjani Prasad",Seed Funding,1.487535,Seed Funding
985,991,2017-03-31,oriano solar,Technology,Turnkey Solar Solutions,Mumbai,Samridhi Fund,Private Equity,28.791,Private Equity
986,992,2017-03-31,bigbasket,ECommerce,Online Grocer,Bangalore,Trifecta Capital,Private Equity,67.179,Private Equity
987,993,2017-03-31,rooter,Consumer Internet,Sports engagement platform,New Delhi,Intex Technologies,Private Equity,0.0,Private Equity
988,994,2017-03-31,falconbrick,Technology,Real-Estate Workflow mobile app,Bangalore,"Satveer Thakral, LetsVenture, Mumbai Angels",Seed Funding,0.0,Seed Funding
989,995,2017-03-31,icertis,Technology,ERP solutions provider,Pune,"B Capital Group, Ignition Partners, Greycroft, e.ventures, Eight Roads Ventures",Private Equity,239.925,Private Equity
990,996,2017-02-02,clodura,Technology,Intelligent Sales Assistant,Pune,Undisclosed Investors,Seed Funding,0.0,Seed Funding
991,997,2017-02-03,stockroom.io,Consumer Internet,Curated Platform for Developers,Hyderabad,"Satya D Sinha, Gyanendra Singh",Seed Funding,0.0,Seed Funding
992,998,2017-02-06,capital float,Consumer Internet,Online lending platform,Bangalore,IFMR Capital Finance,Private Equity,23.9925,Private Equity
993,999,2017-02-06,imanagemyhotel,Technology,Hotel Management Solution,Kolkata,Jaarvis Accelerator,Seed Funding,0.0,Seed Funding
994,1000,2017-02-07,inner hour,Consumer Internet,Online Counselling Platform,Mumbai,"Batlivala & Karani Securities, Venture Works",Seed Funding,4.31865,Seed Funding
995,1001,2017-02-07,travel triangle,Consumer Internet,Online travel agent marketplace,Noida,"RB Investments, SAIF Partners, Bessemer Venture Partners",Private Equity,95.97,Private Equity
996,1002,2017-02-08,wandertrails,Consumer Internet,"Online Travel, Adventure & Activities Portal",Bangalore,Earlsfield Capital,Seed Funding,9.597,Seed Funding
997,1003,2017-02-08,zenatix,Technology,IoT Based Energy Monitoring & Control,Gurgaon,"pi Ventures, Blume Ventures",Private Equity,11.5164,Private Equity
998,1004,2017-02-08,cartrade,Consumer Internet,Automobile Classifieds Portal,Mumbai,Temasek Holdings,Private Equity,527.835,Private Equity
999,1005,2017-02-08,mindyourfleet,Technology,Car Rental Software Solutions,Noida,"Japan Vyas, Tarun Adlakha",Seed Funding,0.0,Seed Funding
1000,1006,2017-02-08,edurev,Consumer Internet,Online Education Portal,Gurgaon,Facebook FB Start programme,Seed Funding,0.38388,Seed Funding
1001,1007,2017-02-09,voonik,ECommerce,Women Apparel & Lifestyle etailer,Bangalore,"RB Investments, Sequoia Capital",Private Equity,57.582,Private Equity
1002,1008,2017-02-09,1crowd,Finance,Startup Crowd-funding platform,Mumbai,Ganesh Natarajan,Seed Funding,0.0,Seed Funding
1003,1009,2017-02-09,wooplr,ECommerce,Women Fashion Portal,Bangalore,"Sistema Asia Fund, Amereus Group, Helion Ventures",Private Equity,76.776,Private Equity
1004,1010,2017-02-10,48east,ECommerce,Online Food Delivery Platform,Bangalore,Al Dhaheri family,Private Equity,4.7985,Private Equity
1005,1011,2017-02-10,redesyn,Consumer Internet,Tech Enabler for Artists,Mumbai,ThinQbate,Seed Funding,0.0,Seed Funding
1006,1012,2017-02-13,sigtuple,Technology,Medical Automation platform,Bangalore,"Accel Partners, IDG Ventures, Endiya Partners, pi Ventures, VH Capital, Axilor Partners",Private Equity,55.6626,Private Equity
1007,1013,2017-02-13,flutura,Technology,Decision Sciences Analytics Solutions,Bangalore,"Vertex Ventures, Lumis Partners",Private Equity,71.9775,Private Equity
1008,1014,2017-02-13,wassup,Consumer Internet,On Demand Laundry & Dry Cleaning Services,Chennai,Anil Jain & other HNIs,Private Equity,30.7104,Private Equity
1009,1015,2017-02-13,better mortgage,Consumer Internet,Mortgage Offering Platform,Gurgaon,"Kleiner Perkins, Goldman Sachs, Pine Brook",Private Equity,143.955,Private Equity
1010,1016,2017-02-13,nurturey,Consumer Internet,Parenting Mobile App,New Delhi,Mohit Joshi & Others,Seed Funding,3.16701,Seed Funding
1011,1017,2017-02-13,fyle,Technology,Expense Management Solution,Bangalore,Pravega Ventures,Seed Funding,3.8388,Seed Funding
1012,1018,2017-02-14,gobumpr,Consumer Internet,Online Bike & Car Services provider,Chennai,"Mahalingam K, Girish Mathrubootham",Seed Funding,2.8791,Seed Funding
1013,1019,2017-02-14,ccavenue,Consumer Internet,Online Payment Gateway,Mumbai,Infibeam,Private Equity,214.9728,Private Equity
1014,1020,2017-02-14,connaizen,Technology,Data Analytics platform,New Delhi,Vikram Sud,Seed Funding,0.0,Seed Funding
1015,1021,2017-02-15,innov8,Consumer Internet,Co-Working Space Platform,New Delhi,"Vijay Shekhar Sharma, Rajan Anandan, Kunal Shah, Girish Mathrubootham, Punit Soni, Anand Chandrasekaran, Sunil Kalra, Utsav Somani, Vishal Gondal, Vikram Limaye",Seed Funding,0.0,Seed Funding
1016,1022,2017-02-15,zestmoney,Consumer Internet,Online Consumer Lending platform,Bangalore,"PayU, Ribbit Capital, Omidyar Network",Private Equity,62.3805,Private Equity
1017,1023,2017-02-15,airzaar,Technology,Drone operations management platform,Missourie,Quake Capital,Seed Funding,3.35895,Seed Funding
1018,1024,2017-02-16,truebil,Consumer Internet,Online Marketplace for Used Cars,Mumbai,Shunwei Capital,Private Equity,28.791,Private Equity
1019,1025,2017-02-16,yourstory,Consumer Internet,Online Media,Bangalore,"Kalaari Capital Partners, Qualcomm, 3ONE4 Capital Advisors, UC-RNT",Private Equity,28.791,Private Equity
1020,1026,2017-02-17,imaginate,Technology,AR & VR platform,Hyderabad,SRI Capital,Seed Funding,4.7985,Seed Funding
1021,1027,2017-02-17,the ken,Consumer Internet,Online Media Platform,Bangalore,"Aprameya Radhakrishna, Deepak Natraj, Girish Mathrubootham, Mahesh Murthy, Pallav Nadhani, Pavan Ongole, Sandeep Mathur, Vijay Shekhar Sharma & Others",Seed Funding,3.8388,Seed Funding
1022,1028,2017-02-17,urban ladder,ECommerce,Online Furniture Store,Bangalore,"Kalaari Capital, SAIF Partners, Steadview Capital, Sequoia Capital",Private Equity,145.8744,Private Equity
1023,1029,2017-02-17,aisle,Consumer Internet,Online match-making app,Bangalore,"Konglo Ventures, White Unicorn Ventures, LetsVenture",Seed Funding,0.0,Seed Funding
1024,1030,2017-02-17,townscript,Consumer Internet,DIY event registration and ticketing portal,Pune,BookMyShow,Private Equity,0.0,Private Equity
1025,1031,2017-02-17,leopetra,eCommerce,Solution provider for pet needs,Mumbai,Facebook FBStart,Seed Funding,0.38388,Seed Funding
1026,1032,2017-02-18,blood n care,Consumer Internet,First Aid care app,Gurgaon,Facebook FBStart,Seed Funding,0.38388,Seed Funding
1027,1033,2017-02-20,flipkart,eCommerce,Online Marketplace,Bangalore,"Bennett, Coleman and Co. Ltd (BCCL)",Private Equity,371.4039,Private Equity
1028,1034,2017-02-21,true balance,Consumer Internet,Mobile balance Checking App,Gurgaon,"Softbank Ventures Korea, IMM Investment",Private Equity,143.955,Private Equity
1029,1035,2017-02-22,vebbler,Consumer Internet,Photo Sharing for Groups,Bangalore,Facebook FBStart,Seed Funding,0.38388,Seed Funding
1030,1036,2017-02-23,get my parking,Consumer Internet,Smart Parking Platform,New Delhi,"Indian Angel Network (IAN), BEENEXT, The Chennai Angels, Sunil Munjal",Private Equity,10.5567,Private Equity
1031,1037,2017-02-23,lets reap,Consumer Internet,B2B Mobile App for Pharmacies,Mumbai,"Kunal Shah, Sandeep Tandon, Nitin Saluja, Gagan Goyal",Seed Funding,0.0,Seed Funding
1032,1038,2017-02-24,oglas,Consumer Internet,Mobile Advertising App,Noida,"Pankaj Rungta, Yogesh Agarwal",Seed Funding,0.0,Seed Funding
1033,1039,2017-02-27,staydobe,Consumer Internet,Co-Living Spaces Aggregator,Bangalore,Ishan Manaktala,Seed Funding,0.0,Seed Funding
1034,1040,2017-02-27,biryani by kilo,Consumer Internet,Online Food Ordering & Delivery Portal,Gurgaon,"Chandigarh Angels, Ashish Gupta, Rohit, Ashish Chand, Sunil Singh & Others",Seed Funding,3.598875,Seed Funding
1035,1041,2017-02-27,johari shop,ECommerce,Online Jewellery etailer,Bangalore,Undisclosed Investors,Seed Funding,0.902118,Seed Funding
1036,1042,2017-02-28,neostencil,Consumer Internet,Live Online Coaching Classes,New Delhi,"Brand Capital, Paragon Trust",Private Equity,9.597,Private Equity
1037,1043,2017-02-28,blackbuck,Logistics,Online freight aggregator,Bangalore,"Sands Capital, IFC, Accel Partners, Flipkart, Sanjiv Rangrass",Private Equity,671.79,Private Equity
1038,1044,2017-01-02,taxsutra,Consumer Internet,Online Tax Filing platform,Pune,"TV Mohandas Pai, V Balakrishnan, PV Srinivasan",Seed Funding,3.512502,Seed Funding
1039,1045,2017-01-03,tempogo,Technology,IoT & SAAS Solutions for Transportation Industry,Panaji,K2 Capital,Seed Funding,7.917525,Seed Funding
1040,1046,2017-01-03,gofynd,ecommerce,Fashion ecommerce portal,Mumbai,"Anand Chandrasekaran, Rajiv Mehta, Ramakant Sharma",Seed Funding,0.0,Seed Funding
1041,1047,2017-01-03,vow car clinic,Consumer Internet,Online/App Based Car cleaning service provider,Gurgaon,Vishal Malik,Seed Funding,0.0,Seed Funding
1042,1048,2017-01-04,learntron,Technology,Blended Learning Delivery App for Schools & Corporates,Chennai,Kae Capital,Seed Funding,0.0,Seed Funding
1043,1049,2017-01-05,mobident,Consumer Internet,Dentist Appointments booking platform,Bangalore,DanGold Investment Corp,Private Equity,0.0,Private Equity
1044,1050,2017-01-05,yostra,Technology,Healthcare Technology Solutions,Bangalore,"Marico Innovation Foundation (MIF), Villgro",Private Equity,0.0,Private Equity
1045,1051,2017-01-06,leap india,Logistics,Supply Chain Solutions Provider,Mumbai,"India Nivesh Growth Fund, Sixth Sense, TCI Ventures",Private Equity,124.761,Private Equity
1046,1052,2017-01-07,freecharge,Consumer Internet,Mobile Wallet,Mumbai,Jasper Infotech Pvt Ltd,Private Equity,547.029,Private Equity
1047,1053,2017-01-09,ticketnew,Consumer Internet,Movie Ticket Booking platform,Chennai,Alibaba Pictures,Private Equity,335.895,Private Equity
1048,1054,2017-01-10,intelligence node,Technology,SAAS Based Retail Analytics Solutions,Mumbai,BlackSoil Capital Pvt Ltd,Private Equity,7.6776,Private Equity
1049,1055,2017-01-10,securens,Technology,e-surveillance services provider,Mumbai,"Mayfield India, Trifecta Capital",Private Equity,47.985,Private Equity
1050,1056,2017-01-10,loan frame,Consumer Internet,Small Business Loans Marketplace platform,Gurgaon,"Vedanta Capital, William Campbell, Toos N Daruvala",Private Equity,21.59325,Private Equity
1051,1057,2017-01-10,driveskool,Consumer Internet,online marketplace for driving schools,Bangalore,Aavya Ventures,Seed Funding,0.0,Seed Funding
1052,1058,2017-01-10,medinfi,Consumer Internet,Doctor & Clinic Discovery portal,Bangalore,"Vinod Martin, Evan Lim, Kanchan Ghoshal, Ram Kumar Kakani",Seed Funding,0.9597,Seed Funding
1053,1059,2017-01-10,lenskart,eCommerce,Online eyewear retailer,Bangalore,Ronnie Screwvala,Private Equity,33.5895,Private Equity
1054,1060,2017-01-11,instaoffice,Consumer Internet,CoWorking Spaces booking platform,Gurgaon,"Zishaan Hayath, Karan Chellani, Mohit Satyan",Seed Funding,0.0,Seed Funding
1055,1061,2017-01-12,hansel.io,Consumer Internet,Real-time Mobile App Management Platform,Bangalore,"IDG Ventures, Endiya Partners",Private Equity,12.95595,Private Equity
1056,1062,2017-01-12,square yards,Consumer Internet,Property Search Aggregator platform,Gurgaon,"Lohia Group, Andre Hoffman",Private Equity,95.97,Private Equity
1057,1063,2017-01-13,roambee,Technology,IoT smart Logistics and Asset Management Company,Mumbai,Deutsche Telekom Strategic Investments & Others,Private Equity,39.3477,Private Equity
1058,1064,2017-01-13,paisawapas,Consumer Internet,Cashback & Coupons platform,Bangalore,Vividhity Ventures,Seed Funding,0.0,Seed Funding
1059,1065,2017-01-13,iservice,Consumer Internet,Gadgets Repair & Service Booking platform,Bangalore,"Blume Ventures, Girish Mathrubootham, Aprameya Radhakrishna",Seed Funding,4.22268,Seed Funding
1060,1066,2017-01-14,unacademy,Consumer Internet,Online learning platform,Bangalore,"Nexus Venture Partners, Blume Ventures",Private Equity,43.1865,Private Equity
1061,1067,2017-01-14,secururax,Technology,Cloud-based solutions provider,Bangalore,"Axilor Ventures, Parampara Early Stage Opportunities Fund & Others",Private Equity,0.0,Private Equity
1062,1068,2017-01-16,leadburg,Consumer Internet,Personality Development Mobile App,Bangalore,"Harsh V. Pant, Ratheesh Raveendran",Seed Funding,0.0,Seed Funding
1063,1069,2017-01-16,zolostays,Consumer Internet,Branded PG Accomodation booking platform,Bangalore,"Nexus Venture Partners, Innoven Capital",Private Equity,47.985,Private Equity
1064,1070,2017-01-16,oi media,Technology,SAAS Based Media Marketing platform,New Delhi,Quarizon,Seed Funding,0.0,Seed Funding
1065,1071,2017-01-16,hipcouch,Consumer Internet,Custom & Modular Furniture platform,Mumbai,Undisclosed Investors,Seed Funding,6.7179,Seed Funding
1066,1072,2017-01-17,curiositi,Consumer Internet,Online Learning Platform,Bangalore,"Menterra Social Impact Fund, Unitus Seed Fund",Private Equity,7.6776,Private Equity
1067,1073,2017-01-17,tinystep,Consumer Internet,Parenting Info & Social Network,Bangalore,Flipkart,Private Equity,19.194,Private Equity
1068,1074,2017-01-17,practo,Consumer Internet,Online Healthcare platform,Bangalore,"Tencent, ru-Net, RSI Fund, Thrive Capital",Private Equity,527.835,Private Equity
1069,1075,2017-01-17,ketchupp,Consumer Internet,Food Discovery Platform,New Delhi,India Quotient and others,Seed Funding,4.232277,Seed Funding
1070,1076,2017-01-17,hoopy,Consumer Internet,Online Car Service Platform,Gwalior,undisclosed investors,Seed Funding,4.7985,Seed Funding
1071,1077,2017-01-17,ezytruk,Consumer Internet,Logistics and truck aggregator platform,Bangalore,"Ajith Nair, Anish K",Seed Funding,1.410759,Seed Funding
1072,1078,2017-01-18,kratikal,Technology,Cyber Security Solution provider,New Delhi,"Amajit Gupta, Praveen Dubey, J.P. Bhatt",Seed Funding,0.0,Seed Funding
1073,1079,2017-01-18,direct create,eCommerce,B2B Marketplace for Handicrafts,Gurgaon,Rajasthan Venture Capital Fund,Seed Funding,0.0,Seed Funding
1074,1080,2017-01-18,vahdam teas,eCommerce,Online Tea etailer,New Delhi,"Mumbai Angels Network, Fireside Ventures, Singapore Angel Network",Seed Funding,6.23805,Seed Funding
1075,1081,2017-01-18,qwikspec,Technology,Cloud-based construction,Bangalore,Undisclosed Investors,Seed Funding,2.8791,Seed Funding
1076,1082,2017-01-19,pparke,Consumer Internet,Parking Solutions mobile app,Bangalore,SB Ventures,Seed Funding,0.0,Seed Funding
1077,1083,2017-01-19,weddingz.in,Consumer Internet,Online Marketplace for Wedding Venues and vendors,Mumbai,Singularity Ventures,Private Equity,9.597,Private Equity
1078,1084,2017-01-19,native special,eCommerce,Indian Sweets & Snacks etailer,Karur,"Indian Angel Network, Native Angels Network",Seed Funding,0.0,Seed Funding
1079,1085,2017-01-19,fitnapp,Consumer Internet,Fitness Mobile App,Noida,SD Group,Private Equity,0.0,Private Equity
1080,1086,2017-01-20,ethosh,Technology,Visual and Interactive communications Solutions,Pune,Deepak Nathani,Seed Funding,0.0,Seed Funding
1081,1087,2017-01-20,wydr,eCommerce,B2B Wholesale Marketplace in India,Gurgaon,"Bessemer Venture Partners, Stellaris Venture Partners, Jungle Venture Partners, Axis Capital",Private Equity,0.0,Private Equity
1082,1088,2017-01-20,tyre express,Technology,IoT platform for Tyre Performance management & tracking,Mumbai,IvyCamp Ventures,Seed Funding,0.0,Seed Funding
1083,1089,2017-01-20,connaizen,Technology,Data Analytics platform,New Delhi,Umang Moondra,Seed Funding,0.0,Seed Funding
1084,1090,2017-01-22,messagif,Consumer Internet,social messaging platform,New Delhi,Undisclosed investor,Seed Funding,0.47985,Seed Funding
1085,1091,2017-01-23,smarthi,Technology,Audit automation Solutions,Pune,Singapore based investor,Seed Funding,0.0,Seed Funding
1086,1092,2017-01-23,cron systems,Technology,Border Intrusion Alert Solutions,New Delhi,YourNest Fund II,Seed Funding,0.0,Seed Funding
1087,1093,2017-01-23,cuemath,Technology,Maths Learning program,New Delhi,"CapitalG, Sequoia India",Private Equity,143.955,Private Equity
1088,1094,2017-01-23,chippersage,Technology,Online learning platform,Bangalore,India Educational Investment Fund,Seed Funding,0.0,Seed Funding
1089,1095,2017-01-24,selectjobs,Consumer Internet,Online Job portal,Mumbai,India Educational Investment Fund,Seed Funding,0.0,Seed Funding
1090,1096,2017-01-24,khel now,Consumer Internet,Mobile-based Social Platform for Sports,Bangalore,Indochine International,Private Equity,4.7985,Private Equity
1091,1097,2017-01-24,nowfloats,Consumer Internet,Platform to take businesses online,Hyderabad,"Iron Pillar and IIFL, Blume Ventures, Omidyar Network",Private Equity,95.97,Private Equity
1092,1098,2017-01-24,lets transport,Consumer Internet,Online transport vehicle booking platform,Bangalore,"GMO Japan, Neelesh Bhatnagar",Private Equity,38.388,Private Equity
1093,1099,2017-01-24,betaout,Technology,ECommerce Marketing Software,Noida,East Ventures & Others,Private Equity,0.0,Private Equity
1094,1100,2017-01-25,wishberry,Consumer Internet,Crowdfunding Platform,Mumbai,"Sharad Sharma, Rajan Anandan, Amit Ranjan, Alok Mittal & others",Seed Funding,0.0,Seed Funding
1095,1101,2017-01-25,rml agtech,Technology,Agri Decision Support Solution for farmers,Pune,IvyCap Ventures,Private Equity,38.388,Private Equity
1096,1102,2017-01-25,loyaltyprime,Technology,Loyalty program management solutions,New Delhi,"Senovo, Unternehmertum Venture Capital, Alexander Bruehl",Private Equity,0.0,Private Equity
1097,1103,2017-01-25,instasafe,Technology,Security-as-a-Service solution provider,Bangalore,ABM Knowledgeware,Private Equity,21.1134,Private Equity
1098,1104,2017-01-25,infibeam,eCommerce,eCommerce Marketplace,Ahmedabad,"Bennett, Coleman and Company Ltd",Private Equity,84.4536,Private Equity
1099,1105,2017-01-02,99games,Technology,Mobile Game Developer Studio,Udupi,Dream Incubator,Seed Funding,0.0,Seed Funding
1100,1106,2017-01-26,airmed labs,Consumer Internet,Health Tests Booking platform & ePharmacy,Ahmedabad,Brand Capital,Private Equity,13.4358,Private Equity
1101,1107,2017-01-26,99perhour,Consumer Internet,Hyper-local Handyman Service provider,Chennai,V Aanand R,Seed Funding,2.8791,Seed Funding
1102,1108,2017-01-26,kochi post,Consumer Internet,English Online News portal,Kochi,"Rajesh Yohannan, Puthen & Cole",Seed Funding,0.0,Seed Funding
1103,1109,2017-01-30,intuit things,Technology,IoT solutions for home automation applications,Mumbai,Sanjay Mehta & Others ( The Ten Minute Million),Seed Funding,1.017282,Seed Funding
1104,1110,2017-01-30,cloudrino,Technology,Cloud based Virtual Servers,New Delhi,The Ten Minute Million,Seed Funding,0.2159325,Seed Funding
1105,1111,2017-01-30,fabx,eCommerce,Used Furniture Marketplace,Mumbai,The Ten Minute Million,Seed Funding,0.652596,Seed Funding
1106,1112,2017-01-30,maptags,Consumer Internet,Smart Online address tags,Bangalore,The Ten Minute Million,Seed Funding,0.172746,Seed Funding
1107,1113,2017-01-30,yolo health,Consumer Internet,Online Healthcare platform,Mumbai,Chandigarh Angels Network (CAN),Seed Funding,0.0,Seed Funding
1108,1114,2017-01-31,heads up for tails,eCommerce,Online Pet Products Store,New Delhi,Undisclosed Investors,Private Equity,19.194,Private Equity
1109,1115,2017-01-31,register my marriage,Consumer Internet,Online Marriage Registration services,New Delhi,Mumbai Angels,Seed Funding,0.0,Seed Funding
1110,1116,2016-12-01,sidqam,Technology,Healthcare Software System,Noida,"SQue Capital, Grace Capital Ventures, Soham Vencaps",Private Equity,11.5164,Private Equity
1111,1117,2016-12-01,india lends,Consumer Internet,Online Instant personal Loan provider,New Delhi,"DSG Consumer Partners, American Express Ventures, Cyber Carrier VC, AdvantEdge Partners",Private Equity,38.388,Private Equity
1112,1118,2016-12-01,slide app,Consumer Internet,Lock screen Rewards mobile app,New Delhi,Songhyun Investment,Private Equity,34.5492,Private Equity
1113,1119,2016-12-02,badiyajobs,Consumer Internet,Entry-Level job Seekers platform,New Delhi,Undisclosed,Seed Funding,0.9597,Seed Funding
1114,1120,2016-12-02,streo,Consumer Internet,Live Music Streaming App,Bangalore,"GEMs Advisory, Quarizon",Seed Funding,0.0,Seed Funding
1115,1121,2016-12-02,tygr,Technology,Transport and logistics mobile App,Mumbai,Franchise India,Private Equity,28.791,Private Equity
1116,1122,2016-12-05,mr hot foods,Consumer Internet,Online Food Ordering & Delivery Portal,Indore,IvyCamp Ventures,Seed Funding,0.0,Seed Funding
1117,1123,2016-12-05,urdoorstep,eCommerce,Online Grocery Store,Bangalore,Lakshmi Vilas Bank & undisclosed HNIs,Private Equity,13.4358,Private Equity
1118,1124,2016-12-05,onn bikes,eCommerce,"On-demand, self-drive bike rental platform",Mumbai,Grace Capital Ventures,Seed Funding,0.0,Seed Funding
1119,1125,2016-12-06,diro labs,Consumer Internet,Mobile Contacts Management app,New Delhi,Info Edge (India),Seed Funding,1.410759,Seed Funding
1120,1126,2016-12-06,thb,Technology,Clinical research and data analytics,Gurgaon,"Ajith Sukumaran, Currae Healthtech Fund",Seed Funding,0.0,Seed Funding
1121,1127,2016-12-07,lookatme,Consumer Internet,Mobile App based Fashion Network,Singapore,Eros Labs,Seed Funding,0.0,Seed Funding
1122,1128,2016-12-07,netree,eCommerce,Mobile-only Retailers Engagement Solution,New Delhi,"The Chennai Angels, LetsVenture",Seed Funding,0.0,Seed Funding
1123,1129,2016-12-07,bookeventz,Consumer Internet,"Venue, Events Booking platform",Mumbai,Investors from Mumbai Angels & LetsVenture,Seed Funding,0.0,Seed Funding
1124,1130,2016-12-07,tailslife,Consumer Internet,Pet Parenting mobile app,Bangalore,"Mohan Kumar, V. Balakrishnan",Seed Funding,0.0,Seed Funding
1125,1131,2016-12-07,revv,Consumer Internet,Self-Driven Car Services booking portal,New Delhi,Edelweiss Private Equity,Private Equity,86.373,Private Equity
1126,1132,2016-12-07,wealthapp,Consumer Internet,Online Investment Advisory platform,Bangalore,"Venk Krishnan, MJ Aravind, Vikram Kotak, Jayant Davar, Ramkumar Nishtal, Arjun Sharmaa",Seed Funding,4.22268,Seed Funding
1127,1133,2016-12-07,vehico,Technology,Connected Transportation solutions,Bangalore,"Calcutta Angel Network, Appliyifi",Seed Funding,0.0,Seed Funding
1128,1134,2016-12-08,zest money,Consumer Internet,Online Consumer Lending platform,Mumbai,PayU,Private Equity,62.3805,Private Equity
1129,1135,2016-12-08,gomechanic,Consumer Internet,Online Car servicing Booking platform,Gurgaon,Venture Catalysts,Seed Funding,2.39925,Seed Funding
1130,1136,2016-12-09,stalk buy love,eCommerce,Fashion Apparel eTailer,New Delhi,Kalaari Capital,Private Equity,57.582,Private Equity
1131,1137,2016-12-09,nykaa,eCommerce,Beauty Products etailer,Mumbai,Max Ventures and Industries,Private Equity,0.0,Private Equity
1132,1138,2016-12-09,wittyparot,Technology,Content Management & Productivity platform,Bangalore,Mumbai Angels,Seed Funding,4.31865,Seed Funding
1133,1139,2016-12-09,neuroequilibrium,Technology,Health-Tech platform,Jaipur,Unicorn India Ventures,Seed Funding,2.39925,Seed Funding
1134,1140,2016-12-12,xseed education,Technology,Education & learning Tech platform,Bangalore,Verlinvest SA,Private Equity,95.97,Private Equity
1135,1141,2016-12-12,rupaiya exchange,Consumer Internet,P2P Lending platform,New Delhi,Undisclosed Investors,Seed Funding,1.9194,Seed Funding
1136,1142,2016-12-12,doctor insta,Consumer Internet,Online Doctor Consulting platform,Gurgaon,RoundGlass Partners,Private Equity,19.194,Private Equity
1137,1143,2016-12-12,urbanpiper,Consumer Internet,Self-Branded Websites & Apps for Ecommerce,Bangalore,"Axilor, undisclosed investors",Seed Funding,0.0,Seed Funding
1138,1144,2016-12-12,fresh food concepts,Food & Beverage,Cold Press Juice manufacturer & seller,New Delhi,"Siddhartha Gupta, Ashvin Chadha",Seed Funding,19.194,Seed Funding
1139,1145,2016-12-13,indifi,Consumer Internet,Online lending platform,Gurgaon,Omidyar Network,Private Equity,95.97,Private Equity
1140,1146,2016-12-13,gocomet,Logistics,Marketplace for International Freight,Mumbai,"India Quotient, Rajul Garg, Rajesh Yabaji, Chanakya Hridaya, Ramasubramaniam B, Vishwanathan, Nobel House, Sunstone Capital",Seed Funding,0.0,Seed Funding
1141,1147,2016-12-13,ofbusiness,eCommerce,Online business-to-business (B2B) marketplace,Gurgaon,"Zodius Technology Opportunities Fund, Matrix Partners",Private Equity,106.5267,Private Equity
1142,1148,2016-12-14,fitmein,Consumer Internet,Fitness Discovery & Booking platform,New Delhi,"FiNC, GHV",Seed Funding,0.0,Seed Funding
1143,1149,2016-12-14,qacco,Consumer Internet,Hotel Booking platform,Gurgaon,"Lead Angels Network, Anbu Pandian, Prabhakar MR & Others",Seed Funding,1.43955,Seed Funding
1144,1150,2016-12-14,fitpass,Consumer Internet,Fitness center aggregator & Booking mobile app,New Delhi,Mumbai Angels,Seed Funding,9.597,Seed Funding
1145,1151,2016-12-14,moengage,Technology,User analytics and engagement platform,Bangalore,Anand Chandrasekaran,Seed Funding,0.0,Seed Funding
1146,1152,2016-12-14,ten3t health,Technology,medical grade wearable patch maker,Bangalore,"V. Krishna Prasad, Bhupen Shah & Others",Seed Funding,0.0,Seed Funding
1147,1153,2016-12-14,trading bells,Consumer Internet,Online Share & Commodity Broking platform,Indore,Swastika Investmart Ltd,Seed Funding,2.850309,Seed Funding
1148,1154,2016-12-15,serv'd,Consumer Internet,Financial Services For Unorganized Workforce,Pune,Digital Financial Service Lab,Seed Funding,0.9597,Seed Funding
1149,1155,2016-12-15,ideaforge,Technology,Drone Manufacturing,Mumbai,"WRV Capital and IndusAge Partners, Infosys Innovation Fund",Private Equity,95.97,Private Equity
1150,1156,2016-12-15,amagi media labs,Technology,Media Technology Solutions,Mumbai,"Emerald Media, Premji Invest",Private Equity,335.895,Private Equity
1151,1157,2016-12-15,pocket aces,Technology,Digital Entertainment Company,Mumbai,"Sequoia Capital India, North Base Media, Aarin Capital, 3one4 Capital, Axilor Ventures, Kunal Shah, Sandeep Tandon",Private Equity,28.791,Private Equity
1152,1158,2016-12-16,pi data centers,Technology,Cloud Data Center Solutions provider,Hyderabad,Epsilon Venture Partners,Private Equity,220.731,Private Equity
1153,1159,2016-12-16,tripshelf,Consumer Internet,Holiday Packages provider,New Delhi,"GEMS Advisory, Quarizon",Seed Funding,1.180431,Seed Funding
1154,1160,2016-12-19,events high,Consumer Internet,Events & Activities Marketplace,Bangalore,Axilor Ventures,Private Equity,0.0,Private Equity
1155,1161,2016-12-19,nobroker,Consumer Internet,Rental property search portal,Bangalore,"KTB Network, SAIF Partners, BEENEXT, Digital Garage",Private Equity,71.0178,Private Equity
1156,1162,2016-12-20,vivocarat,eCommerce,Online jewellery marketplace,Mumbai,Undisclosed Investors,Seed Funding,0.47985,Seed Funding
1157,1163,2016-12-20,tiyo,Consumer Internet,Doctor Search Mobile App,Kolkata,Ajith Nair,Seed Funding,0.0,Seed Funding
1158,1164,2016-12-20,zoomcar,Consumer Internet,Self-Driven Cab booking platform,Bangalore,Cyber Carrier CL,Private Equity,0.0,Private Equity
1159,1165,2016-12-20,byju's,Consumer Internet,Online Learning platform,Bangalore,International Financial Corporation,Private Equity,143.955,Private Equity
1160,1166,2016-12-21,supr daily,Consumer Internet,Daily Subscription based Delivery service,Mumbai,"Dr. Apoorv Ranjan Sharma, Anil Jain, Anuj Golecha, Krishna Jhunjhunwala, Anirudh Damani",Seed Funding,0.0,Seed Funding
1161,1167,2016-12-21,the bluebook,Consumer Internet,online to offline marketing platform,Bangalore,"Indian Angel Network, Let\\xe2\\x80\\x99s Venture",Seed Funding,4.7985,Seed Funding
1162,1168,2016-12-21,mamaearth,eCommerce,Babycare Products seller,New Delhi,Fireside Ventures & Others,Seed Funding,0.0,Seed Funding
1163,1169,2016-12-21,vegetall,eCommerce,Online Vegetable eTailer,Chennai,The Chennai Angels,Seed Funding,1.554714,Seed Funding
1164,1170,2016-12-22,innoplexus,Technology,Data as a Service Provider,Pune,HCS Venture capital fund,Private Equity,0.0,Private Equity
1165,1171,2016-12-22,mindler,Consumer Internet,Career Planning & Assessment platform,New Delhi,Taxmann,Seed Funding,3.109428,Seed Funding
1166,1172,2016-12-22,mcaffeine,eCommerce,Personal care product etailer,Bangalore,"Kaushal Agarwal, Harminder Sahani, KK Mehra, Pranay Jivrajka, Navjot Saini",Seed Funding,2.8791,Seed Funding
1167,1173,2016-12-23,enkast,Technology,Cloud based CRM for Agencies,Bangalore,Ivy League Alumni Angel Network,Private Equity,19.194,Private Equity
1168,1174,2016-12-23,shopkirana,eCommerce,B2B platform for Merchants & Retailers,Indore,"Incubate Fund, Lead Angels Group & Others",Private Equity,0.0,Private Equity
1169,1175,2016-12-23,myadvo,Consumer Internet,Legal Advice Platform,New Delhi,"Pradyumna Dalmia, S. Somasegar & Others",Seed Funding,0.0,Seed Funding
1170,1176,2016-12-23,asocon,Technology,Process management startup,Noida,Quarizon,Seed Funding,0.0,Seed Funding
1171,1177,2016-12-23,lexcomply,Consumer Internet,Compliance Management Software,New Delhi,Ajay Relan,Seed Funding,0.0,Seed Funding
1172,1178,2016-12-26,the postbox,eCommerce,Art & Lifestyle ECommerce Store,Chennai,"The Chennai Angels, Ritesh Mehta, Aruna Ganesh Ram",Seed Funding,0.0,Seed Funding
1173,1179,2016-12-26,pandorum technologies,Technology,3D printed experimental Human Liver tissue creator,Bangalore,"Sachin Bansal, Binny Bansal",Seed Funding,0.0,Seed Funding
1174,1180,2016-12-26,dekkho,Consumer Internet,Video Streaming platform,Mumbai,undisclosed investors,Seed Funding,11.5164,Seed Funding
1175,1181,2016-12-26,shadowfox,Logistics,On-Demand Delivery Service,Gurgaon,Eight Roads Ventures,Private Equity,95.97,Private Equity
1176,1182,2016-12-27,shopx,eCommerce,SAAS ECommerce Retail app,Bangalore,Nandan Nilekani,Private Equity,47.985,Private Equity
1177,1183,2016-12-28,bookeventz,Consumer Internet,Online event-booking platform,Mumbai,"Lead Angels, Mumbai Angels, LetsVenture, Girish Mathrubootham, Anbu Pandian",Seed Funding,0.0,Seed Funding
1178,1184,2016-12-29,healthifyme,Consumer Internet,Fitness Mobile App,Bangalore,NB Ventures,Private Equity,9.597,Private Equity
1179,1185,2016-12-29,letsmd,Consumer Internet,Healthcare plan comparison platform,New Delhi,"WaterBridge Ventures,",Seed Funding,0.0,Seed Funding
1180,1186,2016-12-29,justbooks,Consumer Internet,Library Chain Aggregator,Bangalore,CoCreate Ventures,Seed Funding,0.0,Seed Funding
1181,1187,2016-12-30,instantpay,Consumer Internet,Digital payments & recharge platform,New Delhi,"RB Investments, Kaleden Holdings",Private Equity,0.0,Private Equity
1182,1188,2016-11-01,pickmylaundry,Consumer Internet,On-Demand Washing & Dry Cleaning Services,New Delhi,"Kedar Lele, GHV Accelerator",Seed Funding,1.9194,Seed Funding
1183,1189,2016-11-02,freshdesk,Consumer Internet,SAAS Based HelpDesk Services,Chennai,"Sequoia Capital India, Accel Partners",Private Equity,527.835,Private Equity
1184,1190,2016-11-02,laundryanna,Consumer Internet,On-Demand Washing & Dry Cleaning Services,Bangalore,Undisclosed Investors,Seed Funding,1.43955,Seed Funding
1185,1191,2016-11-02,letsmd,Consumer Internet,Healthcare Services Comparison Platform,New Delhi,"Calcutta Angels Network, LetsVenture, Anupam Mittal, Currae Healthtech Fund",Seed Funding,0.0,Seed Funding
1186,1192,2016-11-02,sattviko,Food & Beverage,Health Food Restaurant Chain,New Delhi,"Raman Roy, Ashish Gupta, Yogesh Andlay, Vaibhav Jain",Seed Funding,0.0,Seed Funding
1187,1193,2016-11-03,zarget,Technology,SaaS-based web optimisation and marketing platform,Chennai,Sequoia India,Private Equity,57.582,Private Equity
1188,1194,2016-11-03,doselect,Consumer Internet,Skill Showcasing platform,Bangalore,"3one4 Capital, Mumbai Angels, Aarin Capital",Seed Funding,0.0,Seed Funding
1189,1195,2016-11-03,easypolicy,Consumer Internet,Online insurance Portal,Noida,"Unilazer Ventures,",Private Equity,95.97,Private Equity
1190,1196,2016-11-04,browntape,Technology,cloud-based software solutions company,Goa,Gati Ltd,Private Equity,0.0,Private Equity
1191,1197,2016-11-04,connect india,Logistics,Last mile Delivery Network,Bangalore,Aavishkaar Venture Management,Private Equity,9.597,Private Equity
1192,1198,2016-11-04,corseco,Technology,AI-based Software as a Service Solution provider,New Delhi,"Ameera Shah, Vivek Bhargava",Seed Funding,1.43955,Seed Funding
1193,1199,2016-11-04,vimmune,Consumer Internet,Immunisation Management Platform,Bangalore,Undisclosed investor,Seed Funding,0.0,Seed Funding
1194,1200,2016-11-04,the gourmet jar,eCommerce,Gourmet Food etailer,Noida,Chandigarh Angels Network,Seed Funding,0.0,Seed Funding
1195,1201,2016-11-05,medzin,eCommerce,Online ordering & Delivery of medicines,New Delhi,A M Sikander,Seed Funding,0.431865,Seed Funding
1196,1202,2016-11-05,bizongo,eCommerce,Packaging Material Marketplace,Mumbai,"IDG Ventures, Accel Partners",Private Equity,28.791,Private Equity
1197,1203,2016-11-07,rivigo,Technology,Technology based Logistics platform,Gurgaon,Warburg Pincus,Private Equity,719.775,Private Equity
1198,1204,2016-11-07,justride,Consumer Internet,Online Car Sharing platform,Mumbai,"Justin Kan, Qasar Younis, Paul Bucche, Susa Ventures, Kima Ventures, Axan Venture, SCM Holdings",Private Equity,28.791,Private Equity
1199,1205,2016-11-09,iim jobs,Consumer Internet,Online Job Portal,New Delhi,India Quotient,Private Equity,19.194,Private Equity
1200,1206,2016-11-09,square yards,Consumer Internet,Online Property Search Portal,Gurgaon,ADAG Reliance Private Equity,Private Equity,115.164,Private Equity
1201,1207,2016-11-10,golflan,Consumer Internet,Golf Session Online Bookings platform,New Delhi,"YourNest Angel Fund, iSON",Private Equity,9.597,Private Equity
1202,1208,2016-11-10,yottaasys,Technology,Data Sciences platform,Bangalore,Gleevoaz Ventures,Private Equity,0.0,Private Equity
1203,1209,2016-11-10,tone tag,Technology,Contactless Payment Solution,Bangalore,"Arun Seth, T.V. Mohandas Pai, Anand Chandrasekaran, Deepak Ghaisas",Private Equity,0.0,Private Equity
1204,1210,2016-11-11,life in control,Consumer Internet,Online Diabetes Management platform,Gurgaon,RoundGlass Partners,Private Equity,0.0,Private Equity
1205,1211,2016-11-14,active.ai,Technology,Banking & Fintech Platform,Singapore,"Kalaari Capital, IDG Ventures India",Private Equity,28.791,Private Equity
1206,1212,2016-11-14,elasticrun,Technology,Tech driven Logistic & distribution platform,Pune,"Kalaari Capital, Norwest Venture Partners",Private Equity,19.194,Private Equity
1207,1213,2016-11-15,nobroker,Consumer Internet,Online Rental discovery,Bangalore,Vijay Shekhar Sharma,Seed Funding,0.0,Seed Funding
1208,1214,2016-11-15,zefo,eCommerce,Used Furniture & Appliances Marketplace,Bangalore,"Sequoia India, BEENEXT, Helion Ventures",Private Equity,57.582,Private Equity
1209,1215,2016-11-15,playsimple,Technology,Mobile Gaming portal,Bangalore,"SAIF Partners, IDG Ventures India",Private Equity,38.388,Private Equity
1210,1216,2016-11-16,stasis labs,Technology,Cloud based health monitoring platform,Bangalore,"RTP-HC, Wonder Ventures, Techstars Ventures & Others",Private Equity,47.985,Private Equity
1211,1217,2016-11-17,scienaptic,Technology,Data Analytics platform,Bangalore,Pramod Bhasin,Seed Funding,0.0,Seed Funding
1212,1218,2016-11-17,koovs,eCommerce,Fashion eTailer,New Delhi,Times of India Group & Existing investors,Private Equity,129.5595,Private Equity
1213,1219,2016-11-17,lawrato,Consumer Internet,Free Legal Advice,New Delhi,Indian Angel Network,Seed Funding,0.0,Seed Funding
1214,1220,2016-11-17,trip tap toe,Consumer Internet,Online Travel Portal,Gurgaon,R.S Sharma,Seed Funding,0.0,Seed Funding
1215,1221,2016-11-17,pictor imaging,Consumer Internet,Product Photography Mobile App,Mumbai,Quarizon,Seed Funding,1.410759,Seed Funding
1216,1222,2016-11-18,gramcover,Finance,Insurance Marketplace for the Rural Sector,New Delhi,Omnivore Capital,Seed Funding,9.597,Seed Funding
1217,1223,2016-11-18,aermed,eCommerce,Online Pharmacy,Mumbai,Hitesh Windlass,Seed Funding,0.0,Seed Funding
1218,1224,2016-11-18,workindia,Consumer Internet,Job Board for Clue Collar Jobs,Mumbai,Asuka Holdings,Seed Funding,0.0,Seed Funding
1219,1225,2016-11-21,bats on delivery,Consumer Internet,"Online food, Grocery ordering & Delivery",Gurgaon,Devdeep Singh,Seed Funding,0.86373,Seed Funding
1220,1226,2016-11-21,numberz.in,Technology,Cash Flow Management Solution for Businesses,Gurgaon,"Kae Capital, Khosla Impact",Seed Funding,6.23805,Seed Funding
1221,1227,2016-11-22,housing.com,Consumer Internet,Real Estate Portal,Mumbai,Softbank Group,Private Equity,47.985,Private Equity
1222,1228,2016-11-22,awesummly,Consumer Internet,Short News Mobile App,Bangalore,"Vivek Bhargava, Ameera Shah",Seed Funding,1.410759,Seed Funding
1223,1229,2016-11-22,volt,Consumer Internet,Ed-Tech Platform,Mumbai,YMS Mobitech,Seed Funding,0.0,Seed Funding
1224,1230,2016-11-22,vymo,Technology,SaaS-based predictive analytics platform,Bangalore,Sequoia India,Private Equity,47.985,Private Equity
1225,1231,2016-11-22,shubhloans,Technology,Consumer Finance & Credit Score platform,Bangalore,"Sanjai Vohra, V. Bunty Bohra",Seed Funding,0.0,Seed Funding
1226,1232,2016-11-22,noddapp,Consumer Internet,App based networking platform,Mumbai,Undisclosed multiple investors,Seed Funding,1.410759,Seed Funding
1227,1233,2016-11-23,knowlarity,Consumer Internet,Cloud Telephony Platform,Bangalore,"Delta Partners, Sequoia India, Mayfield, Blacksoil, Trifecta Capital",Private Equity,191.94,Private Equity
1228,1234,2016-11-23,infisecure,Technology,Bot Protection Solutions,Mumbai,"IDG Ventures, Axilor Ventures",Seed Funding,5.7582,Seed Funding
1229,1235,2016-11-23,udaan,eCommerce,B2B Marketplace,Bangalore,"Lightspeed Venture Partners India, Lightspeed US",Private Equity,95.97,Private Equity
1230,1236,2016-11-24,froyofit,Consumer Internet,Fitness Discovery Platform,Indore,Dr. Pooja Gandhi,Seed Funding,0.0,Seed Funding
1231,1237,2016-11-24,betterplace,Consumer Internet,Background Verification Services,Bangalore,Venture Highway,Seed Funding,0.0,Seed Funding
1232,1238,2016-11-24,sharechat,Consumer Internet,Local Language Social Networking Platform,Mumbai,"Lightspeed India Partners, SAIF Partners, India Quotient, Venture Highway",Private Equity,38.388,Private Equity
1233,1239,2016-11-24,uclean,Consumer Internet,Tech Enabled Laundry Service Provider,Gurgaon,Franchise India,Private Equity,0.0,Private Equity
1234,1240,2016-11-24,servify,Consumer Internet,Personal Device Assistant App,Mumbai,"Blume Ventures, BEENEXT, Barkawi Holdings GmbH, TM Service Technology Holdings Gmbh, Sreevathsa Prabhakar",Private Equity,0.0,Private Equity
1235,1241,2016-11-25,hubilo,Consumer Internet,End-to-end Event Organizers Solutions,Ahmedabad,"Girish Mathrubootham, VC Karthic, Miten Mehta, Umasankar Nistala, Rakesh Patel, Akash Bhavsar, Jeevanandhan Rajagopal, Vikas Chadha & Others",Seed Funding,0.0,Seed Funding
1236,1242,2016-11-25,funongo,Consumer Internet,Digital Media Content and Distribution platform,Mumbai,Reliance Entertainment,Private Equity,0.0,Private Equity
1237,1243,2016-11-25,121policy,Consumer Internet,Online Insurance Platform,Kolkata,Xelpmoc,Seed Funding,0.0,Seed Funding
1238,1244,2016-11-26,tapchief,Consumer Internet,Professional Expert Advice Platform,Bangalore,"Paytm, Aprameya Radhakrishna, Subramanya Venkat, Venk Krishnan",Seed Funding,0.0,Seed Funding
1239,1245,2016-11-28,kloseby,Consumer Internet,proximity based Rewards platform,Bangalore,Undisclosed Investor,Seed Funding,0.9597,Seed Funding
1240,1246,2016-11-28,wholesalebox,eCommerce,B2B Wholesale Apparel Marketplace,Jaipur,"Manish Maheshwari, Contrarian Vriddhi Fund",Private Equity,19.194,Private Equity
1241,1247,2016-11-29,crossahead,Consumer Internet,Creative Artists Discovery & Booking platform,Noida,Mohit Sharma,Seed Funding,0.0,Seed Funding
1242,1248,2016-11-29,affordplan,Consumer Internet,Savings platform for Medical Expenses,New Delhi,"Prime Venture Partners, Kalaari Capital",Private Equity,28.791,Private Equity
1243,1249,2016-11-30,handytrain,Consumer Internet,Mobile App for SAAS based Training,Goa,"Silver Range Investments, Lumina Datamatics, Shun Yoshida & Others",Private Equity,9.597,Private Equity
1244,1250,2016-11-30,shopsup,eCommerce,Hyperlocal Shopping App,Bangalore,"Anand Sankeshwar, Yang Shu",Seed Funding,9.241911,Seed Funding
1245,1251,2016-11-30,indofash,eCommerce,Ethnic Indian Fashion Marketplace,Bangalore,"Shekhar Sahu, Nitesh Pant",Seed Funding,1.43955,Seed Funding
1246,1252,2016-11-30,entropika,Technology,"AI, Machine learning Solutions",Bangalore,"Dileep Bhatt, Milind Chaudhary",Seed Funding,1.9194,Seed Funding
1247,1253,2016-11-30,marianaiq,Technology,AI-driven B2B marketing platform,Bangalore,Exfinity Venture Partners,Private Equity,19.194,Private Equity
1248,1254,2016-11-30,chai thela,Food & Beverage,Quick Service Restaurants,Noida,Quarizon,Seed Funding,2.092146,Seed Funding
1249,1255,2016-11-30,interviewpad,Technology,Engineering Interview facilitation platform,Pune,Krishna Rokhale,Seed Funding,0.9597,Seed Funding
1250,1256,2016-11-30,math buddy,Consumer Internet,Online Math Learn,Vadodara,Menterra Social Impact Fund,Seed Funding,4.22268,Seed Funding
1251,1257,2016-11-30,pulse,Consumer Internet,Campus Social Networking App,Bangalore,SAIF Partners,Private Equity,4.7985,Private Equity
1252,1258,2016-11-30,monkeybox,Consumer Internet,Healthy Food Delivery platform,Bangalore,Blume Ventures & Others,Seed Funding,0.0,Seed Funding
1253,1259,2016-11-30,carcrew.in,Consumer Internet,Online Car repair Marketplace,Mumbai,TVS Group,Seed Funding,4.7985,Seed Funding
1254,1260,2016-10-03,merakisan,eCommerce,Fruit & vegetable eTailer,Bangalore,Mahindra Univeg,Seed Funding,0.0,Seed Funding
1255,1261,2016-10-03,mystifly,Consumer Internet,Airline Ticket Aggregator,Bangalore,Recruit Holdings,Private Equity,47.985,Private Equity
1256,1262,2016-10-03,helpchat,Consumer Internet,AI Powered Content & Commerce platform,Bangalore,"American Express Ventures, Sequoia Capital",Private Equity,0.0,Private Equity
1257,1263,2016-10-03,uniphore,Technology,Speech Recognition Solutions,Chennai,"IDG Ventures, Indian Angel Network (IAN), YourNest Angel Fund",Private Equity,19.194,Private Equity
1258,1264,2016-10-03,world art community,eCommerce,Art & Craft Marketplace,Gurgaon,Viraj Tyagi & Others,Seed Funding,1.9194,Seed Funding
1259,1265,2016-10-04,giftxoxo,eCommerce,Online Gifting platform,Bangalore,Mahindra Holidays & Resorts India Ltd,Private Equity,4.31865,Private Equity
1260,1266,2016-10-04,bharat bazaar,eCommerce,Online B2B Marketplace,Mumbai,"BeeNext, TV Mohandas Pai, Kunal Shah, Sandeep Tandon",Seed Funding,0.0,Seed Funding
1261,1267,2016-10-04,goqii,Consumer Internet,Health & Fitness Wearable Device,Mumbai,Ratan Tata,Private Equity,0.0,Private Equity
1262,1268,2016-10-04,india gifts portal,eCommerce,Online Gifting platform,Noida,"Naveen Arya, Tarun Joshi",Private Equity,19.194,Private Equity
1263,1269,2016-10-04,moglix,eCommerce,Industrial & Home products marketplace,Noida,"Accel Partners, Jungle Ventures, SeedPlus",Private Equity,40.3074,Private Equity
1264,1270,2016-10-04,netlinx,Consumer Internet,Internet Service Provider,Hyderabad,"Xchange Investors NV, TransGlobal FZC",Private Equity,28.791,Private Equity
1265,1271,2016-10-04,scandid,Consumer Internet,Product Shopping Comparison App,Pune,3One4 Capital,Private Equity,0.0,Private Equity
1266,1272,2016-10-04,remitr,Consumer Internet,Foreign Currency Payments Platform,Mumbai,"Vijay Shekhar Sharma, Pravin Gandhi, Smart Start Fund; Kunal Shah, Sandeep Tandon, Vishal Gondal, & Others",Seed Funding,9.597,Seed Funding
1267,1273,2016-10-04,innerchef,Consumer Internet,Online food ordering platform,Gurgaon,"Mistletoe, M&S Partners",Private Equity,23.9925,Private Equity
1268,1274,2016-10-04,appsdaily,Consumer Internet,"Mobile Phone Theft, Damage Protection platform",Mumbai,"Zodius Capital, Kalaari Capital, Qualcomm Ventures, Russian venture capital fund Ru-Net, Mumbai Angels",Private Equity,35.98875,Private Equity
1269,1275,2016-10-05,muhurtmaza,Consumer Internet,Online Puja Booking Service,Pune,Undisclosed Investor,Seed Funding,0.0,Seed Funding
1270,1276,2016-10-05,azuro,Consumer Internet,Rental Property Finder platform,Mumbai,"White Unicorn Ventures, Kae Capital, Mumbai Angels",Private Equity,0.0,Private Equity
1271,1277,2016-10-05,neurosynaptic,Technology,Remote Healthcare Delivery Solutions,Bangalore,"Indian Angel Network, Healthsquad, Axilor Ventures",Private Equity,0.0,Private Equity
1272,1278,2016-10-05,ue lifesciences,Technology,Mobile Health Technology Solutions,Mumbai,"Kiran Mazumdar-Shaw, Unitus Seed Fund",Private Equity,11.5164,Private Equity
1273,1279,2016-10-06,findmeashoe,Consumer Internet,Footwear Recommendation App,Bangalore,Ventureast Fund Advisors,Seed Funding,0.0,Seed Funding
1274,1280,2016-10-06,realbox,Technology,Data Sciences Platform,Noida,Hyderabad Angels,Seed Funding,2.8791,Seed Funding
1275,1281,2016-10-06,sportido,Consumer Internet,Sports Discovery platform,Noida,Sumpoorna Group,Seed Funding,0.0,Seed Funding
1276,1282,2016-10-06,gozefo,eCommerce,Used Furniture & Appliances Marketplace,Bangalore,"Helion Venture Partners, BeeNext",Private Equity,10.07685,Private Equity
1277,1283,2016-10-07,rayiot,Technology,Baby Monitoring Devices manufacturer,Bangalore,HAX Accelerator,Seed Funding,0.9597,Seed Funding
1278,1284,2016-10-07,kooh sports,Technology,Sports Training & Technology,Mumbai,"HDFC, Faering Capital, Elevate Sports",Private Equity,21.1134,Private Equity
1279,1285,2016-10-07,flexiloans,Consumer Internet,Online Funds Raising Platform,Mumbai,"Sanjay Nayar, Vikram Sud, Anil Jaggia, Narayan Seshadri",Private Equity,143.955,Private Equity
1280,1286,2016-10-07,sibia analytics,Technology,Marketing & Customer Analytics Solutions,Kolkata,Radhakrishnan Natarajan & Others,Seed Funding,0.0,Seed Funding
1281,1287,2016-10-10,vithi.com,eCommerce,Online Hair Extension etailer,New Delhi,undisclosed investor,Seed Funding,3.598875,Seed Funding
1282,1288,2016-10-11,yupp tv,Consumer Internet,Internet-based TV streaming service provider,Bangalore,Emerald Media,Private Equity,479.85,Private Equity
1283,1289,2016-10-11,deyor camps,Consumer Internet,Branded Camping location Aggregator,Gurgaon,"Nitin Passi, Manickam Mahalingam, Udaan Angels, Rajesh Arora, Arkas Industries",Seed Funding,4.7985,Seed Funding
1284,1290,2016-10-12,ziploan,Consumer Internet,online lending platform,New Delhi,"GrowX Ventures, Sunil Kalra, Arun Venkatachalam, Badal Malick",Seed Funding,0.0,Seed Funding
1285,1291,2016-10-13,faballey,ecommerce,online fashion brand store,Noida,"India Quotient, FAO Ventures, Indian Angel Network, Tushar Singh, Ranjan Sharma",Private Equity,19.194,Private Equity
1286,1292,2016-10-13,shoekonnect,eCommerce,B2B Marketplace for Shoes,Agra,Indian Angel Network,Seed Funding,0.0,Seed Funding
1287,1293,2016-10-13,maya,Consumer Internet,Womens Health Tracker App,Bangalore,Rajan Anandan,Seed Funding,0.0,Seed Funding
1288,1294,2016-10-13,robovac,Technology,waterless car washing solution,Ahmedabad,Virendra Patel,Seed Funding,4.31865,Seed Funding
1289,1295,2016-10-14,newspatrolling,Consumer Internet,Online News portal,New Delhi,Undisclosed,Seed Funding,0.239925,Seed Funding
1290,1296,2016-10-14,postman,Consumer Internet,API Platform,Bangalore,Nexus Venture Partners,Private Equity,67.179,Private Equity
1291,1297,2016-10-14,isfc,Finance,Education Sector Lending,Hyderabad,Gray Matters Capital,Private Equity,57.582,Private Equity
1292,1298,2016-10-14,beatroute,Technology,SAAS based mobile application platform,Gurgaon,Quarizon Consultancy Services LLP,Seed Funding,0.0,Seed Funding
1293,1299,2016-10-14,kidsstoppress,Consumer Internet,Parenting and Baby care Platform,Mumbai,Karan Bhagat,Seed Funding,0.0,Seed Funding
1294,1300,2016-10-14,innov8,Consumer Internet,Co-Working Spaces aggregator,Bangalore,Punit Soni,Seed Funding,0.0,Seed Funding
1295,1301,2016-10-15,dailyhunt,Consumer Internet,Vernacular content mobile app,Bangalore,"ByteDance, Arun Sarin, Matrix Partners, Sequoia Capital India, Omidyar Network, Falcon Edge",Private Equity,239.925,Private Equity
1296,1302,2016-10-15,tazzo bikes,Consumer Internet,Motorbike rental platform,Hyderabad,DSG Consumer Partners,Seed Funding,2.178519,Seed Funding
1297,1303,2016-10-15,mykindofjob,Consumer Internet,Internet & Fresher Job platform,Mumbai,"Mayank Shah, Shreyans Shah",Seed Funding,9.597,Seed Funding
1298,1304,2016-10-17,trilyo,Technology,B2B SAAS based product,Bangalore,"Vishnu Bhat, Rajiv Lunkad, Naresh Ravindranath",Seed Funding,0.0,Seed Funding
1299,1305,2016-10-17,rooter,Consumer Internet,Sports Social Network mobile app,New Delhi,"Boman Irani, Dhruv Chitgopekar, Prantik Dasgupta",Seed Funding,0.0,Seed Funding
1300,1306,2016-10-17,yumigo,Consumer Internet,App based Travel Discovery and Transactions platform,Gurgaon,Hemant Sahni,Seed Funding,2.8791,Seed Funding
1301,1307,2016-10-17,rentalpha,Others,equipment rental and leasing company,Mumbai,Bravia Capital,Private Equity,153.552,Private Equity
1302,1308,2016-10-18,3dexter,Technology,3D Printing Solutions for Edu space,New Delhi,Newbie Promoters,Seed Funding,1.43955,Seed Funding
1303,1309,2016-10-18,babychakra,Consumer Internet,Parenting and Child Care portal,Mumbai,RoundGlass Partners,Private Equity,0.0,Private Equity
1304,1310,2016-10-18,coppre,eCommerce,Copper based items etailer,Pune,Ganesh Natarajan,Seed Funding,0.0,Seed Funding
1305,1311,2016-10-18,mysun,Technology,Solar Energy harnessing products marketplace,Noida,General Catalyst Partners,Private Equity,23.9925,Private Equity
1306,1312,2016-10-18,epathsala,Technology,Cloud based ERP for Accreditation & ICT,Bangalore,"Hyderabad Angels, TLabs",Seed Funding,0.0,Seed Funding
1307,1313,2016-10-19,furlenco,Consumer Internet,Online Furniture Rental platform,Bangalore,"Lightbox Ventures, Axis Capital & Others",Private Equity,287.91,Private Equity
1308,1314,2016-10-19,fisdom,Consumer Internet,Personal Wealth Management Platform & App,Bangalore,"Saama Capital, Raghunandan G, Aprameya Radhakrishna",Private Equity,10.5567,Private Equity
1309,1315,2016-10-19,actofit,Technology,Wearable Technology platform & devices,Mumbai,Next Orbit Ventures Fund,Private Equity,7.19775,Private Equity
1310,1316,2016-10-20,stayology,Consumer Internet,Stay & Travel related services,Bangalore,Ranjan Pai,Seed Funding,0.0,Seed Funding
1311,1317,2016-10-20,hipcask,Consumer Internet,Alcoholic beverage discovery platform,Mumbai,Mobikon,Seed Funding,0.0,Seed Funding
1312,1318,2016-10-20,railyatri,Consumer Internet,Train Travel Info mobile app,Noida,"Helion Ventures, Blume ventures",Private Equity,0.0,Private Equity
1313,1319,2016-10-21,chatongo,Consumer Internet,Hyperlocal Communication Mobile app,Mumbai,Janak Jain,Seed Funding,2.8791,Seed Funding
1314,1320,2016-10-23,wotu,eCommerce,B2B Marketplace for traders,Bangalore,KAE capital,Seed Funding,0.0,Seed Funding
1315,1321,2016-10-24,healthians,Consumer Internet,Health Test Discovery & Ordering service,Gurgaon,BEENEXT,Private Equity,28.791,Private Equity
1316,1322,2016-10-24,box8,Consumer Internet,Online Food Ordering platform/App,Mumbai,"IIFL Seed Ventures Fund, Mayfield Ventures",Private Equity,71.9775,Private Equity
1317,1323,2016-10-25,kredx,eCommerce,Invoice discounting marketplace,Bangalore,Sequoia Capital,Private Equity,57.582,Private Equity
1318,1324,2016-10-25,creditmate,Consumer Internet,Credit Report Info platform,Mumbai,India Quotient,Seed Funding,4.7985,Seed Funding
1319,1325,2016-10-25,pickrr,Technology,Courier Logistics & Order management Solutions,New Delhi,Swastika Company Ltd,Seed Funding,0.0,Seed Funding
1320,1326,2016-10-25,satvakart,eCommerce,Online Grocery Etailer,Gurgaon,Nimit Panigrahi,Seed Funding,0.0,Seed Funding
1321,1327,2016-10-25,soopermo,Technology,Android utility app suite creator,Gurgaon,Lalit Vase,Seed Funding,0.9597,Seed Funding
1322,1328,2016-10-26,orangetwig,Consumer Internet,Social Media Marketing platform,New Delhi,Undisclosed investor,Seed Funding,9.597,Seed Funding
1323,1329,2016-10-26,wooplr,Consumer Internet,Fashion Discovery App,Bangalore,"Astarc Ventures, Anand Chandrasekaran",Seed Funding,0.0,Seed Funding
1324,1330,2016-10-26,the kettlery,eCommerce,Online Tea Etailer,Ahmedabad,"hooting Starts Sports LLP, Franchise India Brands",Private Equity,9.597,Private Equity
1325,1331,2016-10-27,idea bubbles,Consumer Internet,Doctor Consulting platform,Bangalore,"1Crowd, Eureka Forbes Ltd, Shapoorji Pallonji & Co. Ltd.",Private Equity,6.7179,Private Equity
1326,1332,2016-10-27,fr8,Technology,Truck Fleet Operation platform,Chennai,Omnivore Partners,Private Equity,9.318687,Private Equity
1327,1333,2016-10-27,ather energy,Technology,Electric Vehicle Manufacturer,Bangalore,Hero MotoCorp,Private Equity,259.119,Private Equity
1328,1334,2016-10-28,pikkol,Logistics,Relocation Service provider,Bangalore,"Ajay Nanavati, Afsal Salu",Seed Funding,0.0,Seed Funding
1329,1335,2016-10-29,velmenni,Technology,LiFi based wireless communication provider,New Delhi,Kalaari Capital,Seed Funding,0.9597,Seed Funding
1330,1336,2016-10-29,volta motors,Technology,Electric Bike Manufacturer,Chennai,Kalaari Capital,Seed Funding,0.9597,Seed Funding
1331,1337,2016-10-29,cyclops,Technology,Clinical and Wearable Diagnostic Product creator,Bangalore,Kalaari Capital,Seed Funding,0.9597,Seed Funding
1332,1338,2016-10-30,impact analytics,Technology,Business intelligence and data science Startup,Bangalore,"Aarin Capital, Michael Herzig, Ashish Lakhanpal",Private Equity,7.19775,Private Equity
1333,1339,2016-10-31,talent next,Consumer Internet,Talent Discovery & Audition management platform,Mumbai,Karanpal Singh & Others,Seed Funding,9.597,Seed Funding
1334,1340,2016-09-01,mad street den,Technology,Artificial Intelligence platform,Chennai,"Sequoia India, Exfinity Ventures, growX ventures,",Private Equity,0.0,Private Equity
1335,1341,2016-09-01,mihup,Technology,Personal Digital Assistant,Kolkata,Accel Partners,Private Equity,64.2999,Private Equity
1336,1342,2016-09-01,renowala,eCommerce,Home Improvement Marketplace,Hyderabad,Pradeep Dhobale,Seed Funding,0.0,Seed Funding
1337,1343,2016-09-01,lucideus,Technology,IT Risk Assessment and Digital Security Services provider.,New Delhi,Amit Choudhary,Seed Funding,0.0,Seed Funding
1338,1344,2016-09-04,trackbizz,Technology,Field Force Automation System,Kochi,Grasshoppers,Private Equity,0.0,Private Equity
1339,1345,2016-09-05,social quotient,Technology,Platform for Social Causes,Mumbai,"Anita Dongre, Yash Dongre, Milind Sarwate",Seed Funding,0.0,Seed Funding
1340,1346,2016-09-05,stalk buy love,eCommerce,Fashion Apparel eTailer,New Delhi,William Bissel,Seed Funding,0.0,Seed Funding
1341,1347,2016-09-06,eshakti,eCommerce,Women\xe2\x80\x99s Fashion Apparel eTailer,Chennai,"Infina Finance Pvt. Ltd, Uday Kotak",Private Equity,12.95595,Private Equity
1342,1348,2016-09-06,cheersoye!,Consumer Internet,Online Gift Vouchers platform,Mumbai,Undisclosed Investors,Seed Funding,4.7985,Seed Funding
1343,1349,2016-09-06,lenskart,eCommerce,Online Eyewear eTailer,New Delhi,PremjiInvest,Private Equity,0.0,Private Equity
1344,1350,2016-09-06,bigstylist,Consumer Internet,Hyperlocal doorstep Beauty Services provider,Mumbai,Info Edge (India) Ltd,Private Equity,8.6373,Private Equity
1345,1351,2016-09-07,zilingo,eCommerce,Online Fashion Retailer,Bangalore/ Bangkok,"Venturra Capital, Sequoia India, Susquehanna International Group. Wavemaker Partners, Beenext, Beenos, Digital Garage",Private Equity,76.776,Private Equity
1346,1352,2016-09-07,alternacare,Consumer Internet,Online Doctor Consulting platform,New Delhi,Eros Labs,Seed Funding,4.7985,Seed Funding
1347,1353,2016-09-07,simplilearn,Education,Online Certification programs,Bangalore,InnoVen Capital India,Private Equity,57.582,Private Equity
1348,1354,2016-09-07,prozo,eCommerce,Study Material Marketplace,Gurgaon,"Earlsfield Capital, Sailender Solanki, Rajiv Solanki",Seed Funding,3.023055,Seed Funding
1349,1355,2016-09-08,toprankers,Education,Online Test Preparation platform,Bangalore,"CareerNet Consulting Pvt. Ltd, Ideation Initiative Pvt. Ltd,",Seed Funding,6.42999,Seed Funding
1350,1356,2016-09-08,buildtraders,eCommerce,Online Construction Materials Marketplace,Bangalore,Idein Ventures,Seed Funding,1.9194,Seed Funding
1351,1357,2016-09-09,byju's,Education,Online Learning App,Bangalore,"Chan Zuckerberg Initiative, Times Internet Ltd, Sequoia Capital, Sofina, Lightspeed Ventures",Private Equity,479.85,Private Equity
1352,1358,2016-09-09,nobroker,Consumer Internet,Online Home Rental platform,Bangalore,Anand Chandrasekaran,Seed Funding,0.0,Seed Funding
1353,1359,2016-09-10,freshboxx,eCommerce,Fruits & vegetable eTailer,Hubli,Ravi Linganuri,Seed Funding,0.0,Seed Funding
1354,1360,2016-09-10,cureinstant,Consumer Internet,Social Health Networking Platform,New Delhi,Dr. Rameshwar Kumar,Seed Funding,1.43955,Seed Funding
1355,1361,2016-09-10,poshtic,Consumer Internet,Online health & Wellness platform,Noida,"havya Sharma, Amit Nagar",Seed Funding,4.31865,Seed Funding
1356,1362,2016-09-10,karmacircles,Consumer Internet,Peer-to-peer Social Learning platform,New Delhi,"Harinder Takhar, Zain Raj, Dr. Prasad Kaipa, Abaran Deep, Aseem Sood, Mustafa Patni",Seed Funding,0.0,Seed Funding
1357,1363,2016-09-12,purple style labs,Consumer Internet,Personal Styling Online platform,Mumbai,"Augment Ventures, Rahul Kayan, Nikhil Golcha, Shubham Gupta, Roy Kwan",Seed Funding,4.299456,Seed Funding
1358,1364,2016-09-12,inuxu,Technology,Online Advertising Solutions,Pune,Fork Media,Private Equity,28.791,Private Equity
1359,1365,2016-09-12,nykaa,eCommerce,Online Beauty products eTailer,Mumbai,"Sunil Munjal, Mariwala family",Private Equity,118.0431,Private Equity
1360,1366,2016-09-12,glam studios,Consumer Internet,Beauty Salon Aggregator,Noida,"Pradeep Mirani, Aqeel Ahmed, Anand Ladsariya, Nitin Agarwal",Seed Funding,2.8791,Seed Funding
1361,1367,2016-09-13,findow,Consumer Internet,Fashion Discovery Mobile app,Bangalore,Raj Singh Bhandal,Seed Funding,0.0,Seed Funding
1362,1368,2016-09-13,ideachakki,Consumer Internet,Restaurant Menu & Food mobile app,Delhi,Ratan Tata,Seed Funding,0.0,Seed Funding
1363,1369,2016-09-13,shoekonnect,eCommerce,Footwear & Leather B2B App,Agra,Indian Angels Network,Seed Funding,0.0,Seed Funding
1364,1370,2016-09-13,nearbuy,Consumer Internet,Online Deals & Discount platform,Gurgaon,BlackSoil Capital Pvt. Ltd.,Private Equity,23.9925,Private Equity
1365,1371,2016-09-14,zeroinfy,Consumer Internet,Online Video Lectures platform,Kolkata,Calcutta Angels Network,Seed Funding,0.0,Seed Funding
1366,1372,2016-09-14,flocareer,Consumer Internet,Jobs & Skill Validation platform,Bangalore,"Balasubramanian Krishnamurthy, Sidhartha Hazarika & Others",Seed Funding,1.43955,Seed Funding
1367,1373,2016-09-14,lenspick,eCommerce,eyewear eTailer,Bangalore,Scadea Solutions Inc,Private Equity,0.0,Private Equity
1368,1374,2016-09-15,infeedo,Consumer Internet,Employee engagement platform,Gurgaon,"Dheeraj Jain, Palash Jain, Anupam Mittal, Ameera Shah, Vivek Bhargava, Rahul Singh, Ambarish Gupta,",Seed Funding,1.9194,Seed Funding
1369,1375,2016-09-15,furlenco,eCommerce,Online furniture rental startup,Bangalore,Lightbox Ventures and others,Private Equity,47.985,Private Equity
1370,1376,2016-09-15,gopigeon,Consumer Internet,on-demand logistics service provider,Bangalore,Nexus Venture Partners,Private Equity,14.3955,Private Equity
1371,1377,2016-09-16,newsdistill,Consumer Internet,City based News Aggregator App,Hyderabad,"Ganesh Narasimhan, Ramana Thumu, Sudhir Mallem",Seed Funding,0.9597,Seed Funding
1372,1378,2016-09-16,doctorinsta,Consumer Internet,Online Doctor Consultations,Gurgaon,RoundGlass Partners,Private Equity,9.597,Private Equity
1373,1379,2016-09-19,milofy,Consumer Internet,Couple Socialization App,Bangalore,Accel Partners,Seed Funding,7.19775,Seed Funding
1374,1380,2016-09-19,liqvid,Technology,Integrated eLearning content solutions,New Delhi,Gray Matters Capital,Private Equity,0.0,Private Equity
1375,1381,2016-09-19,swiggy,Consumer Internet,Online Food Ordering & Delivery,Bangalore,Bessemer Venture Partners,Private Equity,143.955,Private Equity
1376,1382,2016-09-20,codemojo,Consumer Internet,Customer Engagement Platform,Bangalore,CIO Angel Network,Seed Funding,0.0,Seed Funding
1377,1383,2016-09-20,justlikenew,eCommerce,Online gadget Repair Services Marketplace,Hyderabad,LetsVenture,Seed Funding,4.7985,Seed Funding
1378,1384,2016-09-20,joehukum,Technology,Enterprise customer engagement solutions,New Delhi,Sumit Jain,Seed Funding,0.0,Seed Funding
1379,1385,2016-09-21,co life,Consumer Internet,shared living and working spaces platform,Bangalore,Undisclosed Investors,Seed Funding,9.597,Seed Funding
1380,1386,2016-09-21,purpledocs,Consumer Internet,Electronic Health care records platform,Vadodara,"KellyGamma, Lead Angels & Others",Seed Funding,0.0,Seed Funding
1381,1387,2016-09-21,pepperfry,eCommerce,Furniture eTailer,Mumbai,"Goldman Sachs Group, Zodius Technology Fund, Norwest Venture Partners, Bertelsmann India",Private Equity,300.3861,Private Equity
1382,1388,2016-09-21,equickies,eCommerce,Online Book etailer,Ahmedabad,Lothal Angel Ventures,Seed Funding,2.859906,Seed Funding
1383,1389,2016-09-21,khel now,Consumer Internet,Mobile-based social networking platform,New Delhi,Anglian Omega Network,Seed Funding,3.35895,Seed Funding
1384,1390,2016-09-22,gadgetwood,Consumer Internet,On-Demand Gadget repair services platform,New Delhi,Carpediem Capital,Private Equity,57.582,Private Equity
1385,1391,2016-09-22,dailyrounds,Consumer Internet,Mobile App for Doctors,Bangalore,"Accel Partners, Beenext, Powerhouse Ventures, Akusa Holdings",Private Equity,0.0,Private Equity
1386,1392,2016-09-22,flixy games,Technology,Mobile Game Publisher for Indian audience,Bangalore,Rebright Partners,Seed Funding,4.078725,Seed Funding
1387,1393,2016-09-22,hashtaag,Technology,Mobile App Development company,Bangalore,Undisclosed investors,Seed Funding,9.597,Seed Funding
1388,1394,2016-09-22,pharmarack,Technology,SAAS application for Pharma Industry,Pune,"Currae Healthtech Fund, Unicorn India Ventures",Private Equity,7.149765,Private Equity
1389,1395,2016-09-23,cloudcherry,Technology,CRM SAAS Platform,Chennai,"Vertex Ventures, Cisco Ventures, IDG Ventures",Private Equity,57.582,Private Equity
1390,1396,2016-09-23,parentlane,Consumer Internet,Social Platform for babycare and parenting,Bangalore,Rohit MA,Seed Funding,0.0,Seed Funding
1391,1397,2016-09-23,first moms club,Consumer Internet,Social Network for Mothers,Mumbai,Idea Wave Labs,Seed Funding,0.0,Seed Funding
1392,1398,2016-09-23,inmotion,Technology,Financial platform for daily wage earning communities,Noida,"Prashant Tandon, Gaurav Agarwal, Gaurav Bhogle, Shrishti Sahu, Shantanu Mathur, Prabhat Aggarwal",Seed Funding,0.0,Seed Funding
1393,1399,2016-09-26,let's barter,Consumer Internet,Goods & Services Barter Platform,New Delhi,Scale Ventures Funds,Seed Funding,0.0,Seed Funding
1394,1400,2016-09-26,evengini,Consumer Internet,Event Registration and Ticketing platform,Chennai,Procam International Pvt. Ltd,Private Equity,0.0,Private Equity
1395,1401,2016-09-27,tinystep,Consumer Internet,Parenting Network Platform,Bangalore,Flipkart Logistics Pvt. Ltd,Private Equity,15.16326,Private Equity
1396,1402,2016-09-27,canvs,Consumer Internet,Community Platform for Artists and Designers,Mumbai,Pratik Seal,Seed Funding,0.0,Seed Funding
1397,1403,2016-09-28,beardo,eCommerce,Mens Grooming products etailer,Ahmedabad,Venture Catalysts,Seed Funding,4.7985,Seed Funding
1398,1404,2016-09-28,instacar,Consumer Internet,Out-Station Taxi Rental Platform,Indore,Swastika Co Ltd.,Seed Funding,9.597,Seed Funding
1399,1405,2016-09-28,celes care,Consumer Internet,Virtual Health Clinic for Women,Hyderabad,Endiya Partners,Seed Funding,9.597,Seed Funding
1400,1406,2016-09-28,druva,Technology,Cloud Based Data Protection Solution,Pune,"Sequoia India, EDBI, Blue Cloud Ventures, Hercules Capital",Private Equity,489.447,Private Equity
1401,1407,2016-09-29,promon,eCommerce,Local Commerce Platform,New Delhi,Now Capital,Seed Funding,1.72746,Seed Funding
1402,1408,2016-09-29,fastudent,eCommerce,Education eCommerce platform,Noida,"Kanwaljit Singh, Ajay Lakhotia, Pavan Ongole, Ashish Gupta",Seed Funding,0.0,Seed Funding
1403,1409,2016-09-29,unocoin,Consumer Internet,Bitcoin Wallet,Bangalore,"Blume Ventures, Mumbai Angels, ah! Ventures, Digital Currency Group, Boost VC, Bank to the Future and Funders Club",Private Equity,14.3955,Private Equity
1404,1410,2016-09-30,demyto,Consumer Internet,Vehicle maintenance Services platform,Pune,Deepak Nathani,Seed Funding,0.0,Seed Funding
1405,1411,2016-09-30,zeta,Technology,Enterprise Cloud Solutions,Mumbai,Bhavin Turakhia,Private Equity,182.343,Private Equity
1406,1412,2016-09-30,kalaage,Consumer Internet,Social Networking Platform for Writers,Jaipur,Rajasthan Angel Innovators Network,Seed Funding,0.0,Seed Funding
1407,1413,2016-08-01,healthkart,eCommerce,Online Pharmacy & Health Marketplace,Gurgaon,"Sequoia Capital India, Omidyar Network, Kae Capital",Private Equity,115.164,Private Equity
1408,1414,2016-08-01,medinfi,Consumer Internet,Doctor & Clinic Discovery Platform,Bangalore,"Mudit Saxena, Evan Lim",Seed Funding,1.9194,Seed Funding
1409,1415,2016-08-01,repaireasy,Consumer Internet,Gadget Repair Services Platform,Pune,Undisclosed HNIs,Seed Funding,2.639175,Seed Funding
1410,1416,2016-08-01,voonik,eCommerce,Online Women\\xe2\\x80\\x99s Fashion Marketplace,Bangalore,InnoVen Capital,Private Equity,28.791,Private Equity
1411,1417,2016-08-01,tokri,Consumer Internet,Hyperlocal Grocery Delivery platform,Pune,Syska LED group,Private Equity,23.9925,Private Equity
1412,1418,2016-08-02,sheroes,Consumer Internet,Online Job and Career Platform for Women,Noida,"Lumis Partners, The HR Fund, Rajul Garg, Quintillion Media",Private Equity,17.2746,Private Equity
1413,1419,2016-08-02,daily ninja,Consumer Internet,Hyperlocal daily needs Products delivery platform,Bangalore,"Venk Krishnan, Aprameya Radhakrishna, Anupam Mittal, Kunal Shah, Tracxn Labs, Subramanya SV, Ravi Garkipati",Seed Funding,0.0,Seed Funding
1414,1420,2016-08-02,yumlane,Food & Beverage,Retail Food & Snack Offline centres,Mumbai,"Binny Bansal, Anupam Mittal, Sachin Bhatia, Darius Pandole, Kunal Khattar, Dheerag Jain",Seed Funding,9.597,Seed Funding
1415,1421,2016-08-03,xcode,Healthcare,Personal Genomics,Chennai,RoundGlass Partners,Private Equity,0.0,Private Equity
1416,1422,2016-08-03,extracarbon,Consumer Internet,Waste Recycle Management platform,Gurgaon,Brand Capital,Seed Funding,2.159325,Seed Funding
1417,1423,2016-08-03,flickbay,Consumer Internet,Mobile Based Bollywood Discovery platform,Mumbai,Paul Roy,Seed Funding,8.54133,Seed Funding
1418,1424,2016-08-04,petoo,Consumer Internet,Food Delivery Platform,Bangalore,Existing Investors,Seed Funding,4.7985,Seed Funding
1419,1425,2016-08-04,lehlehsports,Others,Sports Arena discovery,New Delhi,Anglian Omega Network,Seed Funding,0.0,Seed Funding
1420,1426,2016-08-05,tricog,Healthcare,Healthcare Analytics Platform,Bangalore,"Inventus Capital Partners, Blume Ventures & Others",Private Equity,0.0,Private Equity
1421,1427,2016-08-06,vst travels,Technology,Travel Ticket Booking Software,Kerala,Promatus Group,Seed Funding,0.259119,Seed Funding
1422,1428,2016-08-08,adpushup,Technology,Ad optimization Platform,New Delhi,"Geniee, Inc, Purvi Capital",Private Equity,0.0,Private Equity
1423,1429,2016-08-08,wefly indoor skydiving,Others,Indoor Skydiving Sports Provider,Mumbai,Swastika Company Ltd.,Seed Funding,0.38388,Seed Funding
1424,1430,2016-08-08,mojarto,eCommerce,"Original Art, Digital Prints etailer",Gurgaon,Undisclosed Investors,Seed Funding,4.270665,Seed Funding
1425,1431,2016-08-08,zipgrid,Consumer Internet,Community services platform,Mumbai,1Crowd (through crowd funding),Seed Funding,1.9194,Seed Funding
1426,1432,2016-08-09,mobident,Healthcare,Dental Protection Solution,Bangalore,Centre for Innovation Incubation and Entrepreneurship (CIIE),Seed Funding,0.0,Seed Funding
1427,1433,2016-08-09,zeolr/respiron,Technology,Healthcare related IoT platform,New Delhi,Centre for Innovation Incubation and Entrepreneurship (CIIE),Seed Funding,0.0,Seed Funding
1428,1434,2016-08-10,vebbler,Consumer Internet,Photo Sharing Mobile App,Bangalore,"Anupam Mittal, Sharad Sharma & 14 others",Seed Funding,4.7985,Seed Funding
1429,1435,2016-08-10,bombay shaving company,eCommerce,Men\\xe2\\x80\\x99s Grooming Product etailer,New Delhi,"Noshir Kaka, Subramanian Ramadorai, Kiran Deshpande, Pankaj Gupta, Ravi Nigam & Others",Seed Funding,5.7582,Seed Funding
1430,1436,2016-08-11,travelyaari,Consumer Internet,Online ticket booking platform,Bangalore,"Gujarat Venture Finance Limited (GVFL), Bennett Coleman & Co. Ltd",Private Equity,67.179,Private Equity
1431,1437,2016-08-11,91springboard,Consumer Internet,Co-Working Spaces Discovery & Booking platform,Mumbai,"Khattar Holdings, ThirtyThree Investments, Soumitra Sharma, Deepak Sharma, Sumit Dayal and others",Private Equity,0.0,Private Equity
1432,1438,2016-08-11,genextstudents,Consumer Internet,Online Tutoring Service provider,Mumbai,1Crowd (through crowdfunding),Seed Funding,2.005773,Seed Funding
1433,1439,2016-08-11,zenoti,Technology,Cloud Based Software Solutions Provider,Hyderabad,"Norwest Venture Partners, Accel India",Private Equity,143.955,Private Equity
1434,1440,2016-08-12,crofarm,Technology,Agri-Tech supply chain Solution provider,Gurgaon,"Mukul Singhal, Rohit Jain, Himanshu Aggrawal, Sunil Goyal Ashish Gupta,",Private Equity,14.3955,Private Equity
1435,1441,2016-08-12,faircent.com,Consumer Internet,peer-to-peer lending platform,Gurgaon,Brand Capital,Private Equity,14.3955,Private Equity
1436,1442,2016-08-12,innovaccer,Technology,Integrated Enterprise Analytics Platform,Noida,Westbridge Capital Partners,Private Equity,149.7132,Private Equity
1437,1443,2016-08-12,cuberoot,Technology,Data Analytics & Audience Management Platform,Gurgaon,Undisclosed Investors,Seed Funding,4.7985,Seed Funding
1438,1444,2016-08-12,funcastic,Consumer Internet,B2C vernacular podcast aggregator platform,New Delhi,"HT Media Ltd, North Base Media",Seed Funding,0.0,Seed Funding
1439,1445,2016-08-15,buttercups,ECommerce,Women Intimate Wear eTailer,Bangalore,"Anand Chandrasekaran, Kanwaljit Singh, Manoj Varghese",Seed Funding,0.0,Seed Funding
1440,1446,2016-08-16,zappfresh,ECommerce,Raw Meat Products eTailer,Gurgaon,Ashvin Chadha,Seed Funding,0.0,Seed Funding
1441,1447,2016-08-16,oyorooms,Consumer Internet,Budget Hotels Aggregator,New Delhi,SoftBank Group,Private Equity,595.014,Private Equity
1442,1448,2016-08-16,hike,Consumer Internet,Mobile Messaging App,New Delhi,"Tencent Holdings, Foxconn Technology Group, Tiger Global, SoftBank Group, Bharti Enterprises",Private Equity,1679.475,Private Equity
1443,1449,2016-08-16,joolz,eCommerce,Online Jewellery Store,Mumbai,"Powerhouse Ventures, M&S Partners",Private Equity,4.7985,Private Equity
1444,1450,2016-08-16,salebhai,eCommerce,"Sweets, Dry Fruits & Handicrafts etailer",Ahmedabad,Brand Capital,Private Equity,14.3955,Private Equity
1445,1451,2016-08-16,makkajai,Technology,Online & Mobile learning for kids,Pune,"Anand Chandrasekaran, Ananth Narayanan, Mekin Maheshwari, Ravi Garikipati, Divyesh Shah, Swastika Company Ltd",Seed Funding,2.39925,Seed Funding
1446,1452,2016-08-16,gradopedia,Consumer Internet,Career progression Portal,Mumbai,Undisclosed Dubai based HNIs,Seed Funding,0.0,Seed Funding
1447,1453,2016-08-17,maalgaadi,Logistics,Online Logistics Marketplace,Indore,"Swan Angel Network,Sachin Khandelwal and others",Seed Funding,3.598875,Seed Funding
1448,1454,2016-08-17,zipi,Technology,Mobile Chatbot App,Bangalore,Swan Angel Network,Seed Funding,0.0,Seed Funding
1449,1455,2016-08-17,appknox,Technology,Mobile security solutions,Bangalore,"SeedPlus, Infocomm Investments, Accel Partners RNT Associates",Private Equity,6.477975,Private Equity
1450,1456,2016-08-17,pikkol,Logistics,Packers & Movers,Bangalore,Indian Angel Network,Seed Funding,0.0,Seed Funding
1451,1457,2016-08-18,meesho,eCommerce,Mobile based eCommerce SAAS platform,Bangalore,"Kashyap Deorah, Rajul Garg, Maninder Gulati",Seed Funding,0.0,Seed Funding
1452,1458,2016-08-18,sesame software,Technology,Financial Technology Solutions Provider,Kozhikode,Speridian Technologies,Private Equity,0.0,Private Equity
1453,1459,2016-08-19,quikr,Consumer Internet,Classified Listings platform,Mumbai,Brand Capital,Private Equity,191.94,Private Equity
1454,1460,2016-08-19,digio,Technology,Aadhar based Document Signing platform,Bangalore,Rainmatter,Private Equity,3.598875,Private Equity
1455,1461,2016-08-19,ziffity,Technology,Full Service Ecommerce Agency,Chennai,Aspire Systems,Private Equity,0.0,Private Equity
1456,1462,2016-08-22,zzungry,Consumer Internet,Food Delivery platform,Bangalore,"Satish Vasudeva, Madhusudhan Jujare & Others",Seed Funding,0.0,Seed Funding
1457,1463,2016-08-22,puro wellness,healthcare,"Organic, Natural Food substitute manufacturer",Mumbai,Torrent Group,Private Equity,355.089,Private Equity
1458,1464,2016-08-22,fitternity,Consumer Internet,Fitness Gym & Services Discovery platform,Mumbai,"Saha Fund, Exfinity Venture Partners & Others",Private Equity,0.0,Private Equity
1459,1465,2016-08-23,tac security,Technology,Cyber-Security Solutions Provider,New Delhi,Vijay Kedia,Seed Funding,0.0,Seed Funding
1460,1466,2016-08-23,notesgen,Consumer Internet,Online Notes Sharing Portal,New Delhi,"Riju Gupta, Kamal Chabra",Seed Funding,0.9597,Seed Funding
1461,1467,2016-08-23,nearu,Consumer Internet,Marketing app for retailers,Mumbai,Dr. Goutam Challagalla,Seed Funding,0.0,Seed Funding
1462,1468,2016-08-23,octo.ai,Technology,Artificial Intelligence based marketing platform,New Delhi,"Outbox Ventures, Jaspreet Bindra, Arjun Malhotra, Rohan Malhotra, Sidharth Rao, Rakesh Agrawal",Seed Funding,1.9194,Seed Funding
1463,1469,2016-08-24,shaadisaga,Consumer Internet,Wedding Website Creator,New Delhi,"ah! Ventures, Anupam Mittal, Kunal Shah, Sandeep Tandon, Dheeraj Jain, Rohit Chokhani",Seed Funding,0.0,Seed Funding
1464,1470,2016-08-24,unaacademy,Consumer Internet,Free Interactive education platform,Bangalore,"Blume Ventures, Sachin Bansal, Vijay Shekhar Sharma, Binny Bansal, Kunal Shah, Sandeep Tandon, Ashish Tulsian",Private Equity,9.597,Private Equity
1465,1471,2016-08-24,advenio,Technology,Clinical Imaging Solution Provider,Chandigarh,Kalaari Capital,Seed Funding,0.9597,Seed Funding
1466,1472,2016-08-24,guarented,eCommerce,Home Furnishing rental marketplace,Bangalore,Kalaari Capital,Seed Funding,4.7985,Seed Funding
1467,1473,2016-08-24,beyond evolution,Technology,Mobile Apps & Tech Services provider,Gurgaon,"Vineet Taneja, Kamal Puri",Seed Funding,0.0,Seed Funding
1468,1474,2016-08-24,uber dreams,eCommerce,Dreams fulfilling marketplace,Mumbai,Mohit Lalvani,Seed Funding,4.7985,Seed Funding
1469,1475,2016-08-24,convegenius,Education,Edutainment platform,Noida,Michael and Susan Dell Foundation,Private Equity,8.6373,Private Equity
1470,1476,2016-08-24,urbanladder,eCommerce,Online Furniture Store,Mumbai,Trifecta Capital,Private Equity,28.791,Private Equity
1471,1477,2016-08-24,encashea,Consumer Internet,Scrap Collection and Recycling platform,Bangalore,"Kunal Shah, Sandeep Tandon, Tracxn Labs",Seed Funding,0.0,Seed Funding
1472,1478,2016-08-25,engineerbabu,Technology,Mobile App & Web Development company,Indore,Scale Ventures,Seed Funding,0.0,Seed Funding
1473,1479,2016-08-25,cult,Healthcare,Health and Fitness Centres,Bangalore,CureFit,Private Equity,28.791,Private Equity
1474,1480,2016-08-25,witworks,Technology,Consumer IoT Startup,Bangalore,"Fireside Ventures, Investopad, P39 Capital, Anupam Mittal, Pranay Jivrajka, Maninder Gulati, Abhinav Sinha",Seed Funding,0.0,Seed Funding
1475,1481,2016-08-25,nearfox,Consumer Internet,Local Lifestyle Content and Discovery Platform,Mumbai,"Globevestor Angel Fund, Devendra Rane, Ravi Jain, Arpan Nagdeve",Seed Funding,0.0,Seed Funding
1476,1482,2016-08-25,zoomcar,Consumer Internet,Self-driven car booking platform,Bangalore,Ford Smart Mobility Llc,Private Equity,230.328,Private Equity
1477,1483,2016-08-26,plix,Consumer Internet,Photo and Video Sharing App,Gurgaon,Instalabs,Seed Funding,4.7985,Seed Funding
1478,1484,2016-08-26,mobikwik,Consumer Internet,Digital Wallet platform,Gurgaon,Net1 UEPS Technologies Inc,Private Equity,383.88,Private Equity
1479,1485,2016-08-26,mydidi,Consumer Internet,"on-demand, hyper-local Cleaning services provider",Mumbai,Undisclosed Ex Mckinsey Directors and Partners,Seed Funding,5.27835,Seed Funding
1480,1486,2016-08-26,crownit,Consumer Internet,Cashback Mobile app,Gurgaon,"Kunal Shah & Sandeep Tandon, Girish Mathrubootham, Anand Chandrasekaran",Seed Funding,0.0,Seed Funding
1481,1487,2016-08-29,loantap,Consumer Internet,Lending platform for Salaried professionals,Mumbai,"Dr. Abhishek Pandey, Jaysukh Sapra",Private Equity,28.791,Private Equity
1482,1488,2016-08-29,runnr,Consumer Internet,hyperlocal Logistics services provider,Bangalore,"Nexus Venture Partners, Blume Ventures",Private Equity,67.179,Private Equity
1483,1489,2016-08-29,zolo,Consumer Internet,on-demand online talent marketplace,Noida,Hitouch AG,Private Equity,0.0,Private Equity
1484,1490,2016-08-29,notion press,Consumer Internet,Self-Publishing books platform,Chennai,Undisclosed HNI investors,Private Equity,9.597,Private Equity
1485,1491,2016-08-29,livspace,Consumer Internet,Online portal for Home Design,Bangalore,"Bessemer Venture Partners, Jungle Ventures, Helion Ventures",Private Equity,143.955,Private Equity
1486,1492,2016-08-30,iaugmentor labs,Technology,Assessment & Learning Platform,Gurgaon,Rajasthan Angel Investor Network & Others,Seed Funding,1.429953,Seed Funding
1487,1493,2016-08-30,daybox,Consumer Internet,Fruit & Vegetable Delivery platform,New Delhi,"Ashutosh Lawania, Rajul Jain, Badal Malick, Rishi Gupta & Others",Seed Funding,0.998088,Seed Funding
1488,1494,2016-08-30,paytm,eCommerce,Mobile Wallet & ECommerce platform,Bangalore,MediaTek Inc.,Private Equity,575.82,Private Equity
1489,1495,2016-08-30,cropin,Technology,Agriculture Technology Solutions,Bangalore,Sophia Investment ApS,Private Equity,19.194,Private Equity
1490,1496,2016-08-30,canvera,Consumer Internet,Photographer Discovery & Information platform,Bangalore,Info Edge (India) Ltd,Private Equity,28.791,Private Equity
1491,1497,2016-08-30,prime focus technologies,Technology,Hybrid Cloud technology enabled Media ERP platform,Mumbai,Ambit Pragma,Private Equity,0.0,Private Equity
1492,1498,2016-08-31,flyrobe,eCommerce,Online fashion rental platform,Mumbai,"IDG Ventures, Sequoia Capital, GREE Ventures",Private Equity,50.8641,Private Equity
1493,1499,2016-08-31,inclov,Consumer Internet,Matchmaking App for Disabled,Mumbai,"Sarbvir Singh, Raghav Bahl",Seed Funding,0.0,Seed Funding
1494,1500,2016-07-01,razorpay,Consumer Internet,Online Payment Gateway,Bangalore,MasterCard,Private Equity,0.0,Private Equity
1495,1501,2016-07-01,darwinbox,Technology,HR Software Services Startup,Hyderabad,"3one4 Capital, Tracxn Labs, Aaruha Technology Fund, Endiya Partners",Seed Funding,0.0,Seed Funding
1496,1502,2016-07-01,venture catalysts,Consumer Internet,Seed Investment & Innovation Platform,Mumbai,Zaffiro Ventures,Seed Funding,4.7985,Seed Funding
1497,1503,2016-07-01,pressplay tv,Consumer Internet,Video Content Discovery Platform,New Delhi,"Sequoia Capital, SD Ventures, Vistaar Investment Advisors Pvt. Ltd.",Private Equity,0.0,Private Equity
1498,1504,2016-07-02,playment,Consumer Internet,Mobile Marketplace for Crowdsourced Work,Bangalore,SAIF Partners,Private Equity,6.7179,Private Equity
1499,1505,2016-07-04,wealthtrust,Consumer Internet,Wealth Management App,Mumbai,India Quotient,Seed Funding,0.0,Seed Funding
1500,1506,2016-07-04,curefit,Consumer Internet,Online Preventive Healthcare Platform,Bangalore,"Accel Partners, IDG Ventures, Kalaari Capital",Private Equity,143.955,Private Equity
1501,1507,2016-07-04,stitchwood,eCommerce,Custom Furniture Online,Mumbai,Deepak Gupta,Seed Funding,1.9194,Seed Funding
1502,1508,2016-07-04,grab.in,Logistics,hyperlocal logistics service,Mumbai,Aramex Ventures Llc,Private Equity,19.194,Private Equity
1503,1509,2016-07-04,fulfil.io,Consumer Internet,Cloud Based ERP Software,US,Rajan Anandan,Seed Funding,0.0,Seed Funding
1504,1510,2016-07-04,neogrowth,Finance,SME Lending platform,Mumbai,"IIFL Wealth Management Seed Venture Fund, Omidyar Network, Khosla Impact, Aspada",Private Equity,153.552,Private Equity
1505,1511,2016-07-05,seedoc,Consumer Internet,Video Based Doctor Consulting platform App,Gurgaon,YourNest Angel Fund & Others,Private Equity,9.597,Private Equity
1506,1512,2016-07-05,bookmyshow,Consumer Internet,Event & Movie Ticketing platform,Mumbai,"Stripes Group, Network 18, Accel Partners, SAIF Partners",Private Equity,786.954,Private Equity
1507,1513,2016-07-05,flyrobe,eCommerce,Online fashion rental platform,Mumbai,"Sequoia Capital, Rohit Bansal, Kunal Bahl, Sandeep Tandon, Kunal Shah, Zishaan Hayath, Abhishek Jain",Seed Funding,16.3149,Seed Funding
1508,1514,2016-07-06,happilyunmarried,eCommerce,Online Merchandize etailer,New Delhi,Info Edge (India) Ltd,Private Equity,7.10178,Private Equity
1509,1515,2016-07-06,don't scratch your head,Technology,Full Stack Offline & Online ERP Solution,Ahmedabad,"Gaurav Singhvi, Zaffiro Ventures",Seed Funding,2.39925,Seed Funding
1510,1516,2016-07-06,wedding wishlist,Consumer Internet,"Wedding Wishlist, Gifts & Registry Creation platform",Chennai,"Kirthiga Reddy, Renuka Ramanath,Cherry Tin",Seed Funding,2.850309,Seed Funding
1511,1517,2016-07-07,appdaily,Technology,Mobile Security App development & Distribution,Mumbai,"Kalaari Capital, Qualcomm Ventures, ru-Net, Zodius Technology Opportunities Fund,",Private Equity,19.194,Private Equity
1512,1518,2016-07-07,adytude,Consumer Internet,Gamified Consumer Insights Portal,New Delhi,Indian Angel Network,Private Equity,9.597,Private Equity
1513,1519,2016-07-07,quickli,Logistics,On-Demand Delivery Startup,Gurgaon,"AVG Group, 500 Startups",Private Equity,0.0,Private Equity
1514,1520,2016-07-07,spectravr,Technology,Virtual Reality Content Studio,Mumbai,Rothenberg Ventures,Seed Funding,0.0,Seed Funding
1515,1521,2016-07-08,pitstop,Consumer Internet,Online Car Repair and Servicing Booking platform,Bangalore,"Alex Chua, Rahul Garg",Seed Funding,0.0,Seed Funding
1516,1522,2016-07-08,holachef,Consumer Internet,Online Food Ordering & Delivery Platform,Mumbai,"Kalaari Capital, India Quotient",Private Equity,18.71415,Private Equity
1517,1523,2016-07-11,purplle,eCommerce,Beauty Products Marketplace,Mumbai,"JSW Ventures, Blume Ventures & IvyCap Ventures",Private Equity,57.582,Private Equity
1518,1524,2016-07-11,trak n tell,Technology,Car Tracking & Safety System,Gurgaon,Brian Acton,Private Equity,33.5895,Private Equity
1519,1525,2016-07-11,overcart.com,eCommerce,Unboxed & refurbished electronic products marketplace,Gurgaon,"JSW Ventures, Omidyar Network, Sattva Capital, Venture Works",Private Equity,28.791,Private Equity
1520,1526,2016-07-12,sirionlabs,Technology,SAAS based Service Agreement Management,Gurgaon,Sequoia Capital,Private Equity,117.56325,Private Equity
1521,1527,2016-07-12,gyandhan,Consumer Internet,Education Focused Financing Platform,New Delhi,"Stanford Angels & Entrepreneurs, Harvard Angels",Seed Funding,0.0,Seed Funding
1522,1528,2016-07-12,mintm,Consumer Internet,Digital Marketing & AdTech Platform,Bangalore,"Mumbai Angels, Times Internet",Private Equity,0.0,Private Equity
1523,1529,2016-07-12,hitgrit,Consumer Internet,Online Legal Consultation platform,Chandigarh,"Ashish Mahajan, Sarvesh Sharma",Seed Funding,0.0,Seed Funding
1524,1530,2016-07-12,find my stay,Consumer Internet,Online Budget Hotel Aggregator & Booking Platform,New Delhi,"Rishi Parti, Yogesh Bansal",Seed Funding,0.0,Seed Funding
1525,1531,2016-07-13,yaap,Consumer Internet,"Online Content Discovery, Creation & Distribution Platform",New Delhi,Rainmaker Ventures,Private Equity,47.985,Private Equity
1526,1532,2016-07-13,utoo cabs,Consumer Internet,Cab aggregation & Rental platform,Chennai,Ajay Piramal,Seed Funding,0.0,Seed Funding
1527,1533,2016-07-13,twigly,Consumer Internet,Online Food Ordering & Delivery Startup,Gurgaon,"Tracxn Labs, Hyderabad Angels, Kunal Shah, Gaurav Bhalotia",Seed Funding,5.7582,Seed Funding
1528,1534,2016-07-13,sharechat,Consumer Internet,Vernacular Language Content Creation & Sharing App,Bangalore,"SAIF Partners, India Quotient",Private Equity,12.95595,Private Equity
1529,1535,2016-07-13,urban tailor,Consumer Internet,E-Tailoring service provider,Bangalore,Unitus Seed Fund,Private Equity,0.0,Private Equity
1530,1536,2016-07-13,rentmojo,Consumer Internet,Online Furniture Renting Platform,Bangalore,"Accel Partners, IDG Ventures India",Private Equity,47.985,Private Equity
1531,1537,2016-07-13,cityfurnish,Consumer Internet,Online Furniture Renting Platform,Gurgaon,Brand Capital,Seed Funding,0.0,Seed Funding
1532,1538,2016-07-13,heal institute,Healthcare,Sports Focused Healthcare Startup,Mumbai,"Jaspal Bindra, Parth Jindal",Seed Funding,0.0,Seed Funding
1533,1539,2016-07-14,augrav,eCommerce,Personalized precious Jewellery etailer,Coimbatore,Keiretsu Forum,Seed Funding,4.31865,Seed Funding
1534,1540,2016-07-14,shoppinpal,Technology,M-Commerce Solutions for Retail Stores,Pune,"Plug and Play Tech Center, Steelhead Ventures & Others",Private Equity,10.26879,Private Equity
1535,1541,2016-07-14,transtutors / askiitians,Consumer Internet,Online Education & Tutoring portals,New Delhi,500 Startups,Private Equity,0.0,Private Equity
1536,1542,2016-07-15,workapps,Technology,Enterprise Work Management Software,Pune,SRI Capital,Seed Funding,9.597,Seed Funding
1537,1543,2016-07-15,bankerbay,Consumer Internet,Online Investment Banking platform,Bangalore,undisclosed investors,Private Equity,19.194,Private Equity
1538,1544,2016-07-15,baggout,eCommerce,Women\\xe2\\x80\\x99s Fashion etailer,New Delhi,"Sumit Jain, Sumit Jain, Anurag Gupta, Varun Khanna, Faraz Khan",Seed Funding,0.0,Seed Funding
1539,1545,2016-07-15,tripshelf,eCommerce,Travel Package Marketplace,New Delhi,GEMS group,Seed Funding,2.39925,Seed Funding
1540,1546,2016-07-15,satvacart,eCommerce,Online Grocers,New Delhi,"Abhijit Avasthi, Karan Chellani, SP Vijay",Seed Funding,0.0,Seed Funding
1541,1547,2016-07-15,ridlr,Consumer Internet,Public Transport Mobile App,Mumbai,"Times Internet, Innoven Capital, Matrix Partners India, Qualcomm Ventures",Private Equity,57.582,Private Equity
1542,1548,2016-07-18,yellowdig,Consumer Internet,Online Learning Platform,Pune,SRI Capital,Seed Funding,6.23805,Seed Funding
1543,1549,2016-07-18,zuppler,Consumer Internet,Online Food Ordering platform,New Delhi,SRI Capital,Seed Funding,6.23805,Seed Funding
1544,1550,2016-07-18,bluestone,eCommerce,Jewellery Etailer,Mumbai,"IIFL and Accel Partners, Kalaari Capital, IvyCap Ventures, RB Investments",Private Equity,287.91,Private Equity
1545,1551,2016-07-18,underdogs,Technology,Game Development Startup,Mumbai,Intelli Reboot Digital Pvt. Ltd,Private Equity,0.0,Private Equity
1546,1552,2016-07-18,imageprovision,Technology,Image Analysis Solutions,Pune,Satish Jamdar,Seed Funding,0.0,Seed Funding
1547,1553,2016-07-19,sagacito,Technology,Cloud-Based Enterprise Solutions,New Delhi,Star India Pvt. Ltd,Private Equity,95.97,Private Equity
1548,1554,2016-07-19,deal4loans / wishfin,Consumer Internet,\\nLoans Comparison platform\\n\\n\\n\\n     (adsbygoogle = window.adsbygoogle || []).push({});\\n\\n,Noida,Franklin Templeton International Services Pvt. Ltd,Private Equity,143.955,Private Equity
1549,1555,2016-07-19,niyo solutions,Technology,Payroll & Benefits Software solutions,Bangalore,Prime Venture Partners,Private Equity,9.597,Private Equity
1550,1556,2016-07-19,applop,Consumer Internet,Mobile Apps SaaS Platform,Gurgaon,Green House Ventures Accelerator,Seed Funding,2.39925,Seed Funding
1551,1557,2016-07-20,tax2win,Consumer Internet,Online Tax Filing Portal,Jaipur,Undisclosed Investors,Private Equity,9.597,Private Equity
1552,1558,2016-07-20,truckola,Logistics,Tech-focused cargo transport startup,Mumbai,"Abhishek Agarwal, Krishnakumar Nataraj, Sarath Sura, Shanti Mohan, Sarthak and Nihit Agarwal, Suramya Gupta",Seed Funding,5.710215,Seed Funding
1553,1559,2016-07-20,iserve financial,Consumer Internet,Loan Comparison & Deals platform,Pune,Nilesh Shah,Seed Funding,0.0,Seed Funding
1554,1560,2016-07-21,mytaxiindia,Consumer Internet,Online Car rental booking platform,New Delhi,Nihon Kotsu Co,Private Equity,9.597,Private Equity
1555,1561,2016-07-21,aberuk,eCommerce,Online Marketplace for books,Bangalore,Swastika Company Pvt Ltd,Seed Funding,0.0,Seed Funding
1556,1562,2016-07-21,wiwigo,Consumer Internet,Inter-City Taxi Booking platform,Bangalore,Indian Angel Network,Seed Funding,5.710215,Seed Funding
1557,1564,2016-06-01,chikoop,Consumer Internet,Free Ad based Voice Calling,Indore,Undisclosed Investors,Seed Funding,0.0,Seed Funding
1558,1565,2016-06-01,bridgei2i,Technology,Data Analytics Platform,Bangalore,Edelweiss Private Equity,Private Equity,0.0,Private Equity
1559,1566,2016-06-02,droom,eCommerce,Online marketplace for used automobiles,New Delhi,"Beenext, Digital Garage, Lightbox, Beenos",Private Equity,0.0,Private Equity
1560,1567,2016-06-02,visit,Consumer Internet,On-Demand Healthcare Service provider,New Delhi,MapmyIndia,Seed Funding,0.0,Seed Funding
1561,1568,2016-06-02,atomberg,Technology,"smart, energy efficient home appliance manufacturer",Mumbai,Parampara Capital,Private Equity,9.597,Private Equity
1562,1569,2016-06-02,coutloot,eCommerce,Fashion Re-Commerce Platform,Mumbai,Venture Catalysts,Seed Funding,0.0,Seed Funding
1563,1570,2016-06-02,limo,Consumer Internet,Bus Aggregator Mobile app,Mumbai,Rainmaker Ventures,Private Equity,9.597,Private Equity
1564,1571,2016-06-03,icliniq,Consumer Internet,Doctor Consultation platform,Bangalore,MadhanKumar Madathupalayam,Seed Funding,0.0,Seed Funding
1565,1572,2016-06-03,gogo truck,Consumer Internet,Truck Aggregator & Booking platform,Chennai,Undisclosed Investor,Seed Funding,0.719775,Seed Funding
1566,1573,2016-06-03,vyome biosciences,Healthcare,Treatment Development for Antibiotic-resistant diseases,New Delhi,Romulus Capital,Private Equity,19.194,Private Equity
1567,1574,2016-06-06,sillymonks,Consumer Internet,Digital Media and Entertainment Startup,Hyderabad,Sreenivasa Reddy Musani,Seed Funding,4.299456,Seed Funding
1568,1575,2016-06-07,cuemath,Education,K-12 Maths Learning Courses,Bangalore,"Sequoia Capital, Unitus Seed Fund",Private Equity,38.388,Private Equity
1569,1576,2016-06-07,krazybee,Consumer Internet,Student Micro-Loan platform,Bangalore,"Yeahmobi, Fenqile",Private Equity,19.194,Private Equity
1570,1577,2016-06-07,intgrea,Technology,Post merger Integration Partners,Bangalore,Undisclosed Investor,Seed Funding,0.9597,Seed Funding
1571,1578,2016-06-07,helpshift,Technology,Mobile CRM Platform,Pune,"Microsoft Ventures, Salesforce Ventures",Private Equity,220.731,Private Equity
1572,1579,2016-06-07,creditvidya,Technology,Credit Scoring Platform,Mumbai,Kalaari Capital,Private Equity,9.597,Private Equity
1573,1580,2016-06-08,grey campus,Consumer Internet,Online Learning Platform,Hyderabad,Sarath Sura,Seed Funding,9.597,Seed Funding
1574,1581,2016-06-08,listup,eCommerce,Location based Classified Mobile app,Mumbai,"Kae Capital, Kunal Shah, Sandeep Tandon",Seed Funding,4.7985,Seed Funding
1575,1582,2016-06-08,6degree,Technology,Tech-enabled Fashion Talent platform,Mumbai,Indian Angel Network,Seed Funding,1.9194,Seed Funding
1576,1583,2016-06-08,shopwati,Consumer Internet,Online Fashion Discussion Community,Gurgaon,Sanjiv Rai,Seed Funding,0.0,Seed Funding
1577,1584,2016-06-08,cookifi,Consumer Internet,Online Chef Discovery & Booking Service,Bangalore,"Kunal Shah, Aneesh Reddy, Tracxn Labs, Venkat Tadanki, Krishna Mehra, Amit Rathore",Seed Funding,0.0,Seed Funding
1578,1585,2016-06-08,storeking,eCommerce,Connecting Small Town Consumers to E-Commerce,Bangalore,Axiata Digital,Private Equity,153.552,Private Equity
1579,1586,2016-06-08,wired hub,Real Estate,Co-Working Spaces,Jaipur,"Ankit Maheshwari, Anand Singh",Seed Funding,0.0,Seed Funding
1580,1587,2016-06-08,myseniordoctor,Consumer Internet,Online medical support platform,Gurgaon,BlackJag Partners,Seed Funding,1.9194,Seed Funding
1581,1588,2016-06-09,teabox,eCommerce,Online Tea Store,Siliguri,Cameron Jones,Seed Funding,0.0,Seed Funding
1582,1589,2016-06-09,extraaedge,Consumer Internet,Student Acquisition Platform,Pune,"Ritesh Dwivedy, Priti Padhy",Seed Funding,0.0,Seed Funding
1583,1590,2016-06-09,epaylater,Technology,Fin-Tech Platform,Mumbai,3 undisclosed HNIs,Seed Funding,19.194,Seed Funding
1584,1591,2016-06-10,kyazoonga,eCommerce,Online event ticketing Platform,Mumbai,Ratan Tata,Seed Funding,0.0,Seed Funding
1585,1592,2016-06-10,paytunes,Consumer Internet,Mobile based rewards platform,New Delhi,"CIO Angel Network, Indian Angel Network",Private Equity,4.7985,Private Equity
1586,1593,2016-06-10,kickstart jobs,Technology,Entry level hiring platform,Gurgaon,"Vivek Joshi, Mohit Satyanand, Amit Banati, Arun Khanna",Seed Funding,0.0,Seed Funding
1587,1594,2016-06-10,freshee,FMCG,Household packaging & Storage product manufacturer,Mumbai,Edelweiss Private Equity,Private Equity,0.0,Private Equity
1588,1595,2016-06-10,madrat games,Technology,Wearable Gaming Platform,Bangalore,"Ratan Tata, Bhavish Aggarwal, Ankit Bhati, Binny Bansal, Girish Mathrubootham",Seed Funding,0.0,Seed Funding
1589,1596,2016-06-11,jazzmyride,eCommerce,Auto Parts & Accessories eTailer,New Delhi,TVS Automobile Solutions Ltd,Private Equity,0.0,Private Equity
1590,1597,2016-06-11,autosense,Technology,Data Analytics based Customer Management Services,New Delhi,TVS Automobile Solutions Ltd,Private Equity,0.0,Private Equity
1591,1598,2016-06-11,redsun telematics,Consumer Internet,Internet of Things Platform,Chennai,TVS Automobile Solutions Ltd,Private Equity,0.0,Private Equity
1592,1599,2016-06-13,khanagadi,Consumer Internet,Online Food Delivery for Train Travelers,Jaipur,50K Ventures,Seed Funding,0.0,Seed Funding
1593,1600,2016-06-13,bombay shirt company,eCommerce,Online custom Shirt retailer,Mumbai,undisclosed investor,Private Equity,9.597,Private Equity
1594,1602,2016-06-14,edtechreview,Consumer Internet,Education based online portal,New Delhi,EVC Ventures,Seed Funding,0.0,Seed Funding
1595,1603,2016-06-14,bonhomia,Food & Beverage,Premium Tea & Coffee Capsules maker,New Delhi,Valpro Capital and existing investors,Private Equity,0.0,Private Equity
1596,1604,2016-06-14,gobolt,Logistics,B2B Logistics provider,New Delhi,MCube8,Seed Funding,0.0,Seed Funding
1597,1605,2016-06-14,jivox,Technology,Data Driven Advertising platform,Bangalore,"You & Mr Jones, Fortisure Ventures, Diaz Nesamoney",Private Equity,57.582,Private Equity
1598,1606,2016-06-14,sminq,Consumer Internet,Queue management Mobile app,Pune,"Saama Capital, Blume Ventures & Vaibhav Domkundwar",Seed Funding,9.597,Seed Funding
1599,1607,2016-06-14,curejoy,Consumer Internet,Online Alternative health community platform,Bangalore,Accel Partners India,Private Equity,42.2268,Private Equity
1600,1608,2016-06-15,oneway.cab,Consumer Internet,Taxi Rental Platform,Vadodara,Indian Angel Network,Seed Funding,4.31865,Seed Funding
1601,1609,2016-06-15,grabonrent,eCommerce,On-demand product rental marketplace,Bangalore,IvyCap Ventures and Unicorn India Ventures,Private Equity,0.0,Private Equity
1602,1610,2016-06-16,diro labs,Consumer Internet,Contact Management Mobile App,New Delhi,Info Edge (India) Ltd,Private Equity,4.31865,Private Equity
1603,1611,2016-06-16,unnati helpers,Consumer Internet,Help Hiring Platform,Gurgaon,Info Edge (India) Ltd,Private Equity,5.7582,Private Equity
1604,1612,2016-06-16,athletto,Consumer Internet,Sports Venue discovery and booking platform,Bangalore,Atul Ingle,Seed Funding,0.0,Seed Funding
1605,1613,2016-06-16,saavn,Consumer Internet,Web/Mobile Music Streaming service,USA,Guy Oseary,Private Equity,0.0,Private Equity
1606,1614,2016-06-16,voonik,eCommerce,Online Women\\xe2\\x80\\x99s Fashion Marketplace,Bangalore,Sequoia Capital,Private Equity,191.94,Private Equity
1607,1615,2016-06-16,thinkphi,Technology,Sustainable Green Tech Solution developer,Mumbai,Nimmagadda Prasad,Seed Funding,0.0,Seed Funding
1608,1616,2016-06-17,cleartax,Consumer Internet,Online Tax Filing Platform,New Delhi,"Ravi Adusumalli, SAIF Partners",Private Equity,115.164,Private Equity
1609,1617,2016-06-17,silvan innovation labs,Technology,Home Automation Solutions,Bangalore,Infuse Ventures,Private Equity,8.6373,Private Equity
1610,1618,2016-06-17,greythr,Technology,Payroll & HR Software Developer,Bangalore,"New Enterprise Associates (NEA), Blume Ventures",Private Equity,49.9044,Private Equity
1611,1619,2016-06-17,duffl,eCommerce,Fashion Rental Marketplace,Bangalore,BetOnIndia Technology Pvt Ltd,Seed Funding,0.0,Seed Funding
1612,1620,2016-06-17,byg,Consumer Internet,Fitness centre Discovery & Booking Mobile app,Bangalore,"Sanjay Verma, Amit Khanna (LetsVenture)",Seed Funding,0.0,Seed Funding
1613,1621,2016-06-20,dipper,eCommerce,Freight Logistics Marketplace,New Delhi,Undisclosed investor,Seed Funding,0.0,Seed Funding
1614,1622,2016-06-20,qonfuse,Consumer Internet,Online Test Papers for competitive exams,New Delhi,Hamraj Kumar,Seed Funding,0.0,Seed Funding
1615,1623,2016-06-20,the indian iris,Consumer Internet,Govt Policy Research & Information portal,Ahmedabad,Timbru Ventures,Seed Funding,0.0,Seed Funding
1616,1624,2016-06-21,onspoon,Consumer Internet,Online Platform for Event Sponsorship,Mumbai,Swan Angel Network,Seed Funding,1.43955,Seed Funding
1617,1625,2016-06-21,restate,Consumer Internet,Real Estate Platform,Bangalore,Idein Ventures,Seed Funding,0.0,Seed Funding
1618,1626,2016-06-21,cleartrip,Consumer Internet,Online Travel Agency,Mumbai,"Concur Technologies, Gund Investment",Private Equity,0.0,Private Equity
1619,1627,2016-06-21,procmart,Consumer Internet,Online Procurement Marketplace,Noida,IndiaMart,Private Equity,0.0,Private Equity
1620,1628,2016-06-21,celerix,Technology,Fintech Product Development & Services Startup,Bangalore,Bitkemy Ventures,Seed Funding,3.8388,Seed Funding
1621,1629,2016-06-21,naturenama,Consumer Internet,Online Outdoors & travel,Mumbai,Unicorn Venture,Seed Funding,2.159325,Seed Funding
1622,1630,2016-06-21,cyclopsmedtech,Technology,Medical Technology Provider,Bangalore,CP Bothra,Seed Funding,0.0,Seed Funding
1623,1631,2016-06-21,syona cosmetics,FMCG,Beauty Products & Training to Salons & Spas,Chennai,The Chennai Angels,Seed Funding,1.43955,Seed Funding
1624,1632,2016-06-21,prettysecrets,eCommerce,Women Lingerie Store,Mumbai,"RB Investments PTE Ltd, Orios Venture Partners",Private Equity,57.582,Private Equity
1625,1633,2016-06-22,spiderg,Consumer Internet,Online invoice app for SMEs,Pune,"Rahul Kirloskar, Fusion Tech Ventures, Adi Saravanan, Pravin Dongre, Mahendra Doshi",Seed Funding,1.43955,Seed Funding
1626,1634,2016-06-23,fareye,Technology,Logistics Management Software,New Delhi,Saif Partners,Private Equity,33.5895,Private Equity
1627,1635,2016-06-23,the uolo,Consumer Internet,School Parent Communication App,Bangalore,"Purvi Ventures, Rajul Garg, Vipin Arora",Seed Funding,2.01537,Seed Funding
1628,1636,2016-06-23,staqu,Technology,Artificial Intelligence based search platform,Gurgaon,Indian Angel Network,Seed Funding,0.0,Seed Funding
1629,1637,2016-06-23,padhopadhao,Consumer Internet,Home Tutors search & Discovery,New Delhi,Rise India,Private Equity,0.0,Private Equity
1630,1638,2016-06-24,drivify,Consumer Internet,Professional Driver discovery & Booking Mobile app,Mumbai,"Jitendra Gupta, Pankaj Tripathi",Seed Funding,0.47985,Seed Funding
1631,1639,2016-06-24,pratilipi,Consumer Internet,Multi-Lingual self-publishing platform,Bangalore,Nexus Venture Partners,Seed Funding,0.0,Seed Funding
1632,1640,2016-06-24,parablu,Technology,Cloud Data Security & Privacy Solutions,Bangalore,Kalaari Capital,Seed Funding,4.7985,Seed Funding
1633,1641,2016-06-24,schedulers logistics,Logistics,Cold Storage Logistics solutions,Mumbai,GVFL,Private Equity,57.582,Private Equity
1634,1642,2016-06-24,leap india,Others,Supply Chain Equipment & Services provider,Mumbai,Mayfield Ventures,Private Equity,28.791,Private Equity
1635,1643,2016-06-24,kabadiexpress,Others,Free Door Step Scrap Pickup Service,New Delhi,Undisclosed investor,Seed Funding,1.420356,Seed Funding
1636,1644,2016-06-27,yourdost,Consumer Internet,Online counselling & Personal coaching platform,Bangalore,"SAIF Partners, Aprameya Radhakrishnan, Phanindra Sama, Subba Rao Telidevara, Vibhu Garg, Paula Ravindra Mariwala, Gaurav Bhalotia",Seed Funding,11.5164,Seed Funding
1637,1645,2016-06-27,gomalon,Consumer Internet,Online Spa & Salon discovery & Booking platform,Bangalore,Undisclosed investor,Seed Funding,0.9597,Seed Funding
1638,1646,2016-06-27,voler cars,Consumer Internet,Self-Driven Car rental platform,New Delhi,"Kanodia family, Amit Banka",Seed Funding,0.0,Seed Funding
1639,1647,2016-06-27,travelyaari,Consumer Internet,Online ticket booking platform,Bangalore,GVFL Ltd,Private Equity,28.791,Private Equity
1640,1648,2016-06-28,fabhotels,Consumer Internet,Online Hotel aggregator & Booking platform,Gurgaon,"Accel Partners, RB Investments",Private Equity,76.776,Private Equity
1641,1649,2016-06-28,locanix,Technology,GPS based SaaS Solutions,Ahmedabad,Undisclosed investors,Seed Funding,2.8791,Seed Funding
1642,1650,2016-06-28,lendingkart,Consumer Internet,Online Working Capital Business Loans Platform,Ahmedabad,"Bertelsmann India Investments, Mayfield India, Saama Capital, India Quotient",Private Equity,307.104,Private Equity
1643,1651,2016-06-28,hello tax,Consumer Internet,Online Tax Filing Platform,New Delhi,Sanjeev Sinha,Seed Funding,2.831115,Seed Funding
1644,1652,2016-06-28,mysuperbrain,Consumer Internet,Online Talent Discovery Platform for Kids,Hyderabad,Soniks Consulting,Seed Funding,0.0,Seed Funding
1645,1653,2016-06-28,blogbeats,Consumer Internet,Online Blogging Platform,Bangalore,Undisclosed Investor,Seed Funding,0.0,Seed Funding
1646,1654,2016-06-29,letreach,eCommerce,ECommerce SAAS Solutions,New Delhi,vCommission,Private Equity,0.9597,Private Equity
1647,1655,2016-06-29,trendieapp,Technology,Visual Content Marketing,Kolkata,Harsh Vardhan Hada,Seed Funding,0.47985,Seed Funding
1648,1656,2016-06-29,impactguru,Consumer Internet,Crowdfunding Platform,Mumbai,Piyush Jain,Seed Funding,0.0,Seed Funding
1649,1657,2016-06-29,velvetcase,eCommerce,Online designer jewellery marketplace,Mumbai,"Uniqorn Ventures Fund, TV Mohandas Pai, S Somasegar",Private Equity,14.3955,Private Equity
1650,1658,2016-06-30,meru cabs,Consumer Internet,Online/ Mobile Tax Cab booking,Mumbai,Brand Capital,Private Equity,239.925,Private Equity
1651,1659,2016-06-30,campus diaries,Consumer Internet,Student focussed Content Discovery portal,Bangalore,Aarin Capital,Seed Funding,2.11134,Seed Funding
1652,1660,2016-06-30,scripbox,Consumer Internet,Online Mutual Fund Investment platform,Bangalore,"Omidyar Network, Accel Partners & existing investors",Private Equity,0.0,Private Equity
1653,1661,2016-06-30,biryani blues,Food & Beverage,QSR Chain,Gurgaon,Carpediem Capital & Others,Private Equity,3.531696,Private Equity
1654,1662,2016-05-01,motomojo,Consumer Internet,Mobile based Vehicle maintenance App,Mumbai,"Niloufer Dundh, Fauzan Rahim, Balamurugan Mani,",Seed Funding,0.0,Seed Funding
1655,1663,2016-05-01,get my parking,Technology,Parking Technology Platform,New Delhi,The Chennai Angels,Seed Funding,3.608472,Seed Funding
1656,1664,2016-05-01,prescribez,Consumer Internet,Health Service Aggregator Platform,Pune,Ankush Mehta,Seed Funding,1.391565,Seed Funding
1657,1665,2016-05-02,airwood,Technology,Agri Data & Analytics Platform,Chennai,StartupXseed Ventures,Seed Funding,0.0,Seed Funding
1658,1666,2016-05-03,mobikwik,Consumer Internet,Mobile & Digital Wallet,Gurgaon,"GMO Payment Gateway, MediaTek",Private Equity,479.85,Private Equity
1659,1667,2016-05-03,idreamcareer,Consumer Internet,Career Planning Services Portal,New Delhi,Brand Capital,Private Equity,0.0,Private Equity
1660,1668,2016-05-03,zwayam,Consumer Internet,Online Recruitment Platform,Bangalore,Undisclosed investors,Seed Funding,2.39925,Seed Funding
1661,1669,2016-05-03,boibanit,Consumer Internet,Online Food Delivery platform,Vadodara,Undisclosed investors,Seed Funding,0.0,Seed Funding
1662,1670,2016-05-03,zuver,Consumer Internet,Car driver Discovery App,Mumbai,"Shruth & Smith Group, Hermes Group",Seed Funding,1.72746,Seed Funding
1663,1671,2016-05-03,prepathon,Education,Competitive Exam learning platform,Mumbai,Blume Ventures,Private Equity,0.0,Private Equity
1664,1672,2016-05-04,easyroads,Consumer Internet,Road Trip planning Mobile app,Mumbai,"Rohan Angrish, Hrishi Oberoi, Rahul Mehta, Kapil Hetamsaria, Pranav Dedhia",Seed Funding,1.9194,Seed Funding
1665,1673,2016-05-04,lenskart,eCommerce,Eyewear & Accessories etailer,New Delhi,"International Finance Corp, TPG Growth, Adveq Management, IDG Ventures, Ratan Tata, Kris Gopalakrishnan",Private Equity,575.82,Private Equity
1666,1674,2016-05-04,seclore,Technology,Enterprise Security Technology platform,Mumbai,"Sistema Asia Fund, Helion Venture, VentureEast, India Alternatives",Private Equity,115.164,Private Equity
1667,1675,2016-05-04,solartown,Technology,Solar Rooftop system installation company,Chennai,Grex.in,Seed Funding,1.9194,Seed Funding
1668,1676,2016-05-04,comarete,Technology,Telecom & Media IT services company,Pune,Grex.in,Seed Funding,1.9194,Seed Funding
1669,1677,2016-05-04,mydentistchoice,eCommerce,Medical Supplies eTailer,Hyderabad,Undisclosed investors,Seed Funding,1.43955,Seed Funding
1670,1678,2016-05-04,active.ai,Technology,Intelligent Tech platform for Finance vertical,Singapore,Kalaari Capital Accelerator Program,Seed Funding,4.7985,Seed Funding
1671,1679,2016-05-04,affordplan,Technology,Affordable non-emergency medical service health plans,New Delhi,Kalaari Capital Accelerator Program,Seed Funding,4.7985,Seed Funding
1672,1680,2016-05-04,indee,Consumer Internet,Web Video Streaming Platform,Bangalore,Kalaari Capital Accelerator Program,Seed Funding,4.7985,Seed Funding
1673,1681,2016-05-05,unbxd,Technology,eCommerce product discovery software,New Delhi,"IDG Ventures, Inventus Capital, Indian Angel Network",Private Equity,0.0,Private Equity
1674,1682,2016-05-05,weballigator,Consumer Internet,Cloud Based Software Solutions,Bangalore,Group of undisclosed Angel Investors & HNIs,Seed Funding,3.598875,Seed Funding
1675,1683,2016-05-06,eduace services,Education,Education Workshops & mentoring programs,Lucknow,MoMagic Technologies,Private Equity,9.597,Private Equity
1676,1684,2016-05-06,meesho,eCommerce,Social commerce platform,Bangalore,Rajul Garg & Others,Seed Funding,0.0,Seed Funding
1677,1685,2016-05-07,zebroads,Logistics,Logistics and Warehousing services,Hyderabad,Undisclosed investors,Seed Funding,0.719775,Seed Funding
1678,1686,2016-05-09,locus,Technology,Logistics Intelligence platform,Bangalore,"Exfinity Venture Partners, Blume Ventures, BeeNext, Rajesh Ranavat",Private Equity,26.39175,Private Equity
1679,1687,2016-05-09,toko innovations,Consumer Internet,Children\\xe2\\x80\\x99s Entertainment Portal,Bangalore,"Roopak Saluja, Vishal Khare",Seed Funding,4.31865,Seed Funding
1680,1688,2016-05-09,rentickle,eCommerce,"Furniture, appliances Portal",New Delhi,"Manish Kheterpal, Vinay Mittal, Dinesh Mittal, Sandeep Gupta",Seed Funding,2.39925,Seed Funding
1681,1689,2016-05-10,healthifyme,Consumer Internet,Health & Fitness App,Bangalore,"IDG Ventures India, Inventus Capital, Blume Ventures",Private Equity,57.582,Private Equity
1682,1690,2016-05-10,zarget,Consumer Internet,Conversion Rate Optimization Platform,Chennai,"Accel Partners, Matrix Partners, Girish Mathrubootham",Private Equity,14.3955,Private Equity
1683,1691,2016-05-10,innonano research,Technology,Clean Water Technology,Chennai,NanoHoldings,Private Equity,172.746,Private Equity
1684,1692,2016-05-10,schoolwear,eCommerce,School Uniform & Supplies Marketplace,Mumbai,Undisclosed investors,Seed Funding,14.3955,Seed Funding
1685,1693,2016-05-10,swiggy,Consumer Internet,Food Delivery Platform,Bangalore,"Norwest Venture Partners, DST Global, Accel Partners",Private Equity,67.179,Private Equity
1686,1694,2016-05-11,zenify,Consumer Internet,Home rental Discovery & Booking Portal,Bangalore,Undisclosed Investors,Private Equity,8.6373,Private Equity
1687,1695,2016-05-11,faircent,Consumer Internet,Online Peer to Peer Lending platform,Gurgaon,"JM Financial Products Ltd, Arun Tadanki, Doreswamy Nandkishore, Kshitij Jain",Private Equity,0.0,Private Equity
1688,1696,2016-05-11,fractal analytics,Technology,Data Analytics Company,Mumbai,Khazanah Nasional Berhad,Private Equity,959.7,Private Equity
1689,1697,2016-05-12,unacademy,Consumer Internet,Free Online Education Platform,Bangalore,"Blume Ventures, Rajan Anandan, Sumit Jain, Aprameya Radhakrishna, Sujeet Kumar, Phanindra Sama",Seed Funding,4.7985,Seed Funding
1690,1698,2016-05-12,capital float,Consumer Internet,Online Lending Platform,Bangalore,"Creation Investments Capital Management, SAIF Partners, Sequoia Capital, Aspada Ventures",Private Equity,239.925,Private Equity
1691,1699,2016-05-12,life circle,Healthcare,Senior Healthcare Services,Hyderabad,GROUPE SOS,Private Equity,1.43955,Private Equity
1692,1700,2016-05-12,dream wallets,Consumer Internet,Online Crowdfunding platform,Jaipur,"Rakesh Gupta, Aditya Aggarwal, Siddharth Banerjee, Vikas Ranjan, Anshul Jindal, Sunil Koul, and Sanjeev Agrawal",Seed Funding,0.0,Seed Funding
1693,1701,2016-05-12,shabdnagari,Consumer Internet,Hindi social networking portal,Kanpur,ah! Ventures,Seed Funding,0.0,Seed Funding
1694,1702,2016-05-12,galleri5,Consumer Internet,Visual Content Discovery platform,Bangalore,"Phanindra Sama, Raghunandan G,",Seed Funding,0.0,Seed Funding
1695,1703,2016-05-12,derbii,Logistics,Carpooling Services,Gurgaon,Anurag Chauhan,Seed Funding,0.0,Seed Funding
1696,1704,2016-05-13,stayzilla,Consumer Internet,Budget Room Aggregator Booking platform,Chennai,"Matrix Partners, Nexus Ventures",Private Equity,129.5595,Private Equity
1697,1705,2016-05-13,wow express,Logistics,E-Commerce Logistics Solutions,Mumbai,Undisclosed Investors & Tamarind Family Private Trust,Private Equity,21.1134,Private Equity
1698,1706,2016-05-16,smartivity,eCommerce,Smart Learning products,Delhi,"S Chand, AdvantEdge Partners",Private Equity,9.597,Private Equity
1699,1707,2016-05-16,bedbathmore,Consumer Internet,Home Decor eMarketplace,Mumbai,"Kinnevik Group, Rocket Internet",Private Equity,0.0,Private Equity
1700,1708,2016-05-17,murgency,Consumer Internet,Medical Emergency Response App,Mumbai,Rata Tata,Private Equity,0.0,Private Equity
1701,1709,2016-05-17,crownit,Consumer Internet,Mobile customer rewards management platform,Gurgaon,"Undisclosed investors, Accel Partners, Helion Venture Partners",Private Equity,0.0,Private Equity
1702,1710,2016-05-17,blinge,eCommerce,Apparel Rental platform,Mumbai,"Anupam Mittal, Anuj Srivastava, Ankit Nagori",Seed Funding,0.0,Seed Funding
1703,1711,2016-05-18,thesmartq,Consumer Internet,Food Ordering Mobile App,Bangalore,YourNest Angel Fund,Seed Funding,2.39925,Seed Funding
1704,1712,2016-05-18,purplehealth,Consumer Internet,Online health-on-demand platform,Trivandrum,Katabole Technology Venture,Seed Funding,0.9597,Seed Funding
1705,1713,2016-05-18,fundamentor,Education,Aptitude Development Program,Pune,Subramanya SV,Seed Funding,0.0,Seed Funding
1706,1714,2016-05-18,edupristine,Education,Online Certification Courses,Mumbai,"Kaizen Management Advisors, DeVry Inc",Private Equity,95.97,Private Equity
1707,1715,2016-05-18,bhiveworkspace,Reality,Co-Working Spaces,Bangalore,Blume Ventures,Private Equity,9.597,Private Equity
1708,1716,2016-05-18,parentlane,Consumer Internet,Parenting & Child Care app,Bangalore,"Sujeet Kumar, Aprameya, Sumit Jain, Subramanya Venkat, Venk, Ravi Machani, Hitesh Gupta, Rohit Choudhary",Seed Funding,0.0,Seed Funding
1709,1717,2016-05-19,appie,Consumer Internet,Location-based offline retail discovery platform,Mumbai,Undisclosed investors,Seed Funding,9.597,Seed Funding
1710,1718,2016-05-19,niki.ai,Technology,Artificial Intelligence Platform,Bangalore,Ratan Tata,Private Equity,0.0,Private Equity
1711,1719,2016-05-19,taxivaxi,Consumer Internet,Cab Aggregating Platform,New Delhi,Undisclosed HNIs,Seed Funding,4.7985,Seed Funding
1712,1720,2016-05-19,veqta,Consumer Internet,On Demand Digital Sports Network,New Delhi,"Chatsworth Management, ITW Digital",Seed Funding,4.7985,Seed Funding
1713,1721,2016-05-20,i2ifunding,Consumer Internet,Online Peer to Peer Funding,Noida,Undisclosed Investors,Seed Funding,2.8791,Seed Funding
1714,1722,2016-05-23,edurev,Consumer Internet,Online Learning Platform,Gurgaon,Pradeep Reddy Kamasan,Seed Funding,0.0,Seed Funding
1715,1723,2016-05-23,hoppingo,Consumer Internet,Fashion Discovery platform,New Delhi,vCommission,Seed Funding,0.854133,Seed Funding
1716,1724,2016-05-24,eatonomist,Consumer Internet,Food Delivery Platform,Gurgaon,MCube Capital Advisors Pvt Ltd,Seed Funding,0.0,Seed Funding
1717,1725,2016-05-24,goalwise,Consumer Internet,Online investment platform,Bangalore,Undisclosed HNIs,Seed Funding,9.597,Seed Funding
1718,1726,2016-05-25,roast,Consumer Internet,Mobile entertainment App,New Delhi,Indian Angel Network,Seed Funding,0.0,Seed Funding
1719,1727,2016-05-25,address health,Healthcare,Pediatric Primary Healthcare Network,Bangalore,Gray Matters Capital,Private Equity,14.3955,Private Equity
1720,1728,2016-05-25,arcatron mobility,Technology,Mobility Devices for differently abled,Pune,Sudhir Mehta,Seed Funding,0.9597,Seed Funding
1721,1729,2016-05-25,shethepeople,Consumer Internet,Digital platform for Women,New Delhi,Anand Mahindra,Seed Funding,0.0,Seed Funding
1722,1730,2016-05-26,cleartax,Consumer Internet,Online Income Tax Filing platform,Bangalore,"FF Angel, Sequoia Capital",Private Equity,19.194,Private Equity
1723,1731,2016-05-26,consure medical,Healthcare,Medical Devices Kit manufacturer,New Delhi,"Accel Partners, Indian Angel Network, India Innovation Fund India Venture Partners",Private Equity,0.0,Private Equity
1724,1732,2016-05-26,mchamp,Consumer Internet,Celebrity Entertainment Contest App,New Delhi,MoMagic Technologies,Seed Funding,4.558575,Seed Funding
1725,1733,2016-05-27,pianta,Consumer Internet,Online healthcare service discovery platform,Bangalore,"Kunal Shah, Sandeep Tandon",Seed Funding,0.0,Seed Funding
1726,1734,2016-05-30,vahanalytics,Technology,Safe driving Analytics platform,Mumbai,"Anirudh Damani, Vikram Lakhotia",Seed Funding,1.9194,Seed Funding
1727,1735,2016-05-31,play your sport,Consumer Internet,Location based Sports & Fitness Discovery App,New Delhi,Ashish Gupta and other undisclosed investors,Seed Funding,0.0,Seed Funding
1728,1736,2016-05-31,koovs,eCommerce,Apparel & Lifestyle eTailer,New Delhi,HT Media Ltd,Private Equity,42.2268,Private Equity
1729,1737,2016-05-31,ccavenue,Consumer Internet,Payment Gateway,Mumbai,NSI Infinium Global Pvt. Ltd,Private Equity,85.4133,Private Equity
1730,1738,2016-05-31,1mg,eCommerce,Online Pharmacy,Gurgaon,HBM Healthcare Investments,Private Equity,0.0,Private Equity
1731,1739,2016-05-31,tpot,Food & Beverage,QSR Chain,Gurgaon,Ashish Gupta,Seed Funding,0.0,Seed Funding
1732,1740,2016-05-31,machadalo,Consumer Internet,Hyperlocal Advertising Platform,Mumbai,Undisclosed Investors,Seed Funding,1.679475,Seed Funding
1733,1741,2016-04-01,dil mil,Consumer Internet,Matchmaking Mobile App,SFO / Bangalore,"Nelstone Ventures, Transmedia Capital, Maiden Lane Ventures, CSC Upshot & Angel investors",Private Equity,25.9119,Private Equity
1734,1742,2016-04-01,picsdream,Consumer Internet,Online Marketplace for Photographers,Delhi,Raman Roy,Seed Funding,0.0,Seed Funding
1735,1743,2016-04-01,process 9,Consumer Internet,online translation and transliteration,Gurgaon,"Indian Angel Network, Alok Sharma, Kris Gopalakrishnan, Saurabh Srivastava, and Ajai Chowdhry",Seed Funding,0.0,Seed Funding
1736,1744,2016-04-04,housing,Consumer Internet,Real Estate Portal,Mumbai,Vineet Singh,Private Equity,0.0,Private Equity
1737,1745,2016-04-04,roll mafia,Food & Beverage,Rolls & Biryanis QSR chain,Pune,Equentia Natural Resource & Other undisclosed investors,Seed Funding,0.0,Seed Funding
1738,1746,2016-04-04,hungama,Consumer Internet,Digital Media Entertainment Portal,Mumbai,Xiaomi Inc,Private Equity,239.925,Private Equity
1739,1747,2016-04-04,highway delite,Consumer Internet,Various Highway Help Services,Bangalore,N.S. Raghavan Centre for Entrepreneurial Learning,Seed Funding,0.0,Seed Funding
1740,1748,2016-04-05,cult fitness,Healthcare,Healthcare training programs,Bangalore,Mukesh Bansal,Seed Funding,0.0,Seed Funding
1741,1749,2016-04-05,haptik,Technology,Personal Assistant App,Mumbai,Times Internet Ltd,Private Equity,0.0,Private Equity
1742,1750,2016-04-05,servify,Consumer Internet,Gadget & Appliances Service App,Mumbai,"Blume Ventures, Barkawi Holdings GmbH, TM Service Technology Holdings GmbH",Private Equity,0.0,Private Equity
1743,1751,2016-04-06,shipsy,Logistics,Logistics Solutions,Gurgaon,DTDC Express Ltd,Private Equity,9.597,Private Equity
1744,1752,2016-04-06,gear6,Consumer Internet,Online bike service and repairs platform,Bangalore,Ninestarter,Seed Funding,4.7985,Seed Funding
1745,1753,2016-04-06,myglamm,Consumer Internet,Mobile based on-demand Beauty Services platform,Mumbai,L\\xe2\\x80\\x99Occitane,Private Equity,57.582,Private Equity
1746,1754,2016-04-06,petoo,Consumer Internet,Online Food Delivery Platform,Bangalore,Axilor Ventures,Private Equity,9.597,Private Equity
1747,1755,2016-04-07,truly social,Consumer Internet,Mobile Gaming Studio,London,Nazara Technologies Pvt Ltd,Private Equity,0.0,Private Equity
1748,1756,2016-04-08,little black book,Consumer Internet,"Curated Food, event & Lifestyle guide",New Delhi,"IDG, Indian Angel Network",Seed Funding,0.0,Seed Funding
1749,1757,2016-04-08,vahan,Education,Mobile Education Platform,Chennai,Villgro,Seed Funding,0.0,Seed Funding
1750,1758,2016-04-08,imedilane,Consumer Internet,Online Health Diagnosis platform,New Delhi,"Mahendra Patel, Nilender Chauhan",Seed Funding,0.38388,Seed Funding
1751,1759,2016-04-11,living local,Consumer Internet,Social discovery platform,Mumbai,Rattan Chadha,Seed Funding,1.9194,Seed Funding
1752,1760,2016-04-11,vegfru,eCommerce,Online Fruit & Vegetable Marketplace,New Delhi,Wingify,Seed Funding,0.0,Seed Funding
1753,1761,2016-04-11,oyo,Consumer Internet,Online Branded Budget Room Booking Service,New Delhi,"Softbank, Sequoia Capital, Lightspeed Venture Partners, Greenoaks Capital, DSG Consumer Partners and Venture Nursery",Private Equity,959.7,Private Equity
1754,1762,2016-04-11,priceraja,Consumer Internet,Price Comparison Portal,Gurgaon,Prashant Puri,Seed Funding,2.8791,Seed Funding
1755,1763,2016-04-12,magicx,Consumer Internet,On-Demand Task Management App,Bangalore,"Kris Gopalakrishnan, Dr. Ranjan Pai",Seed Funding,9.597,Seed Funding
1756,1764,2016-04-12,happydemic,Consumer Internet,Artist Discovery & Booking platform,Mumbai,Shaan,Seed Funding,0.0,Seed Funding
1757,1765,2016-04-12,lendenclub,Finance,Peer-to-Peer Lending Platform,Mumbai,"Anirudh Damani, Daud Ali, Narendra Karnavat, Vikas Kapoor, Vikram Lakhotia, Krishna Jhunjhunwaala, Jayesh Shah",Seed Funding,0.0,Seed Funding
1758,1767,2016-04-13,legalraasta,Consumer Internet,Online legal Services for Startups,New Delhi,"Pravin Khandelwal, Yatin Kumar Jain",Seed Funding,9.597,Seed Funding
1759,1768,2016-04-13,raincan,Consumer Internet,Subscription-based grocery delivery Mobile App,Pune,Dr. Aniruddha Malpani,Seed Funding,1.43955,Seed Funding
1760,1769,2016-04-13,hippily,eCommerce,Fashion ECommerce App,Mumbai,"Dr. Sridhar Ramaswamy, Rakesh Mathur",Seed Funding,2.39925,Seed Funding
1761,1770,2016-04-13,kredx,eCommerce,Invoice discounting Marketplace,Bangalore,"Prime Venture Partners,",Seed Funding,7.19775,Seed Funding
1762,1771,2016-04-14,wedwise,Consumer Internet,Wedding related services community,New Delhi,StartUp Equity Partners,Seed Funding,0.0,Seed Funding
1763,1772,2016-04-14,beaconstalk,Technology,contextual mobile advertising,Mumbai,"Rajeev Agrawal, Prashant Gooty",Seed Funding,0.9597,Seed Funding
1764,1773,2016-04-15,deal 4loans,Consumer Internet,Loan Comparison Portal,Noida,"Ram Shriram, Neeraj Arora, Puru Vashishtha",Seed Funding,0.0,Seed Funding
1765,1774,2016-04-15,renewbuy,Consumer Internet,Online Car & Bike Insurance Comparison portal,New Delhi,Mount Nathan Advisors,Seed Funding,9.597,Seed Funding
1766,1775,2016-04-15,blue box media,Consumer Internet,Online Tech Portals,Jaipur,"Mahavir Pratap Sharma, Ajay Data, Yogesh Chaudhary, Sanjay Phophaliya, Siddharth Agarwal, Kamal Kothari",Seed Funding,0.0,Seed Funding
1767,1776,2016-04-15,vyomo,Consumer Internet,On-Demand Beauty Service provider,New Delhi,Naturals Salon Chain,Private Equity,143.955,Private Equity
1768,1777,2016-04-15,organicshop,eCommerce,Marketplace for organic products,Jaipur,"Vivek Nathani, Yogesh Chaudhary, Mahavir Pratap Sharma, Kamal Kothari, H C Jain",Seed Funding,0.0,Seed Funding
1769,1778,2016-04-15,mind your fleet,Consumer Internet,Car Rental Software,Noida,Undisclosed Investors,Seed Funding,0.0,Seed Funding
1770,1779,2016-04-15,nestaway,Consumer Internet,Furnished Home Rental Platform,Bangalore,Tiger Global,Private Equity,287.91,Private Equity
1771,1780,2016-04-15,tapchief,Consumer Internet,Expert Advice Platform,Bangalore,Vijay Shekhar Sharma,Seed Funding,1.43955,Seed Funding
1772,1781,2016-04-18,rapido,Consumer Internet,Bike Aggregator App,Bangalore,"Pawan Munjal, AdvantEdge Partners, Astarc Ventures",Private Equity,0.0,Private Equity
1773,1782,2016-04-18,yufta,eCommerce,Women\\xe2\\x80\\x99s Fashion ECommerce Portal,Bangalore,Ajay Data & other HNIs,Seed Funding,0.0,Seed Funding
1774,1783,2016-04-18,smytten,eCommerce,Online Discovery and Shopping Platform,Gurgaon,Rajan Anandan,Seed Funding,0.0,Seed Funding
1775,1784,2016-04-18,houssup,Consumer Internet,interior design and home furnishing portal,Jaipur,"Mitin Patel, Gaurav Agarwal",Seed Funding,0.0,Seed Funding
1776,1785,2016-04-18,jugnoo,Consumer Internet,On-demand Delivery & Logistics platform,Chandigarh,Paytm & existing investors,Private Equity,95.97,Private Equity
1777,1786,2016-04-18,tork motocycles,Auto,Electric Motorcycle Manufacturer,Pune,"Bhavish Aggarwal, Ankit Bhati",Seed Funding,0.0,Seed Funding
1778,1787,2016-04-19,betaout,eCommerce,customer intelligence and marketing automation platform,Noida,"Stanford Angels, LetsVenture, Chennai Angels, Hyderabad Angels, Mumbai Angels",Private Equity,14.3955,Private Equity
1779,1788,2016-04-19,driverscart,Consumer Internet,on-demand chauffeur provider,Chennai,ah! Ventures,Seed Funding,4.31865,Seed Funding
1780,1789,2016-04-19,lenskart,eCommerce,Eyewear etailing platform,New Delhi,Ratan Tata,Private Equity,0.0,Private Equity
1781,1790,2016-04-19,collegedekho,Consumer Internet,College & Student information platform,New Delhi,Man Capital,Private Equity,19.194,Private Equity
1782,1791,2016-04-19,oyofit,Consumer Internet,Fitness Services Aggregator platform,Bangalore,RN Agarwal,Seed Funding,0.0,Seed Funding
1783,1792,2016-04-19,oliveboard,Consumer Internet,Online exam practice & preparation platform,Bangalore,India Educational Investment Fund,Private Equity,0.0,Private Equity
1784,1793,2016-04-19,simplilearn,Consumer Internet,Online certification platform,Bangalore,Brand Capital,Private Equity,0.0,Private Equity
1785,1794,2016-04-20,1mg,eCommerce,Online Pharmacy,Gurgaon,"Maverick Capital Ventures, Sequoia Capital, Omidyar Network",Private Equity,143.955,Private Equity
1786,1795,2016-04-20,fashalot,Consumer Internet,Fashion and Store discovery mobile app,New Delhi,"YourNest Angel Fund, Rajul Garg",Seed Funding,0.0,Seed Funding
1787,1796,2016-04-20,broomberg,Consumer Internet,Cleaning Services Provider,New Delhi,Undisclosed Angel investors & HNIs,Seed Funding,0.0,Seed Funding
1788,1797,2016-04-21,m.paani,Consumer Internet,Loyalty rewards platform,Mumbai,"Blume Ventures, Adil Allana, Aprameya Radhakrishna, Gautam Ivatury, Signal Point Partners",Seed Funding,0.0,Seed Funding
1789,1798,2016-04-21,yufta,eCommerce,hyperlocal fashion retail platform,Jaipur,Ajay Data & undisclosed HNIs,Seed Funding,0.0,Seed Funding
1790,1799,2016-04-21,mishtag,Consumer Internet,"Style, Fashion Discovery Mobile app",New Delhi,"M&Y Partners, SVG Media, Anthil Ventures & others",Seed Funding,0.0,Seed Funding
1791,1800,2016-04-21,advanced structures india,Auto,Automotive Design and Engineering company,Bangalore,GirnarSoft,Private Equity,0.0,Private Equity
1792,1801,2016-04-22,licious,eCommerce,Mobile based Meat ordering App,Bangalore,Mayfield India II Management Ltd,Private Equity,28.791,Private Equity
1793,1802,2016-04-22,knolskae,Consumer Internet,Educational Gamification & Simulation platform,Bangalore,"Inventus Capital Partners, HR Fund",Private Equity,0.0,Private Equity
1794,1803,2016-04-22,druva,Technology,Converged Backup & Data Protection Solutions for Enterprises,Pune,"NTT Finance, Telephone Corporation",Private Equity,0.0,Private Equity
1795,1804,2016-04-22,toko innovation studios,Consumer Internet,Children\xe2\x80\x99s Entertainment Games & Products,New Delhi,Indian Angel network,Seed Funding,4.31865,Seed Funding
1796,1805,2016-04-25,commut,Consumer Internet,Shuttle Service Provider,Hyderabad,50K Ventures,Seed Funding,1.9194,Seed Funding
1797,1806,2016-04-25,intouchapp,Consumer Internet,Contact Management Mobile App,Pune,Blume Ventures,Seed Funding,0.0,Seed Funding
1798,1807,2016-04-25,dropkaffe,Food & Beverage,Ready-to-Drink Beverage Producer,Bangalore,"GrowthStory, Apurva Salapuria, Hitesh Oberoi, Sidharth Pansari, Nirupa Shankar",Seed Funding,5.27835,Seed Funding
1799,1808,2016-04-26,transerv,Consumer Internet,Digital Payments platform,Mumbai,"IDFC SPICE Fund, Micromax Informatics",Private Equity,143.955,Private Equity
1800,1809,2016-04-26,cleartax,Consumer Internet,Online filing of Tax returns,Bangalore,"Max Levchin, Scott Banister",Private Equity,12.4761,Private Equity
1801,1810,2016-04-26,roposo,eCommerce,Social Fashion ECommerce Discovery platform,Gurgaon,Bertelsmann India Investments,Private Equity,143.955,Private Equity
1802,1811,2016-04-27,milkbasket,Consumer Internet,Micro Grocery Delivery Platform,Gurgaon,EVC Ventures,Seed Funding,4.7985,Seed Funding
1803,1813,2016-04-27,railyatri,Consumer Internet,Train Related Information portal,Noida,"Nandan Nilekani, Helion Ventures, Omidyar Networks, Blume Ventures",Private Equity,0.0,Private Equity
1804,1814,2016-04-27,ichr,Consumer Internet,Mobile based Children health Information app,New Delhi,Undisclosed,Seed Funding,4.31865,Seed Funding
1805,1815,2016-04-27,murgency,Consumer Internet,Medical Emergency Response App,Mumbai,Axilor Ventures,Private Equity,0.0,Private Equity
1806,1816,2016-04-28,the wedding brigade,Consumer Internet,Online Wedding Information Portal,Mumbai,Blume Ventures & Other unnamed Investors,Seed Funding,5.7582,Seed Funding
1807,1817,2016-04-28,docsapp,Consumer Internet,Online Doctor Discovery & Chat platform,Bangalore,"Rebright Partners, Anand Rajaraman, Venky Harinarayan",Private Equity,11.5164,Private Equity
1808,1818,2016-04-29,impact guru,Consumer Internet,Online Crowdfunding platform for NGOs & Social Projects,Mumbai,"RB Investments, Fundnel",Seed Funding,4.7985,Seed Funding
1809,1819,2016-04-29,letreach,eCommerce,ECommerce SAAS Solutions,New Delhi,vCommission,Private Equity,0.9597,Private Equity
1810,1820,2016-03-01,driveu,Consumer Internet,Chauffeurs Discovery for private car owners,Bangalore,Unitus Seed Fund,Seed Funding,0.0,Seed Funding
1811,1821,2016-03-01,gympik,Consumer Internet,"Fitness Centres, Gym Discovery online marketplace",Bangalore,RoundGlass Partners,Private Equity,0.0,Private Equity
1812,1822,2016-03-01,testbook,Consumer Internet,Online Test Preparation Platform,Mumbai,S Chand & Co,Private Equity,0.0,Private Equity
1813,1823,2016-03-01,iqlect,Technology,Big Data Analytics Platform,Bangalore,"Lip-Bu Tan, Michael Marks, Nicolas Braithwaite",Private Equity,0.0,Private Equity
1814,1824,2016-03-02,momark,Consumer Internet,Mobile Wallet Aggregation platform,Noida,YourNest Angel Fund,Private Equity,5.7582,Private Equity
1815,1825,2016-03-02,skedool,Consumer Internet,AI based Office Assistant Mobile App,Seattle / Bangalore,"Kludein LLC\\nPhanindra Sama, Narayan Ramachandran, Pranav Pai",Seed Funding,0.0,Seed Funding
1816,1826,2016-03-02,systemantics,Technology,Industrial robots maker,Bangalore,"Nandan Nilekani, Accel Partners",Private Equity,13.4358,Private Equity
1817,1827,2016-03-03,vertuals,Technology,Audio Visual Digital Content creators for Brands,Mumbai,Dino Morea,Seed Funding,0.0,Seed Funding
1818,1828,2016-03-03,imarticus learning,Education,Financial Services & Analytics Education Institute,Mumbai,"Blinc Advisors, Amit Nanavati, Tashwinder Singh, Taranjit Jaswal, Amit Khanna",Private Equity,9.597,Private Equity
1819,1829,2016-03-03,shouut,Consumer Internet,Social Discovery Mobile app,New Delhi,Undisclosed investor,Seed Funding,4.7985,Seed Funding
1820,1830,2016-03-04,tinystep,Consumer Internet,Parenting Social Network Platform,Bangalore,Matt Glickman,Private Equity,0.0,Private Equity
1821,1831,2016-03-04,aahaa,ECommerce,Office Products Super Store,Chennai,"YourNest Angel Fund,",Private Equity,9.597,Private Equity
1822,1832,2016-03-04,arcatron mobility,Technology,Smart wheelchair Design and Development,Pune,"Sudhir Mehta, Anoop Hingorani",Seed Funding,0.0,Seed Funding
1823,1833,2016-03-04,ftcash,Consumer Internet,Mobile Payments Platform,Kolkata,IvyCap Ventures,Seed Funding,1.43955,Seed Funding
1824,1834,2016-03-04,civilsdaily,Consumer Internet,Civil Services News Aggregator,New Delhi,Manoj Kumar & Other undisclosed investors,Seed Funding,0.0,Seed Funding
1825,1835,2016-03-04,zappka,Consumer Internet,Mobile App discovery and review platform,Gurgaon,"Daman Soni, Rajat Gupta & Others",Seed Funding,0.9597,Seed Funding
1826,1836,2016-03-04,tarusa world,ECommerce,Handicraft products eTailer,Mumbai,Mohit Gulati,Seed Funding,0.0,Seed Funding
1827,1837,2016-03-04,medecube,Healthcare,Healthcare related Services provider,Gurgaon,Artiman Ventures,Private Equity,38.388,Private Equity
1828,1838,2016-03-07,n.o.w,Consumer Internet,Bike Taxi Service & Hyperlocal Delivery App,Noida,"Ruchirans Jaipuria, Anuj Sanghi",Seed Funding,4.7985,Seed Funding
1829,1839,2016-03-07,ninjacart,ECommerce,B2B marketplace for Farmers & Retailers,Bangalore,"Accel Partners, Qualcomm Ventures, M&S Partners, Zop Smart",Private Equity,28.791,Private Equity
1830,1840,2016-03-07,reach,Consumer Internet,Cross Platform P2P file sharing mobile app,Bangalore,"Rebright Partners, Sol Primero, Sudhir Anandarao, Ankur Warikoo, Ankur Singla",Seed Funding,4.7985,Seed Funding
1831,1841,2016-03-07,vanity cube,Consumer Internet,Hyperlocal Beauty Services platform,New Delhi,Unicorn Ventures,Seed Funding,2.39925,Seed Funding
1832,1842,2016-03-07,wooplr,ECommerce,Curated Fashion ECommerce portal,Bangalore,"Naveen Tewari, Abhay Singhal, Amit Gupta, Piyush Shah, Raghunandan G, Rajiv Mehta",Seed Funding,0.0,Seed Funding
1833,1843,2016-03-07,medidaili,Consumer Internet,Medical Support service platform,Bangalore,Undisclosed private investors,Seed Funding,0.9597,Seed Funding
1834,1844,2016-03-08,finomena,Technology,Credit Worthiness Big Data Analytics,New Delhi,Matrix Partners India,Private Equity,0.0,Private Equity
1835,1845,2016-03-08,cookaroo,Consumer Internet,Food Delivery Platform,Bangalore,Vijay Krishna Yadav,Seed Funding,0.0,Seed Funding
1836,1846,2016-03-08,vphrase analytics,Technology,AI based data analytics platform,Mumbai,"Apoorv Ranjan Sharma, Daud Ali and others",Seed Funding,0.0,Seed Funding
1837,1847,2016-03-08,lovecycles,Consumer Internet,Women\\xe2\\x80\\x99s health Tracker,Bangalore,Prime Venture Partners,Seed Funding,7.19775,Seed Funding
1838,1848,2016-03-08,kartrocket,ECommerce,ECommerce SAAS platform,New Delhi,"Undisclosed Japanese investor, Bertelsmann India Investments, Nirvana Digital India Fund, Nirvana Digital Investment Holding Co Ltd, 500 Start-Ups",Private Equity,76.776,Private Equity
1839,1849,2016-03-08,dunzo,Consumer Internet,Daily Task Management App,Bangalore,"Aspada Investment Advisors, Blume Ventures.",Seed Funding,6.23805,Seed Funding
1840,1850,2016-03-09,indiamart,ECommerce,B2B Marketplace for SMBs,Noida,Amadeus Capital,Private Equity,0.0,Private Equity
1841,1851,2016-03-09,smartvizx,Technology,Virtual Reality Solutions,Noida,"Indian Angel Network, Stanford Angels, Entrepreneurs India",Seed Funding,4.7985,Seed Funding
1842,1852,2016-03-09,mygubbi,Real Estate,Interior Design & Home D\\xc3\\xa9cor Solutions,Bangalore,"Vipul Parekh, ajesh K Murthy,",Seed Funding,23.9925,Seed Funding
1843,1853,2016-03-09,nukkad shops,Consumer Internet,Hyperlocal Grocery Delivery Service,Hyderabad,PurpleTalk Inc,Seed Funding,9.597,Seed Funding
1844,1854,2016-03-09,cloudacar,Consumer Internet,Carpooling Mobile App,Pune,"Amit Choudhary, Anuj Puri",Seed Funding,0.0,Seed Funding
1845,1855,2016-03-09,justride,Consumer Internet,Self Drive Car Rental,Mumbai,Dheeraj Jain & Other angel investors,Seed Funding,3.8388,Seed Funding
1846,1856,2016-03-09,yana,Consumer Internet,Personal AI Transaction Engine App,Gurgaon,"Puneet Gupta,",Seed Funding,0.0,Seed Funding
1847,1857,2016-03-10,big fish ventures,Food & Beverage,premium dining lounges Chain,New Delhi,Undisclosed investors,Private Equity,106.5267,Private Equity
1848,1858,2016-03-10,stylflip,ECommerce,Pre-Owned Fashion marketplace mobile app,Mumbai,"Raj Gala Shah, Zaheer Memon",Seed Funding,0.0,Seed Funding
1849,1859,2016-03-10,icertis,Technology,Contract Management Software Solutions platform,Pune/Seattle,"Ignition Partners, Greycroft Partners, Fidelity Growth Partners India",Private Equity,143.955,Private Equity
1850,1860,2016-03-10,supplified,ECommerce,Construction material eTailer,New Delhi,Mohit Goel,Seed Funding,9.597,Seed Funding
1851,1861,2016-03-11,jollyfoodfellow,Technology,Food Related Marketing & Branding platform,Ahmedabad,Janak Parikh,Seed Funding,0.0,Seed Funding
1852,1862,2016-03-14,pinkblue,ECommerce,Medical Supplies eTailer,Bangalore,"Hari Krishna, Ajay Modani, Dr V Ravinder, Anirudh Rastogi, Abhishek Jain, Rakesh Gakhar, Rajeev Mudumba, Nagendra Prasad Bhanuprakash",Seed Funding,2.145965976,Seed Funding
1853,1863,2016-03-14,truckingcube,Logistics,"Domestic, Commercial, and Industrial Goods Movers",New Delhi,Agarwal Movers Group,Private Equity,142.9953,Private Equity
1854,1864,2016-03-14,eswasthya,Consumer Internet,Online Medicine Delivery Aggregator,Ahmedabad,Hemang Sahani,Seed Funding,0.0,Seed Funding
1855,1865,2016-03-15,flipclass,Consumer Internet,Tutor Search Platform,Bangalore,"S Chand and Co Pvt Ltd, Blume Ventures",Private Equity,9.597,Private Equity
1856,1866,2016-03-15,proximit,Technology,Advertising Technology,Pune,Funding through 1Crowd platform,Seed Funding,1.43955,Seed Funding
1857,1867,2016-03-15,withme,Consumer Internet,Personalized Fashion App,Gurgaon,"Alex Kuruvilla, Pradeep Guha, Saket Dhankar, Rajan Pandhare",Seed Funding,2.39925,Seed Funding
1858,1868,2016-03-16,gapoon,Consumer Internet,Hyperlocal Home Maintenance services,Bangalore,"Chandrashekar Tallapragada, Pankaj Kapoor",Seed Funding,1.72746,Seed Funding
1859,1869,2016-03-16,avagmah,Consumer Internet,Online Education Portal,Bangalore,"Kris Gopalakrishnan, Atul Nishar",Seed Funding,0.0,Seed Funding
1860,1870,2016-03-16,workindia,Consumer Internet,Online Job Board,Mumbai,Beenext,Seed Funding,0.0,Seed Funding
1861,1871,2016-03-16,wealthy,Consumer Internet,Online Investment management portal,Bangalore,"Zishaan Hayath, Abhishek Goyal, Arjun and Rohan Malhotra, Harpreet Singh Grover, Gagan Dugal",Seed Funding,2.39925,Seed Funding
1862,1872,2016-03-17,pramati,Healthcare,Specialized Patient Care platform,Noida,Undisclosed investors,Seed Funding,1.9194,Seed Funding
1863,1873,2016-03-17,qlivery,Consumer Internet,Ondemand Concierge Service,Gurgaon,Swastika Company Ltd,Seed Funding,2.20731,Seed Funding
1864,1874,2016-03-17,healthenablr,Consumer Internet,Doctor Discovery and booking platform,Mumbai,Undisclosed investors,Seed Funding,7.6776,Seed Funding
1865,1875,2016-03-17,liftiee,Consumer Internet,Car/ bike Pooling App,Mumbai,"Rannvijay Singh, Anita Hassanandani",Seed Funding,1.036476,Seed Funding
1866,1876,2016-03-18,hello curry,Food & Beverage,Quick Service Restaurant Chain,Hyderabad,Sashi Reddi & Other unnamed investors,Private Equity,14.3955,Private Equity
1867,1877,2016-03-19,gosporto,Consumer Internet,Online Sports discovery and booking platform,New Delhi,Naveen Gupta,Seed Funding,0.28791,Seed Funding
1868,1878,2016-03-21,oneclickwash,Consumer Internet,Online Laundry & Washing service Booking & Delivery,Gurgaon,Unitus Seed Fund,Seed Funding,0.0,Seed Funding
1869,1879,2016-03-21,girnar software,Consumer Internet,Online News Media Network,Jaipur,Google Capital,Private Equity,0.0,Private Equity
1870,1880,2016-03-21,room on call,Consumer Internet,Budget hotel aggregator,Gurgaon,CASHurDRIVE Marketing Pvt Ltd,Private Equity,19.194,Private Equity
1871,1881,2016-03-22,byju's,Consumer Internet,Educational Video Content Creator,Bangalore,"Sequoia India, Sofina",Private Equity,719.775,Private Equity
1872,1882,2016-03-22,bigbasket,eCommerce,Online Grocery Shop,Bangalore,Abraaj Group,Private Equity,1439.55,Private Equity
1873,1883,2016-03-22,drivojoy,Consumer Internet,On-demand 2-wheeler Servicing platform,Bangalore,"Indian Angel Network, Tracxn Labs & Others",Seed Funding,5.7582,Seed Funding
1874,1884,2016-03-22,smartron,Technology,Internet of Things Device manufacturer,Bangalore,Sachin Tendulkar,Private Equity,0.0,Private Equity
1875,1885,2016-03-22,lifcare,Consumer Internet,Online Pharmacy portal,Jaipur,"Rajul Garg, Alok Mittal, Kunal Shah, Rishi Mandawat, Dheeraj Jain, Sandeep Tandon, Dexter Angel Circle",Seed Funding,0.0,Seed Funding
1876,1886,2016-03-22,creditseva,Consumer Internet,Online Credit management tools,Hyderabad,"Pix Vine Capital, Infocomm Development Authority of Singapore",Seed Funding,3.45492,Seed Funding
1877,1887,2016-03-22,cityshor,Consumer Internet,online lifestyle media recommendation portal,Ahmedabad,GAIN,Seed Funding,0.0,Seed Funding
1878,1888,2016-03-23,endless robotics,Technology,Interior Painting Automation,Hyderabad,"Devidas Desai, Vipul Gautam, Singapore Angel Network",Seed Funding,0.9597,Seed Funding
1879,1889,2016-03-23,sp robotics,Technology,Robotic Classes for Students,Chennai,"Indian Angel Network,",Seed Funding,2.8791,Seed Funding
1880,1890,2016-03-23,stalkbuylove,eCommerce,Fashion eTailer,New Delhi,"500 Startups, Littlerock, Singularity Ventures",Seed Funding,0.0,Seed Funding
1881,1891,2016-03-23,ekincare,Consumer Internet,Healthcare related solutions,Hyderabad,"BitChemy Ventures, Maheshwari Investments Pvt Ltd, Anshoo Gaur, Rama Krishna Reddy, Sandeep Seerapu",Private Equity,3.16701,Private Equity
1882,1893,2016-03-23,wheelstreet,Consumer Internet,Online Bike Rental platform,Bangalore,Broadbean Capital services,Private Equity,4.7985,Private Equity
1883,1894,2016-03-24,horntell,Consumer Internet,Unified Push Notification service,Gurgaon,"Bharanidharan Viswanathan, Sanjiv Mittal, Shobhit Shukla, Rahul Agarwal",Seed Funding,1.43955,Seed Funding
1884,1895,2016-03-28,schoolkart,eCommerce,Online Marketplace for Schools,Noida,Undisclosed investors,Seed Funding,2.8791,Seed Funding
1885,1896,2016-03-29,healtheminds,Consumer Internet,Online mental healthcare,Bangalore,Robin Utthappa,Seed Funding,0.0,Seed Funding
1886,1897,2016-03-29,babygogo,Consumer Internet,Child healthcare experts aggregator mobile app,New Delhi,"Rajul Garg, Daljit Singh, Aditya Vij, Kishore Kumar, Shuchin Bajaj",Seed Funding,2.8791,Seed Funding
1887,1898,2016-03-29,veritas finance,Finance,Asset Based Lending platform,Chennai,Sarva Capital,Private Equity,45.1059,Private Equity
1888,1899,2016-03-29,qikship,Consumer Internet,Mobile based Logistics provider,New Delhi,undisclosed investors,Seed Funding,1.9194,Seed Funding
1889,1900,2016-03-29,fixnix,Consumer Internet,GRC SAAS Platform,Chennai,Jay Vijayan,Seed Funding,4.7985,Seed Funding
1890,1901,2016-03-30,true balance,Technology,Mobile Balance Check App,Gurgaon,SoftBank Ventures Korea,Private Equity,0.0,Private Equity
1891,1902,2016-03-30,touchkin,Healthcare,Predictive Healthcare platform,Bangalore,"Alok Mittal, Amit Gupta, Anuj Srivastava, Himanshu Aggarwal, Raghunandan G, Puneet Agarwal",Seed Funding,3.8388,Seed Funding
1892,1903,2016-03-31,switchme,Consumer Internet,Home Loan Rate comparison platform,Mumbai,"Mohandas Pai, Hiro Mashita, Singapore Angel Network, 500 Startups, Rajan Anandan, Ajay Sarupria",Seed Funding,0.0,Seed Funding
1893,1904,2016-03-31,transcell,Healthcare,Family Stem Cell Banking Services,Hyderabad,Indian Angel Network,Seed Funding,0.0,Seed Funding
1894,1905,2016-02-01,blue tokai coffee,ECommerce,Specialty Coffee Etailer,New Delhi,Snow Leopard Technology Ventures,Seed Funding,0.0,Seed Funding
1895,1906,2016-02-02,altizone,Technology,IoT & M2M Solutions,Pune,"Wipro Ventures, Lumis Partners",Private Equity,38.388,Private Equity
1896,1907,2016-02-02,oust app,Consumer Internet,Competitive Exam Preparation Platform,Bangalore,"T V Mohandas Pai, Aarin Capital",Seed Funding,0.0,Seed Funding
1897,1908,2016-02-02,strike,Consumer Internet,Mobile Email productivity tool,Bangalore,Multiple investors through Ten Minute Million competition,Seed Funding,0.2159325,Seed Funding
1898,1910,2016-02-02,gamooz,Technology,Augmented Reality Solutions,Gurgaon,Multiple investors through Ten Minute Million competition,Seed Funding,0.2159325,Seed Funding
1899,1911,2016-02-02,soundsurround,Technology,Audio Technology Solutions,Mumbai,Multiple investors through Ten Minute Million competition,Seed Funding,0.2159325,Seed Funding
1900,1912,2016-02-03,mazkara,Consumer Internet,Beauty & Wellness Platform,Pune / Dubai,Dunamis Ventures Pte Ltd.,Seed Funding,9.597,Seed Funding
1901,1913,2016-02-03,roadgods,ECommerce,Auto Spare Parts eTailer,New Delhi,Green House Ventures (GHV),Seed Funding,0.9597,Seed Funding
1902,1914,2016-02-03,pindropmusic,Consumer Internet,Music Discovery Mobile App,Noida,Green House Ventures (GHV),Seed Funding,0.9597,Seed Funding
1903,1915,2016-02-03,woodpie,Consumer Internet,Book Recommendation Service,Bangalore,Ingram Content Group,Seed Funding,0.28791,Seed Funding
1904,1916,2016-02-04,perfumery,ECommerce,Fragrances & Perfume eTailer,New Delhi,Oranda Global & Others,Seed Funding,0.28791,Seed Funding
1905,1917,2016-02-05,magic crate,Education,Children Education Platform,Bangalore,"TV Mohandas Pai, Aarin Capital",Seed Funding,0.0,Seed Funding
1906,1918,2016-02-05,zendrive,Technology,Safe Driving Data & Analytics platform,Bangalore / SFO,"Sherpa Capital, Nyca Partners and Thomvest Ventures",Private Equity,129.5595,Private Equity
1907,1919,2016-02-05,smartcooky,ECommerce,Marketplace for Health Foods,New Delhi,"Vandana Luthra,",Private Equity,0.0,Private Equity
1908,1920,2016-02-05,turtlemint,Consumer Internet,online personalized insurance platform,Mumbai,Nexus Venture Partners,Private Equity,0.0,Private Equity
1909,1921,2016-02-05,bhive,Real Estate,Workspace Rentals,Bangalore,"Raghunandan G, Venturesity, Arihant Patni",Seed Funding,0.0,Seed Funding
1910,1922,2016-02-05,gingercrush,Ecommerce,Personalized Products & Merchandize eTailer,Vadodara,"Saha Fund, TV Mohandas Pai, Zia Mody, Mumbai Angels, Ananda Kallugadde, Rakesh Desai, Rakesh Malhotra",Private Equity,9.597,Private Equity
1911,1923,2016-02-05,american vision,Consumer Internet,Optical Store Aggregator Platform,Pune,Undisclosed investors,Seed Funding,0.777357,Seed Funding
1912,1924,2016-02-05,dawailelo,Consumer Internet,Healthcare Services & Online Pharmacy Mobile App,Varanasi,Undisclosed investors,Seed Funding,0.499044,Seed Funding
1913,1925,2016-02-06,heads up for tails,Ecommerce,Pet Products eTailer,New Delhi,Undisclosed investors,Seed Funding,9.597,Seed Funding
1914,1926,2016-02-06,livenutrifit,Healthcare,Weight loss & Healthcare Info portal,New Delhi,"Mohit Goel, Vinod Jain & Others",Seed Funding,0.0,Seed Funding
1915,1927,2016-02-08,moglix,Ecommerce,Industrial & Home Products Marketplace,New Delhi,Ratan Tata,Private Equity,0.0,Private Equity
1916,1928,2016-02-08,istyleyou,Consumer Internet,Personal Fashion Stylist App,Gurgaon,Green House Ventures (GHV),Seed Funding,0.9597,Seed Funding
1917,1929,2016-02-08,adurcup,Consumer Internet,Ad Network,New Delhi,Green House Ventures (GHV),Seed Funding,0.9597,Seed Funding
1918,1930,2016-02-08,weddingz,Consumer Internet,online marketplace for wedding venues and vendors,Mumbai,Sixth Sense Ventures,Private Equity,0.0,Private Equity
1919,1931,2016-02-08,urban dhobi,Consumer Internet,On Demand Laundry Services,Jaipur,"Vinod Bansal, Sanjeev Singhal",Seed Funding,0.0,Seed Funding
1920,1932,2016-02-08,gray routes,Consumer Internet,Last mile logistics solutions,Mumbai,"Mahesh Parasuraman, Rahul Gautam & Others",Seed Funding,0.0,Seed Funding
1921,1933,2016-02-08,xpressbees,ECommerce,ECommerce Logistics solutions,Pune,"SAIF Partners, IDG Ventures India, Vertex Ventures, Valiant Capital",Private Equity,119.9625,Private Equity
1922,1934,2016-02-08,invictus oncology,Healthcare,Cancer therapeutic Info & Solutions,New Delhi,Ratan Tata,Private Equity,0.0,Private Equity
1923,1935,2016-02-08,hansel.io,Technology,Mobile App Tech Solutions,Bangalore,"Endiya Partners, Mekin Maheshwari, Rajesh Sawhney",Seed Funding,0.0,Seed Funding
1924,1936,2016-02-09,inc42,Consumer Internet,Startup Focused Media News Portal,New Delhi,"India Ventures, Aarin Capital & Others",Seed Funding,0.0,Seed Funding
1925,1937,2016-02-09,goqii,Technology,Personalized fitness coaching & Fitness band,Mumbai,Edelweiss Financial Services,Private Equity,0.0,Private Equity
1926,1938,2016-02-10,capzest,Consumer Internet,Digital Lending Platform,Mumbai,Lion Ventures,Seed Funding,1.9194,Seed Funding
1927,1939,2016-02-10,glamstudios,Consumer Internet,Online Salon Aggregator,Noida,Aqeel Ahmed,Seed Funding,0.0,Seed Funding
1928,1940,2016-02-10,affimity,Consumer Internet,Social Networking platform,Bangalore,undisclosed investors,Seed Funding,11.5164,Seed Funding
1929,1941,2016-02-10,anandakanda,Technology,Medicine Intake Reminder System,Pune,undisclosed investors,Seed Funding,1.43955,Seed Funding
1930,1942,2016-02-10,joulestowatts,Technology,IT services & Talent collaboration services startup,Bangalore,Manipal Global Education Services,Seed Funding,0.0,Seed Funding
1931,1943,2016-02-10,shopkirana,Consumer Internet,Retailer Supply Chain platform,Indore,"Atul Jain, Anil Gelra, Jaikumar Nair",Seed Funding,0.0,Seed Funding
1932,1944,2016-02-10,stylofie,Consumer Internet,Online Beauty Parlour search & discovery Platform,Gurgaon,Jaideep Mehta,Seed Funding,0.0,Seed Funding
1933,1945,2016-02-10,oybob,eCommerce,Hyperlocal Products & Services marketplace,Gurgaon,Sachin Dalal,Seed Funding,0.0,Seed Funding
1934,1946,2016-02-12,actonmagic,Technology,Cloud Analytics and Management Products,Bangalore,Jayabalan Subramanian,Seed Funding,1.199625,Seed Funding
1935,1947,2016-02-12,bonhomia,Food & Beverage,premium Tea and Coffee,New Delhi,"Alok Rawat, Grey Orange Robotics",Seed Funding,9.597,Seed Funding
1936,1948,2016-02-12,igrenenergi,Technology,Solar Power Solutions,Mumbai,Sunil Mehta,Seed Funding,9.597,Seed Funding
1937,1949,2016-02-12,rksv,Consumer Internet,Online Stock Trading Platform,Mumbai,Kalaari Capital,Private Equity,38.388,Private Equity
1938,1950,2016-02-15,aasaanjobs,Consumer Internet,Online Recruitment Marketplace,Mumbai,"Aspada Advisors, IDG Ventures, Inventus Capital",Private Equity,47.985,Private Equity
1939,1951,2016-02-15,snapdeal,eCommerce,Horizontal Online Marketplace,New Delhi,Ontario Teachers\\xe2\\x80\\x99 Pension Plan & Others,Private Equity,1919.4,Private Equity
1940,1952,2016-02-15,jugnoo,Consumer Internet,Transportation & On-demand delivery aggregator,Chandigarh,Saumya Tandon,Private Equity,0.0,Private Equity
1941,1953,2016-02-15,snapbizz,Technology,Connectivity platform for local grocery stores,Bangalore,Ratan Tata,Private Equity,0.0,Private Equity
1942,1954,2016-02-15,goyano,Consumer Internet,Events & Restaurant Discovery Marketplace App,Gurgaon,Mukesh Kumar Gupta,Seed Funding,0.47985,Seed Funding
1943,1955,2016-02-15,rentsher,Consumer Internet,Online Household Product Rental platform,Bangalore,"Vaibhav Doshi, Abhay Singhal, Vibhu Garg, Joby Babu, Abhishek Acharya, Manish Shah",Seed Funding,2.8791,Seed Funding
1944,1956,2016-02-15,buddy,Finance,Micro Lending Platform for eCommerce purchases,Bangalore,"Blume Ventures, Tracxn Labs",Seed Funding,4.7985,Seed Funding
1945,1957,2016-02-15,legistify,Consumer Internet,Online Legal services platform,New Delhi,Ranjit Singh,Seed Funding,0.0,Seed Funding
1946,1958,2016-02-16,tablehero,Consumer Internet,Dynamic Restaurant Website creator,Bangalore,"GrowX Ventures, Kunal Shah, Sandeep Tandon, Haresh Chawla, Powai Lake Ventures, Globevestor",Seed Funding,9.597,Seed Funding
1947,1959,2016-02-16,betterplace,Technology,Data analytics based Verification services Platform,Bangalore,Unitus Seed Fund,Seed Funding,9.30909,Seed Funding
1948,1960,2016-02-16,salebhai,eCommerce,"Sweets, Eatables, Handicrafts Online Marketplace",Ahmedabad,"Virendra Shekhawat, Deepak Chokhani, Yogesh Patel & Others",Seed Funding,0.0,Seed Funding
1949,1961,2016-02-16,icustommadeit,eCommerce,Professional Custom creators Marketplace,Pune,"Brand Capital, Siddhivinayak Skyscrapers, Dinesh R. Challa",Private Equity,38.388,Private Equity
1950,1962,2016-02-16,tring,Consumer Internet,Instant Messaging App,Pune,Vishwadeep Bajaj & Others,Seed Funding,0.0,Seed Funding
1951,1963,2016-02-16,medinfi,Consumer Internet,Doctor & Clinics Discovery platform,Bangalore,"Rajnish Sinha, Prijit Debnath, Kanchan Ghoshal",Seed Funding,0.0,Seed Funding
1952,1964,2016-02-17,timemytask,Consumer Internet,On-Demand home cleaning services,Mumbai,Lead Angels,Seed Funding,0.0,Seed Funding
1953,1965,2016-02-17,gamezop,Technology,Mobile Gaming Platform,New Delhi,"KWAN Entertainment & Marketing Solutions, Powerhouse Ventures & Others",Seed Funding,3.35895,Seed Funding
1954,1966,2016-02-17,notary mama,Consumer Internet,On-demand Legal documentation and registration service,Bangalore,"Dr Nandish Domlur, Amit Sandill",Seed Funding,0.0,Seed Funding
1955,1967,2016-02-17,the viral fever,Consumer Internet,Independent Online Video production company,Mumbai,Tiger Global,Private Equity,95.97,Private Equity
1956,1968,2016-02-17,avanti learning,Education,Private Coaching Classes,New Delhi,Michael & Susan Dell Foundation,Private Equity,47.985,Private Equity
1957,1969,2016-02-17,bollant industries,Technology,Eco-friendly consumer & packaging products,Hyderabad,Ratan Tata,Private Equity,0.0,Private Equity
1958,1970,2016-02-18,getvee,Consumer Internet,Matrimony & Couples only mobile platform,New Delhi,"Lightspeed Venture Partners, K Ganesh",Private Equity,0.0,Private Equity
1959,1971,2016-02-18,healthkumbh,Consumer Internet,Health related Information portal,Ahmedabad,Undisclosed investor,Seed Funding,0.700581,Seed Funding
1960,1972,2016-02-18,unlaze,Consumer Internet,Social Networking app for outdoor interests,Gurgaon,"Sujal Shah, Dino Morea",Seed Funding,0.0,Seed Funding
1961,1973,2016-02-18,tracxn,Technology,Indian Startup ecosystem trends analyzer & funding platform,Bangalore,"Nandan Nilekani, Mohandas Pai, Neeraj Arora, Anand Rajaraman, Girish Mathrubootham, Aneesh Reddy & Teruhide Sato",Private Equity,0.0,Private Equity
1962,1974,2016-02-18,careongo,ECommerce,Online Pharmacy store,New Delhi,Farooq Oomerbhoy & Other angel investors,Seed Funding,2.8791,Seed Funding
1963,1975,2016-02-18,ark robot,Technology,Warehouse Automation,Bangalore,Qualcomm (Through QPrize Contest),Seed Funding,3.35895,Seed Funding
1964,1976,2016-02-19,jaypore,ECommerce,Ethnic Products marketplace,New Delhi,Aavishkaar,Private Equity,47.985,Private Equity
1965,1977,2016-02-19,finance buddha,Consumer Internet,Online Loan Comparison & Discovery platform,Bangalore,Chennai Angels,Seed Funding,0.0,Seed Funding
1966,1978,2016-02-19,almaconnect,Consumer Internet,Alumni social network,New Delhi,"Mohandas Pai, Varun Aggarwal",Seed Funding,0.0,Seed Funding
1967,1979,2016-02-19,advantage club,Consumer Internet,mobile platform for corporate employee benefits,Gurgaon,Purvi Ventures & Others,Seed Funding,3.8388,Seed Funding
1968,1980,2016-02-19,localramu,Consumer Internet,mobile based aggregator for local service providers,Bangalore,3 undisclosed investors,Seed Funding,0.0,Seed Funding
1969,1981,2016-02-22,baby berry,Consumer Internet,Parenting Mobile app,Bangalore,Nitin Bagmane & Other undisclosed investors,Seed Funding,9.597,Seed Funding
1970,1982,2016-02-22,magicpin,Consumer Internet,Hyperlocal Discover Mobile App,New Delhi,Lightspeed India,Private Equity,28.791,Private Equity
1971,1983,2016-02-22,first eat,Consumer Internet,Healthy Food Delivery platform,New Delhi,Undisclosed investor,Seed Funding,0.9597,Seed Funding
1972,1984,2016-02-22,sigtuple,Technology,Healthcare based Tech Solutions,Bangalore,"Sachin Bansal, Binny Bansal, Accel Partners & Others",Seed Funding,0.0,Seed Funding
1973,1985,2016-02-22,taskbob,Consumer Internet,Hyperlocal Handyman services platform,Mumbai,"IvyCap Ventures, Orios Venture Partners, Mayfield India",Private Equity,43.1865,Private Equity
1974,1986,2016-02-22,styledotme,Consumer Internet,Mobile Fashion App,New Delhi,Indian Angel Network,Seed Funding,0.355089,Seed Funding
1975,1987,2016-02-22,newslaundry,Consumer Internet,Independent News Media Portal,New Delhi,"Omidyar Network, Vikram Lal, Abhijit Bhandari, Mahesh Murthy, Shashank Bhagat",Private Equity,0.0,Private Equity
1976,1988,2016-02-23,cuponation,Consumer Internet,Deals and Discount platform,Gurgaon,"Rocket Internet AG, Holtzbrink Ventures, New Enterprise Associates (NEA), e.ventures, ru-Net, Deutsche Telekom Strategic Investments (DTSI), Silicon Valley Bank",Private Equity,105.567,Private Equity
1977,1989,2016-02-23,aarav uav,Technology,unmanned aerial vehicles creator,Kanpur,"StartupXseed Ventures, The Phoenix Fund and others",Seed Funding,0.0,Seed Funding
1978,1990,2016-02-24,sayfix,Consumer Internet,Hyperlocal Home Services Provider,Bangalore,Yajnanarayana Kammaje,Seed Funding,1.53552,Seed Funding
1979,1991,2016-02-24,loanzen,Consumer Internet,Peer to peer Lending marketplace,Bangalore,Tracxn Syndicate,Seed Funding,0.0,Seed Funding
1980,1992,2016-02-24,nobroker,Consumer Internet,Peer to peer property listing platform,Bangalore,"Beenext, Digital Garage, Beenos, Qualgro, Mamoru Taniya, SAIF Partners",Private Equity,95.97,Private Equity
1981,1993,2016-02-24,appilyever,Consumer Internet,Online wedding services marketplace,Hyderabad,"Varun Aggarwal, Suresh Venkat, Raj Y",Seed Funding,3.8388,Seed Funding
1982,1994,2016-02-24,pocketin,Consumer Internet,Hotel reservations & Deal platform,Noida,Swastika Company Ltd,Seed Funding,1.43955,Seed Funding
1983,1995,2016-02-24,feetapart,Consumer Internet,Employee engagements & Rewards platform,Bangalore,Vishal Bali & Others,Seed Funding,0.0,Seed Funding
1984,1996,2016-02-25,ofbusiness,eCommerce,B2B commerce Marketplace,Gurgaon,Matrix Partners India,Private Equity,47.985,Private Equity
1985,1997,2016-02-25,carveniche,Consumer Internet,Personalized Learning Solutions & products,Bangalore,"Calcutta Angels, Lead Angels & Others",Seed Funding,0.0,Seed Funding
1986,1998,2016-02-25,juspay,Consumer Internet,Digital Payments solutions,Bangalore,"Accel Partners, Ashish Hemrajani, Parikshit Dar, Rajesh Balpande",Private Equity,55.6626,Private Equity
1987,1999,2016-02-25,funcart,eCommerce,Party Supplies Etailer,New Delhi,Undisclosed HNIs,Seed Funding,0.67179,Seed Funding
1988,2000,2016-02-26,freedom smart labs,Technology,IoT retail solutions,New Delhi,Kapil Goel,Seed Funding,1.391565,Seed Funding
1989,2001,2016-02-26,edubridge,Consumer Internet,Skill development and vocational training platform,Mumbai,"Insitor Impact Asia Fund, Acumen Fund",Private Equity,23.9925,Private Equity
1990,2002,2016-02-29,nestaway,Consumer Internet,Online Home Rental Marketplace,Bangalore,Ratan Tata,Private Equity,0.0,Private Equity
1991,2003,2016-02-29,hopscotch,eCommerce,Baby & Kids Products Online Flash sales platform,Mumbai,Eduardo Saverin,Private Equity,124.761,Private Equity
1992,2004,2016-02-29,pinclick,Consumer Internet,Online real estate listings,Bangalore,Undisclosed investors,Private Equity,0.0,Private Equity
1993,2005,2016-01-01,smartcooky,ECommerce,Health Food / Personal Care Marketplace,New Delhi,"Rajan Anandan, Pramod Bhasin, Siddharth Pai, TV Mohandas Pai, Manvinder Singh Banga",Seed Funding,0.0,Seed Funding
1994,2006,2016-01-01,helpi,Consumer Internet,On Demand Cleaning Services Mobile App,Mumbai,Undisclosed Investors,Seed Funding,0.0,Seed Funding
1995,2007,2016-01-04,dogspot,ECommerce,Online Pet Store,Gurgaon,Ratan Tata,Seed Funding,0.0,Seed Funding
1996,2008,2016-01-04,career360,Education,College Education Portal,New Delhi,MeritTrac,Private Equity,0.0,Private Equity
1997,2009,2016-01-04,b9 beverages,Food & Beverage,Craft Beer manufacturing company,New Delhi,"Sequoia Capital, Kunal Bahl, Rohit Bansal, Deepinder Goyal, Ashish Dhawan, Mayank Singhal",Private Equity,57.582,Private Equity
1998,2010,2016-01-05,wimwi foods,Food & Beverage,Healthy food manufacturing & sales startup,Ahmedabad,Centre for Innovation Incubation and Entrepreneurship (CIIE),Seed Funding,0.0,Seed Funding
1999,2011,2016-01-05,mychild app,Education,Child Disorder Information & Education,Bhopal,"Samir Bangara, Anisha Mittal, Amit Gupta, Pallav Nadhani, Lalit Mangal, Arihant Patni, Dr. Ritesh Malik, Deobrat Singh, Saurab Paruthi, Singapore Angel Network.",Seed Funding,0.9597,Seed Funding
2000,2012,2016-01-05,instaproc,ECommerce,B2B Procurement Marketplace for Office Products,Noida,Dinesh Agarwal,Seed Funding,0.0,Seed Funding
2001,2013,2016-01-05,360ride,Consumer Internet,Ride Sharing platform,Bangalore,Undisclosed,Seed Funding,1.43955,Seed Funding
2002,2014,2016-01-05,alef\\nmobitech,Consumer Internet,Cloud Mobility Solutions,Mumbai,Tata Capital Innovation Fund,Private Equity,47.985,Private Equity
2003,2015,2016-01-06,tracxn,BFSI,Startup Funding Deal Discovery & Execution platform,Bangalore,Ratan Tata,Seed Funding,0.0,Seed Funding
2004,2016,2016-01-06,qdesq,Real Estate,Branded Workspaces Aggregator,Gurgaon,"Dheeraj Jain, Jagdish Kumar, Bharat Gupta, Ankush Saigal, Praveen Saini",Seed Funding,0.0,Seed Funding
2005,2017,2016-01-06,sensara,Technology,"TV Search, Guide and Remote mobile app",Bangalore,"Lalitesh Katragadda, Ganayantrika Systems",Seed Funding,7.19775,Seed Funding
2006,2018,2016-01-06,zebpay,Consumer Internet,Bitcoin Buying & Selling Mobile App,Ahmedabad,"Arjun Handa, Amit Jindal, Nagendra Chaudhary",Private Equity,9.597,Private Equity
2007,2019,2016-01-06,planmy\\nmedicaltrip,Healthcare,Medical Tourism platform,Pune,"Bhanu Vikram Parsotam, Rohan Desai and Paras Patel",Seed Funding,1.43955,Seed Funding
2008,2020,2016-01-06,mycity4kids,Education,Children Education & Information platform,Gurgaon,"SIDBI Venture Capital Limited, YourNest Angel Fund",Private Equity,28.791,Private Equity
2009,2021,2016-01-06,justdakhila.com,Education,School Student admissions platform,New Delhi,Ankur Gupta,Seed Funding,7.19775,Seed Funding
2010,2022,2016-01-07,pitstop,Consumer Internet,Automobile Service Booking App,Bangalore,Myntra/LivSpace Founders,Seed Funding,0.0,Seed Funding
2011,2023,2016-01-07,bikxie,Consumer Internet,Two Wheeler Taxi Service,Gurgaon,Undisclosed Investors,Seed Funding,0.0,Seed Funding
2012,2024,2016-01-07,infurnia,Consumer Internet,Online Furniture Customization platform,Bangalore,Idein Ventures,Seed Funding,1.53552,Seed Funding
2013,2025,2016-01-07,myly,Education,Mobile Based Education platform,Jaipur,Newbie Promoter Pvt Ltd,Seed Funding,0.9597,Seed Funding
2014,2026,2016-01-07,makemytrip,Consumer Internet,Online Travel/Hotel Booking platform,Gurgaon,Ctrip.com International Ltd,Private Equity,1727.46,Private Equity
2015,2027,2016-01-08,melorra,ECommerce,Online/ Mobile Jewellery Retailer,Bangalore,Lightbox Ventures,Private Equity,47.985,Private Equity
2016,2028,2016-01-08,confirmtkt,Consumer Internet,Train PNR Status Prediction Platform,Bangalore,"Krishna Jhujhunwala, Dr. Apoorv Ranjan Sharma, Anirudh Damani, Anand Ladsariya, Sanjay Mehta & Others",Seed Funding,2.39925,Seed Funding
2017,2029,2016-01-08,gyaanzone,Education,Career Planning and Education Advisory Platform,Mumbai,GBIM Technologies Pvt Ltd,Seed Funding,0.431865,Seed Funding
2018,2030,2016-01-08,flatfurnish,Consumer Internet,Online Furnishing Rental Platform,Gurgaon,Arun Chandra Mohan,Seed Funding,0.0,Seed Funding
2019,2031,2016-01-09,lumiere,ECommerce,Organic Food eTailer,Bangalore,Undisclosed investors,Private Equity,0.0,Private Equity
2020,2032,2016-01-11,koovs,ECommerce,Online Fashion Apparel Retailer,Gurgaon,"Nahata Family, Waheed Alli",Private Equity,51.8238,Private Equity
2021,2033,2016-01-11,wishup,Consumer Internet,Mobile app based Concierge Service,New Delhi,"500 Startups, Mato Peric, TracxnLabs",Seed Funding,0.0,Seed Funding
2022,2034,2016-01-11,freshmenu,Consumer Internet,Online / Mobile Food Ordering platform,Bangalore,"Zodius Capital, Lightspeed Venture Partners",Private Equity,158.3505,Private Equity
2023,2035,2016-01-11,savvymob,ECommerce,Last Minute Hotel Bookings mobile marketplace,Bangalore,"TV Mohandas Pai, LetsVenture",Seed Funding,9.597,Seed Funding
2024,2036,2016-01-11,fashionablyin,Consumer Internet,Mobile based Geo-target Fashion Marketplace,Mumbai,Ranjan Mahtani,Seed Funding,0.0,Seed Funding
2025,2037,2016-01-12,shopclues,ECommerce,ECommerce Marketplace,Gurgaon,"GIC, Tiger Global Management, Nexus Venture Partners",Private Equity,959.7,Private Equity
2026,2038,2016-01-12,hike messenger,Consumer Internet,P2P Messaging Service,New Delhi,"Matt Mullenweg, Adam D\\xe2\\x80\\x99Angelo, Aditya Agarwal, Ruchi Sanghvi & Others",Private Equity,0.0,Private Equity
2027,2039,2016-01-12,ibus networks,Technology,Next Generation in-building connectivity,Bangalore,"Vallabh Bhanshali, N Squared Management LLC, Jagdish & Sandeep Mehta Family Office",Private Equity,22.0731,Private Equity
2028,2040,2016-01-12,happy2refer,Consumer Internet,Mobile based Referral Platform,Mumbai,"Equity Crest, Vinners, Sparknext",Seed Funding,2.39925,Seed Funding
2029,2041,2016-01-13,cartrade,Consumer Internet,Auto Classifieds Portal,Mumbai,"Temasek Holdings, March Capital, Warburg Pincus",Private Equity,1391.565,Private Equity
2030,2042,2016-01-13,rentomo,Consumer Internet,peer-to-peer renting Marketplace,Bangalore,Shiva Ashok & Other unnamed investors,Seed Funding,0.9597,Seed Funding
2031,2043,2016-01-13,roder,Consumer Internet,inter-city cab aggregator,New Delhi,Unicorn India Ventures,Seed Funding,2.30328,Seed Funding
2032,2044,2016-01-13,bucker,Consumer Internet,Food Ordering Mobile App,Hyderabad,"50k Ventures, Munish Jauhar, Pulkit Jain, Rohit Narang",Seed Funding,0.0,Seed Funding
2033,2045,2016-01-13,care24,Healthcare,Professional Health Services Platform,Mumbai,"SAIF Partners, India Quotient",Private Equity,38.388,Private Equity
2034,2046,2016-01-13,obino,Healthcare,Weigh Loss Coaching,Mumbai,RoundGlass Partners,Private Equity,0.0,Private Equity
2035,2047,2016-01-14,snapshopr,Consumer Internet,Visual Search & Image Recognition Platform,Bangalore,Amod Malviya,Seed Funding,0.0,Seed Funding
2036,2048,2016-01-14,buildkar,ECommerce,Construction Material Marketplace,Bangalore,"Mustafa Wajid, Umang Kumar & Others",Seed Funding,0.0,Seed Funding
2037,2049,2016-01-14,orahi,Consumer Internet,Carpooling Mobile App,Gurgaon,Indian Angel Network,Seed Funding,4.99044,Seed Funding
2038,2050,2016-01-14,zapr,Technology,TV to Mobile audience Platform,Gurgaon,"Flipkart, Saavn, Micromax, Dhiraj Rajaram, Ambiga Dhiraj, Dinesh Agarwal, Samir Bangara, Sanjay Nath, Arihant Patni",Seed Funding,0.0,Seed Funding
2039,2051,2016-01-15,remidio,Healthcare,Healthcare Product Manufacturer,Bangalore,Cipher-Plexus Capital Advisors & Indian HNIs,Private Equity,0.0,Private Equity
2040,2052,2016-01-15,fitso,Consumer Internet,Fitness related Social Networking App & Forum,Gurgaon,"Varun Khurana, Samar Singla, Vinay Bansal,",Seed Funding,1.9194,Seed Funding
2041,2053,2016-01-15,evibe.in,Consumer Internet,Party Hall Booking platform,Bangalore,"Hyderabad Angels, Lalit Mangal, Vikas Malpani, Gaurav Bhalotia, LV Prasad",Seed Funding,0.0,Seed Funding
2042,2054,2016-01-15,zoctr,Consumer Internet,healthcare aggregator platform,Mumbai,Times Group,Seed Funding,0.0,Seed Funding
2043,2055,2016-01-15,jobick,Consumer Internet,Mobile app based Job Search,Noida,Abhinav Mathur,Seed Funding,0.0,Seed Funding
2044,2056,2016-01-16,plick,Consumer Internet,Instant Content Transfer Mobile App,Mumbai,Sanjay Mehta,Seed Funding,0.0,Seed Funding
2045,2057,2016-01-18,voice friends,Consumer Internet,Dating & Singles Chat Platform,Mumbai,Huzaifa Khorakiwala,Seed Funding,0.0,Seed Funding
2046,2058,2016-01-18,kartrocket,Consumer Internet,SAAS DIY ECommerce Platform,New Delhi,"Bertelsmann India Investments, Nirvana Digital India Fund, Nirvana Digital Investment Holding, 500 Startups",Private Equity,57.582,Private Equity
2047,2059,2016-01-19,swiggy,Consumer Internet,Online/Mobile food ordering platform,Bangalore,"Harmony Partners, RB Investments & existing investors",Private Equity,335.895,Private Equity
2048,2060,2016-01-19,tinystep,Consumer Internet,Parenting Social Network,Bangalore,Flipkart,Seed Funding,0.0,Seed Funding
2049,2061,2016-01-19,cashkaro,Consumer Internet,Coupon & Cashback platform,Gurgaon,Ratan Tata,Private Equity,0.0,Private Equity
2050,2062,2016-01-19,gameezop,Consumer Internet,Casual Gaming platform,New Delhi,Anand Chandrasekaran & Others,Seed Funding,0.0,Seed Funding
2051,2063,2016-01-19,dailyobjects,ECommerce,Mobile Accessories etailer,New Delhi,"Unilazer Fund, Phanindra Sama, Peyush Bansal",Private Equity,13.4358,Private Equity
2052,2064,2016-01-19,indus os,Technology,Local language Mobile OS,Mumbai,"Omidyar Network,",Private Equity,47.985,Private Equity
2053,2065,2016-01-19,collegedunia,Consumer Internet,Educational College Search platform,New Delhi,Umang Kumar,Seed Funding,4.270665,Seed Funding
2054,2066,2016-01-19,villgro,Finance,Social Business Incubator & Fund,Chennai,"Lemelson Foundation, Michael and Susan Dell Foundation",Private Equity,33.5895,Private Equity
2055,2067,2016-01-20,reddoorz,Consumer Internet,Budget Accomodation Aggregator,New Delhi,500 Startups,Private Equity,0.0,Private Equity
2056,2068,2016-01-20,industrybuying,ECommerce,B2B Industrial Goods Marketplace,New Delhi,Trifecta Capital,Private Equity,17.2746,Private Equity
2057,2069,2016-01-20,just buy live,ECommerce,B2B Marketplace for Distributors,Mumbai,Alpha Capital,Private Equity,191.94,Private Equity
2058,2070,2016-01-20,imbesharam,ECommerce,Adult Products Etailers,New Delhi / US,Undisclosed US Based Investors,Private Equity,38.388,Private Equity
2059,2071,2016-01-20,moodoo,Consumer Internet,Social Meeting organizer App,Mumbai / UK,Sa\\xc3\\xafd Business School Seed Fund.,Seed Funding,0.38388,Seed Funding
2060,2072,2016-01-20,saral designs,Healthcare,Women Hygiene Product Manufacturer,Mumbai,"Farooq Adam, Ambi Parameswaran,",Seed Funding,0.0,Seed Funding
2061,2073,2016-01-21,firstcry,ECommerce,Kids Focused eTailer,Pune,Ratan Tata,Private Equity,0.0,Private Equity
2062,2074,2016-01-21,fisdom,Consumer Internet,Personal Finance Mobile App,Bangalore,Rob Chandra,Seed Funding,4.7985,Seed Funding
2063,2075,2016-01-21,easypolicy,Consumer Internet,Online insurance policy aggregator,Noida,Unilazer Ventures,Private Equity,21.1134,Private Equity
2064,2076,2016-01-21,housing.com,Consumer Internet,Online Real Estate Portal,Mumbai,SoftBank Corp,Private Equity,143.955,Private Equity
2065,2077,2016-01-21,creo,Technology,Smartphone OS Developer,Bangalore,"Sequoia Capital, Beenext Ventures, India Quotient, Anand Chandrasekaran",Private Equity,28.791,Private Equity
2066,2078,2016-01-22,shabdanagari,Consumer Internet,Hindi Language Social Networking Portal,Kanpur,Kanpur Angels & Others,Seed Funding,1.9194,Seed Funding
2067,2079,2016-01-22,little,Consumer Internet,Deal Discovery App,Bangalore,GIC,Private Equity,0.0,Private Equity
2068,2080,2016-01-22,snapbizz,ECommerce,Mobile based Retail Market Ecosystem,Bangalore,"Jungle Ventures, Taurus Value Creation, Konly Venture, Blume Ventures",Private Equity,69.0984,Private Equity
2069,2081,2016-01-22,qlivery,Consumer Internet,on-demand concierge services,Gurgaon,Chandigarh Angels Funding,Seed Funding,0.0,Seed Funding
2070,2082,2016-01-22,plexusmd,Consumer Internet,Social Network for Healthcare Professionals,Ahmedabad,"Arihant Patni, Avnish Mehra, Pranay Adhvaryu, Ravi Sampat",Seed Funding,0.0,Seed Funding
2071,2083,2016-01-22,silvan,Technology,Home Automation & Security Solutions,Bangalore,The Chennai Angels,Seed Funding,4.942455,Seed Funding
2072,2084,2016-01-22,eps,Technology,Electronic Payments Solution Company,Mumbai,APIS Partners,Private Equity,335.895,Private Equity
2073,2085,2016-01-22,qubole,Technology,Enterprise Cloud Based Data Processing,Bangalore,"Institutional Venture Partners, Norwest Venture Partners, Lightspeed Venture Partners, CRV",Private Equity,287.91,Private Equity
2074,2086,2016-01-22,gajty,Healthcare,Salons & Spa Chain,Gurgaon,Purvi Ventures,Seed Funding,0.0,Seed Funding
2075,2087,2016-01-25,siftr labs,Consumer Internet,Photography curation & Aggregator platform,Mumbai,Venture Catalysts,Seed Funding,1.43955,Seed Funding
2076,2088,2016-01-25,power2sme,Consumer Internet,SME Online Buying Hub,Gurgaon,"Nandan Nilekani, Accel Partners, Kalaari Capital and Inventus Capital",Private Equity,201.537,Private Equity
2077,2089,2016-01-25,skycandle,ECommerce,Home D\\xc3\\xa9cor Product etailer,New Delhi,GPA group,Private Equity,0.0,Private Equity
2078,2090,2016-01-27,teabox.com,ECommerce,Specialty Tea ETailer,Siliguri,Ratan Tata,Private Equity,0.0,Private Equity
2079,2091,2016-01-27,buildzar,ECommerce,Construction Material ETailer,Gurgaon,Puneet Dalmia,Private Equity,38.388,Private Equity
2080,2092,2016-01-27,applicate,Technology,"Sales, Market, Distribution & Data Analytics Platform",Bangalore,Undisclosed investors,Seed Funding,9.597,Seed Funding
2081,2093,2016-01-27,whatsonrent,ECommerce,Online Rental Marketplace,Bangalore,Lalit Mangal & Others,Seed Funding,0.0,Seed Funding
2082,2094,2016-01-28,zebi (yet to launch),Technology,Data Intelligence & Analytics,Hyderabad,Un disclosed investors,Seed Funding,9.597,Seed Funding
2083,2095,2016-01-28,truce,FMCG,Vegetables & Fruits Supply Chain,Mumbai,"Anupam Mittal, Amit Gupta, Utsav Somani, Neeraj Goenka, Farooq Adam Mukadam",Seed Funding,3.55089,Seed Funding
2084,2096,2016-01-28,justdoc,Consumer Interne,Medical Video Consultation platform,Bangalore,"TV Mohandas Pai, Mohit Saxena, Raghunandan G, Singapore Angel Network, TracxnLabs",Seed Funding,0.0,Seed Funding
2085,2097,2016-01-28,myeglu,Technology,Connected Smart Home Solutions,Bangalore,Foxconn Technology Group & Others,Seed Funding,0.0,Seed Funding
2086,2098,2016-01-29,bitgiving,Consumer Internet,Crowd Funding Platform,New Delhi,"Harminder Sahni, Krishna Mehra, Sanjay Bakshi",Seed Funding,0.0,Seed Funding
2087,2099,2016-01-29,qriyo,Consumer Internet,Online Fitness & Educational information Aggregator,Jodhpur,Idein Ventures,Seed Funding,1.53552,Seed Funding
2088,2100,2016-01-29,n.o.w,Consumer Internet,Rental Bike Aggregator App,Noida,Maple Capital Advisors,Seed Funding,0.0,Seed Funding
2089,2101,2016-01-29,aisle,Consumer Internet,Indians focused Matchmaking App,Bangalore,"TermSheet, ah! Ventures",Seed Funding,1.775445,Seed Funding
2090,2102,2016-01-29,freshmenu,Consumer Internet,Fresh Food Delivery platform,Bangalore,"Zodius Technology Fund, Lightspeed Venture Partners",Private Equity,163.149,Private Equity
2091,2103,2016-01-29,truebil,ECommerce,Online marketplace for cars,Mumbai,"Kalaari Capital, Inventus Capital, Tekton Ventures, Kae Capital",Private Equity,49.42455,Private Equity
2092,2104,2016-01-29,rare media,Technology,Mobile & Cloud based App developer,New Delhi,Info Edge (India) Ltd,Private Equity,10.5567,Private Equity
2093,2105,2016-01-29,tinmen,Consumer Internet,Food Delivery Platform,Hyderabad,Lead Angel Network,Seed Funding,0.0,Seed Funding
2094,2106,2016-01-29,codinglabs,Technology,Coding Skill Showcase & Resume Builder,Hyderabad,Vineet Nalla,Seed Funding,0.0,Seed Funding
2095,2107,2016-01-30,findurclass,Consumer Internet,Hobby & Activity Class Aggregator,Mumbai,"Amit Patni, Anirudh Damani, Samir Shah",Seed Funding,0.0,Seed Funding
2096,2108,2016-01-30,designbids,Consumer Internet,Interior Design Marketplace,New Delhi,Indian Angel Network,Seed Funding,0.0,Seed Funding
2097,2109,2015-12-01,collegedekho,Online Education Information platform,,Jaipur,GirnarSoft,Seed Funding,9.597,Seed Funding
2098,2110,2015-12-01,black white orange brands,Brand Licensing Startup,,Mumbai,YouWeCan Ventures,Seed Funding,0.0,Seed Funding
2099,2111,2015-12-01,biteclub,Gourmet Food Discovery & Delivery platform,,Gurgaon,growX ventures,Private Equity,0.0,Private Equity
2100,2112,2015-12-01,patel logistics,Transportation & Logistics Platform,,Mumbai,Frontline Strategy,Private Equity,53.7432,Private Equity
2101,2113,2015-12-01,wigzo,Enterprise Marketing Automation platform,,New Delhi,"Aarin Capital Partners, TV Mohandas Pai",Seed Funding,4.7985,Seed Funding
2102,2114,2015-12-01,zapluk,"Health, Wellness & Beauty Services App",,Hyderabad,Undisclosed,Seed Funding,0.0,Seed Funding
2103,2115,2015-12-01,godof hospitals,Digital Healthcare,,New Delhi,Pankaj Gupta,Seed Funding,19.194,Seed Funding
2104,2116,2015-12-02,roomstonite,Last Minute Hotel Booking App,,Bangalore,"Lashit Sanghvi, Nikhil Vora, Venkat Vardhan,Mohammed Bin Abdul Rehman Al Khalifa, Ralph Berezan, Vissal Mathew, Balamurali Krishna",Seed Funding,14.3955,Seed Funding
2105,2117,2015-12-02,kaaryah,Womens Fashion Wear Portal,,New Delhi,"The Saha Fund, TV Mohandas Pai",Private Equity,0.0,Private Equity
2106,2118,2015-12-03,anakage,Product Learning platform,,Bangalore,CIO Angel Network (CAN),Seed Funding,0.0,Seed Funding
2107,2119,2015-12-03,easykhaana,Online Food ordering & Delivery platform,,New Delhi,Undisclosed investors,Seed Funding,0.9597,Seed Funding
2108,2120,2015-12-03,shuttl,App based Bus Pooling Services,,Gurgaon,"Sequoia Capital, Times Internet Ltd & One more Fund",Private Equity,191.94,Private Equity
2109,2121,2015-12-03,eckovation,Social Learning Platform,,New Delhi,Chandigarh Angel Network (CAN),Seed Funding,0.0,Seed Funding
2110,2122,2015-12-03,fitcircle,Social Fitness platform,,Mumbai,Beerud Sheth and Ravi Mantha,Seed Funding,0.0,Seed Funding
2111,2123,2015-12-04,applop,On Demand Mobile app developer,,Kolkata,GHV Accelerator,Seed Funding,0.9597,Seed Funding
2112,2124,2015-12-04,carpm,Car Maintenance & Management mobile app,,Gurgaon,GHV Accelerator,Seed Funding,0.9597,Seed Funding
2113,2125,2015-12-04,ndtv wedding portal,Online Wedding Marketplace,,New Delhi,CerraCap,Private Equity,191.94,Private Equity
2114,2126,2015-12-04,splitkart,Splitting Bills Mobile App,,New Delhi,"Rajesh Sawhney, Anupam Mittal, Dinesh Agarwal, Gaurav Gupta,",Seed Funding,0.0,Seed Funding
2115,2127,2015-12-07,zenatix,IOT Energy Management Analytics platform,,Gurgaon,Blume Ventures,Private Equity,0.0,Private Equity
2116,2128,2015-12-07,customfurnish,Custom Made furniture e-tailer,,Hyderabad,Agnus Capital,Private Equity,43.1865,Private Equity
2117,2129,2015-12-07,faasos,QSR Chain,,Pune,"ru-Net, Sequoia Capital, Lightbox Ventures",Private Equity,287.91,Private Equity
2118,2130,2015-12-07,vlurn,eLearning platform,,Mumbai,Vidyadhar Sarfare,Seed Funding,0.0,Seed Funding
2119,2131,2015-12-07,leaf wearables,Smart Safety Wearable Devices,,New Delhi,"Ajeet Khurana Jinesh Shah, Vikram Chachra, Dr. Aniruddha Malpani",Seed Funding,2.39925,Seed Funding
2120,2132,2015-12-07,coolshare,Cab Sharing service Mobile app,,Mumbai,Gopal Aggarwal,Seed Funding,0.9597,Seed Funding
2121,2133,2015-12-08,mficient,Cloud Enterprise Mobility Platform,,New Delhi,Undisclosed investors,Seed Funding,0.0,Seed Funding
2122,2134,2015-12-08,heybiz,Online Shopping Assistant Mobile app,,New Delhi,Shopclues,Seed Funding,0.0,Seed Funding
2123,2135,2015-12-08,yumist,Home Cooked Food Order & Delivery platform,,Gurgaon,"Unilazer Ventures, Orios Venture Partners, Steven Lurie",Private Equity,19.194,Private Equity
2124,2136,2015-12-09,jigsaw academy,Online School for Analytics learning,,Bangalore,Manipal Global Education Services,Private Equity,28.791,Private Equity
2125,2137,2015-12-09,joehukum,Chat based personal Assistant App,,Gurgaon,"TracxnLabs, Jitendra Gupta, Prashant Tandon",Seed Funding,0.0,Seed Funding
2126,2138,2015-12-09,voxweb,Picture creation & Social mobile app,,Mumbai,Undisclosed Investor,Seed Funding,3.35895,Seed Funding
2127,2139,2015-12-09,aye finance,Nonbanking finance company,,New Delhi,"SAIF Partners, Accion",Private Equity,28.791,Private Equity
2128,2140,2015-12-09,jumbobasket,eCommerce returns etailer,,Chandigarh,Chandigarh Angels Network,Seed Funding,0.0,Seed Funding
2129,2141,2015-12-10,blackbuck,Online Freight Services Aggregator,,Bangalore,"Tiger Global Management, Yuri Milner, Apoletto, Accel Partners, Flipkart",Private Equity,239.925,Private Equity
2130,2142,2015-12-10,homestudio,Online Branded Furniture etailer,,Bangalore,Bren Corporation,Private Equity,47.985,Private Equity
2131,2143,2015-12-10,prophesee,Digital Analytics Platform,,New Delhi,"Indian Angel Network, Stanford Angels, Entrepreneurs India",Seed Funding,4.7985,Seed Funding
2132,2144,2015-12-10,i2e1,Internet Network Infrastructure Services,,New Delhi,GrowX Ventures,Seed Funding,4.7985,Seed Funding
2133,2145,2015-12-10,holisol logistics,Supply Chain & Logistics Solutions,,New Delhi,CLSA Capital Partners ARIA IV Funds,Private Equity,95.97,Private Equity
2134,2146,2015-12-10,stay simple resorts,Holiday Resort Chain,,Bangalore,"Mr. Sudhir & Ms. Shalini Sethi, Mr. Praveen Someshwar",Seed Funding,0.0,Seed Funding
2135,2147,2015-12-10,paynear,Mobile Point of Sale solutions,,Hyderabad,Mitesh Majithia,Private Equity,23.9925,Private Equity
2136,2148,2015-12-10,chillr,Peer-to-Peer Money Transfer & Recharge App,,Mumbai,"Sequoia Capital, Blume Ventures, Uniqorn Ventures and other",Private Equity,671.79,Private Equity
2137,2149,2015-12-11,eureqa,Test Automation SAAS platform,,Hyderabad/USA,"Sashi Reddi, Gabriel Investments",Seed Funding,5.7582,Seed Funding
2138,2150,2015-12-11,localcircles,Citizens Engagement Platform,,Noida,Anand Mahindra,Private Equity,0.0,Private Equity
2139,2151,2015-12-11,getfocus,Indoor Navigation & Analytics Solutions,,Mumbai,Undisclosed investors,Seed Funding,0.0,Seed Funding
2140,2152,2015-12-11,urbanclap,Hyperlocal On-Demand Household Services platform,,Gurgaon,Ratan Tata,Private Equity,0.0,Private Equity
2141,2153,2015-12-11,onlinerti,Online RTI application services,,Bangalore,"LetsVenture, Mohandas Pai",Seed Funding,1.43955,Seed Funding
2142,2154,2015-12-11,powerstores,ECommerce Website Creation SAAS platform,,Goa,Extreme Venture Partners William Bissell,Seed Funding,0.0,Seed Funding
2143,2155,2015-12-11,weddingz.in,Wedding Venues & Vendors Marketplace,,Mumbai,"Rajan Anandan, Zoya Akhtar, Reema Kagati, Ruchi Narain, Amrish Kumar, Hrishikesh Parandekar",Seed Funding,9.597,Seed Funding
2144,2156,2015-12-11,intelligent interfaces,Interface development platform for Government officials,,Bangalore,"Sachin Bansal, Binny Bansal",Seed Funding,0.0,Seed Funding
2145,2157,2015-12-14,capricoast,Modular Furnishings Marketplace,,Bangalore,"Accel Partners India, RB Investments",Private Equity,33.5895,Private Equity
2146,2158,2015-12-14,jetsetgo,Private Jet Bookings Marketplace,,Bangalore,Puneet Dalmia,Private Equity,0.0,Private Equity
2147,2159,2015-12-14,cabsguru,Cab search Comparison & Booking platform,,New Delhi,Prashanth Ranganathan,Seed Funding,1.9194,Seed Funding
2148,2160,2015-12-14,whoop,Performance Optimization Platform for athletes,,Boston,Infosys,Private Equity,28.791,Private Equity
2149,2161,2015-12-15,bookeventz,Event Venue Booking Platform,,Mumbai,"Mumbai Angels, Singapore Angel Network, Zishaan Hayath",Seed Funding,0.0,Seed Funding
2150,2162,2015-12-15,deal street asia,Digital Media Platform,,Singapore,"Vijay Shekhar Sharma, Singapore Angels Network",Seed Funding,0.0,Seed Funding
2151,2163,2015-12-15,streamoid,visual search and discovery platform,,Bangalore / Palo Alto,Undisclosed,Seed Funding,9.597,Seed Funding
2152,2164,2015-12-16,housejoy,Home services marketplace,,Bangalore,"Amazon, Vertex Ventures, Qualcomm, Ru-Net Technology Partners, Matrix Partners",Private Equity,215.9325,Private Equity
2153,2165,2015-12-16,bluebirch,End to End reverse logistics Solution platform,,Bangalore,"Chicago Capital Ventures, Sanjay Mehta, Others",Seed Funding,19.194,Seed Funding
2154,2166,2015-12-16,meradoctor,Virtual Health consultation app,,Mumbai,Unilazer,Private Equity,11.5164,Private Equity
2155,2167,2015-12-16,stage 3,Online Renting platform,,New Delhi,"Nisha Sharma, Puneet Dalmia, Balaji Prabhakar",Seed Funding,0.0,Seed Funding
2156,2168,2015-12-17,rivigo,Logistics Services Provider,,Gurgaon,SAIF Partners and others,Private Equity,287.91,Private Equity
2157,2169,2015-12-17,springboard,Data Science & UX design Learning platform,,Bangalore,"Allen Blue, John Katzman, Naveen Tewari, Kartik Hosanagar, Kashyap Deorah, 500 Startups, Blue Fog Capital",Seed Funding,16.3149,Seed Funding
2158,2170,2015-12-17,eatfresh,Online marketplace for Chef Meals,,Bangalore,Kalaari Capital,Private Equity,0.0,Private Equity
2159,2171,2015-12-18,ampere vehicles,Electric Bike Manufacturers,,Coimbatore,Kris Gopalakrishnan & Others,Seed Funding,11.5164,Seed Funding
2160,2172,2015-12-18,focus digit,ECommerce platform solutions,,New Delhi,Turning Ideas,Seed Funding,0.0,Seed Funding
2161,2173,2015-12-18,the news minute,Online Media Publication,,Bangalore,Quintillion Media,Seed Funding,0.0,Seed Funding
2162,2174,2015-12-18,cbrex,International Hiring Platform,,Mumbai / NY,"Prahlad Rao, Sundara Rajan, Vikram Chachra",Seed Funding,1.9194,Seed Funding
2163,2175,2015-12-21,truckmandi,Logistics Service Provider Marketplace,,New Delhi,"Ritesh Dwivedy, Ramakant Sharma, Mount Nathan Advisors",Private Equity,19.194,Private Equity
2164,2176,2015-12-21,peppertap,Hyperlocal Grocery Delivery Service,,Gurgaon,Innoven Capital,Private Equity,38.388,Private Equity
2165,2177,2015-12-21,kooh sports,Sports Education Platform,,Mumbai,"TCS, HDFC, Faering Capital, Elevate Sports",Private Equity,19.194,Private Equity
2166,2178,2015-12-22,rentongo,"Bike, Appliances Renting marketplace",,Bangalore,"Anand Chandrasekaran, Rajesh Sawhney, Kalpana Tatavarti, Shivanandan Pare",Seed Funding,0.0,Seed Funding
2167,2179,2015-12-22,industrybuying,Online Marketplace for Industrial Goods,,New Delhi,"Murugappa Group, TVS Group, Vellayan Subbiah, Arathi Krishna, Arun Venkatachalam",Seed Funding,0.0,Seed Funding
2168,2180,2015-12-22,zapr,Reward points mobile app,,Gurgaon,Dinesh Agarwal,Seed Funding,0.0,Seed Funding
2169,2181,2015-12-22,latestone,Mobile accessories online store,,Hyderabad,Palred Technologies Ltd,Private Equity,28.791,Private Equity
2170,2182,2015-12-22,planetgogo,Content Discovery & reward points platform,,Gurgaon,HT Digital Media Holdings Ltd,Seed Funding,0.0,Seed Funding
2171,2183,2015-12-22,arya.ai,Artificial Intelligence platform,,Mumbai,"YourNest Angel Fund, Venture Nursery",Private Equity,7.19775,Private Equity
2172,2184,2015-12-22,doctor insta,Medical Consultation & Doctor appointment booking platform,,Gurgaon,"Rishi Parti, BrahmaX Ventures",Private Equity,4.7985,Private Equity
2173,2185,2015-12-22,mobiefit,Mobile Fitness App,,Goa,Medi Assist,Private Equity,9.597,Private Equity
2174,2186,2015-12-23,lafalafa,"Digital Coupons, Deal & Cashback aggregator app",,Mumbai,Vectr Ventures,Private Equity,0.0,Private Equity
2175,2187,2015-12-23,mech mocha,Mobile Game development & Design platform,,Bangalore,"Blume Ventures, Flipkart",Seed Funding,9.597,Seed Funding
2176,2188,2015-12-23,shotang.com,B2B eCommerce Marketplace,,Bangalore,"Exfinity Venture Partners, Unitus Impact Livelihoods Fund",Private Equity,47.985,Private Equity
2177,2189,2015-12-23,cityfurnish,Furniture and appliances rental platform,,Gurgaon,Jitendra Gupta,Seed Funding,0.0,Seed Funding
2178,2190,2015-12-24,black white orange,B2B Merchandize platform,,Mumbai,Collaborative Licensing Ventures LLP,Seed Funding,2.907891,Seed Funding
2179,2191,2015-12-24,kolabro,Real Estate focused Tech platform,,Gurgaon,"Umang Kumar, Ruchir Arora & others",Seed Funding,0.0,Seed Funding
2180,2192,2015-12-24,canvera,Photographer Online search & booking platform,,Bangalore,Info Edge (India) Ltd,Private Equity,21.1134,Private Equity
2181,2193,2015-12-28,town essentials,Grocery Delivery platform,,Bangalore,"Sharad Hegde, Girish Reddy, Siddharth Patil, Shrikant Patil",Seed Funding,9.597,Seed Funding
2182,2194,2015-12-28,bumper,Mobile Car Servicing appointment app,,Bangalore,SAIF Partners,Seed Funding,4.7985,Seed Funding
2183,2195,2015-12-29,hotify,New Curation Mobile App,,Bangalore,Mahavir Pratap Sharma,Seed Funding,1.43955,Seed Funding
2184,2196,2015-12-29,mobikwik,Mobile Wallet,,Gurgaon,"Sequoia Capital, Tree Line Asia, Innoven Capital",Private Equity,63.3402,Private Equity
2185,2197,2015-12-30,intelligent interfaces,Interface development platform for Government officials,,Bangalore,Yuvraj Singh,Seed Funding,0.0,Seed Funding
2186,2198,2015-11-02,twigly,Online Food Ordering & Delivery platform,,Gurgaon,"Amit Gupta, Sahil Barua, Mukul Singhal, Tracxn Labs",Seed Funding,1.9194,Seed Funding
2187,2199,2015-11-02,cityflo,Bus Aggregation and rental mobile app,,Mumbai,IDG Ventures,Seed Funding,7.19775,Seed Funding
2188,2200,2015-11-03,findyahan,hyperlocal online Services platform,,Noida,Times Group Brand Capital,Private Equity,0.0,Private Equity
2189,2201,2015-11-03,sabse,WiFi \xe2\x80\x93 first Cloud communication platform,,Mumbai,Ratan Tata,Private Equity,0.0,Private Equity
2190,2202,2015-11-03,pokkt,Alternate Mobile Monetization platform,,Mumbai,"Segnel Venture, Shinji Kimura, Sundar Chanrai, JAFCO Asia, SingTel\\xe2\\x80\\x99s Innov8, Jungle Ventures, K Ganesh",Private Equity,47.985,Private Equity
2191,2203,2015-11-03,oibanit,Online Food Ordering Marketplace,,Vadodara,"Varun Ahuja, Anubhav Verma",Seed Funding,1.43955,Seed Funding
2192,2204,2015-11-03,stuffed,Quick Service Restaurant & Online Delivery,,Mumbai,Riqueza Capital,Seed Funding,3.694845,Seed Funding
2193,2205,2015-11-03,loanbaba,Online Loans Marketplace,,Mumbai,Undisclosed,Seed Funding,3.07104,Seed Funding
2194,2206,2015-11-03,deyor rooms,Budget Hotels Aggregator,,New Delhi,Dheeraj Jain & Others,Seed Funding,4.7985,Seed Funding
2195,2207,2015-11-03,bidgely,Efficient Energy Management platform,,USA/India,"Constellation Technology Ventures (Exelon Corporation), E.ON, RWE, Khosla Ventures",Private Equity,159.3102,Private Equity
2196,2208,2015-11-04,shirsa labs,Digital Intelligent learning platform,,Mumbai,ah! Ventures,Seed Funding,2.39925,Seed Funding
2197,2209,2015-11-04,paytunes,Voice Call incentivization mobile app,,New Delhi,CIO Angel Network,Seed Funding,0.0,Seed Funding
2198,2210,2015-11-04,yourdost,Online Counselling and psychological support platform,,Gwalior,"Phanindra Sama, Aprameya Radhakrishna, Aneesh Reddy, Neeraj Jawalkar, Sanjay Anandaram, Pavan Ongole, Venk Krishnan",Seed Funding,3.8388,Seed Funding
2199,2211,2015-11-05,bookmybai,Domestic Help Aggregation platform,,Mumbai,Vineel Nalla & Others,Seed Funding,1.43955,Seed Funding
2200,2212,2015-11-05,myindianstay,Home Stay & room rentals platform,,Goa,Undisclosed investors,Seed Funding,1.9194,Seed Funding
2201,2213,2015-11-05,bobble,Selfie Mobile App,,New Delhi,SAIF Partners & others,Private Equity,0.0,Private Equity
2202,2214,2015-11-06,repup,Online Reputation Management Platform,,Gurgaon,Indian Angel Network,Seed Funding,0.0,Seed Funding
2203,2215,2015-11-06,satvacart,Online Grocery platform,,Gurgaon,Undisclosed HNIs,Private Equity,17.2746,Private Equity
2204,2216,2015-11-06,popxo.com,Online content platform for women,,New Delhi,"IDG Ventures India, Kalaari Capital, 500 Startups",Private Equity,19.194,Private Equity
2205,2217,2015-11-06,spareshub,Online Vehicle Spare Parts etailer,,Pune,"Hyderabad Angels, M&S Partners",Seed Funding,4.41462,Seed Funding
2206,2218,2015-11-06,explara,Event Ticketing platform,,Pune,"Hyderabad Angels, Singapore Angel Network, Ness Wadia",Private Equity,4.70253,Private Equity
2207,2219,2015-11-06,soothe healthcare,affordable Personal Healthcare Products,,Noida,Saina Nehwal,Seed Funding,0.0,Seed Funding
2208,2220,2015-11-06,yuvi hospitality,Premium dining Lounges & restaurants,,Gurgaon,Chandralekha Construction Pvt. Ltd.,Private Equity,143.955,Private Equity
2209,2221,2015-11-09,appvirality,Mobile Growth Hacking\\nPlatform,,Hyderabad,"Rajan Anandan, Mike Galgon, Ravi Gururaj, Ashim Mehra, Mohit Saxena, Internet Group, TNN Capital and others",Seed Funding,4.7985,Seed Funding
2210,2222,2015-11-09,istar skill development,Skill Training Startup,,Bangalore,"Michael & Susan Dell Foundation, Unitus Seed Fund",Private Equity,14.3955,Private Equity
2211,2223,2015-11-09,bigstylist.com,Beauty and Wellness Marketplace,,Mumbai,Info Edge,Private Equity,9.597,Private Equity
2212,2224,2015-11-09,zilingo,Marketplace App for Bangkok,,Bangalore/ Bangkok,"Sequoia India, BEENEXT Ventures, Kunal Shah & Sandeep Tandon",Private Equity,18.2343,Private Equity
2213,2225,2015-11-09,didi,On-demand Maids Service Provider,,Mumbai,"Jozef Bardik, Leo Wang Sangeeth Ram",Seed Funding,1.43955,Seed Funding
2214,2226,2015-11-09,skoov.com,eCommerce Product Search Engine,,Mumbai,undisclosed investor,Seed Funding,1.43955,Seed Funding
2215,2227,2015-11-10,chefs basket,Ready to cook packaged Foods,,Mumbai,"SAIF Partners, Haresh Chawla",Private Equity,57.582,Private Equity
2216,2228,2015-11-11,gingercrush,Product Customization Platform,,Vadodara,TV Mohandas Pai\\xe2\\x80\\x99s family office,Seed Funding,0.0,Seed Funding
2217,2229,2015-11-11,delight foods,Branded Food products online sales,,Bangalore,"Lensbridge Capital, Mape Advisory Group, Fireside Ventures",Private Equity,5.7582,Private Equity
2218,2230,2015-11-11,6degree,Talent platform for Fashion professionals,,Goa/Hyderabad,"Centre For Incubation & Business Acceleration (CIBA), Goa",Seed Funding,0.0,Seed Funding
2219,2231,2015-11-11,renewbuy,Auto Insurance Online platform,,Gurgaon,Mount Nathan Advisors Pte Ltd,Seed Funding,4.7985,Seed Funding
2220,2232,2015-11-11,grab,Hyperlocal Logistics Service Provider,,Mumbai,Sixth Sense Ventures,Seed Funding,0.0,Seed Funding
2221,2233,2015-11-12,hitwicket,Cricket Management Mobile Game,,Hyderabad,Chennai Angels,Seed Funding,2.39925,Seed Funding
2222,2234,2015-11-13,flashdoor,On Demand Laundry Service platform,,Bangalore,"Sujeet Kumar, Ankit Nagori, Traxcn Labs",Seed Funding,0.0,Seed Funding
2223,2235,2015-11-16,cashkaro.com,Ecommerce Discount & Cashback coupons platform,,Gurgaon,Kalaari Capital,Private Equity,35.5089,Private Equity
2224,2236,2015-11-16,absentia,Virtual Reality Headset creator,,Bangalore,"Astarc Ventures, 50K Ventures & others",Seed Funding,1.72746,Seed Funding
2225,2237,2015-11-16,renowala,Home Improvement Service platform,,Hyderabad,Logtally,Seed Funding,0.0,Seed Funding
2226,2238,2015-11-16,taskbucks,mobile-only tasks marketplace,,New Delhi,Times Internet,Private Equity,143.955,Private Equity
2227,2239,2015-11-17,craftsvilla,Women Ethnic Wear Online Marketplace,,Mumbai,"Sequoia India, Lightspeed Venture Partners, Nexus Venture Partners, Global Founders Capital, Apoletto",Private Equity,326.298,Private Equity
2228,2240,2015-11-17,julia computing,Numerical Computing & Data Science Platform,,Bangalore,Gordon and Betty Moore Foundation,Seed Funding,5.7582,Seed Funding
2229,2241,2015-11-17,styletag,Designer fashion Jewellery Marketplace,,Bangalore,Jitu Virwani,Seed Funding,71.9775,Seed Funding
2230,2242,2015-11-17,smytten,Online Products Discovery Platform,,Gurgaon,"Rimpal Chawla, Anuj Srivastava",Seed Funding,1.9194,Seed Funding
2231,2243,2015-11-17,bibox,Kids Tool kit for Innovation platform,,Bangalore,Ravi Krishnamurthy,Seed Funding,5.08641,Seed Funding
2232,2244,2015-11-17,convegenius,Mobile Learning Solutions,,Noida / Singapore,Enablers platform,Seed Funding,2.8791,Seed Funding
2233,2245,2015-11-18,ola,Car Aggregator & Retail Mobile App,,Bangalore,"Baillie Gifford, Falcon Edge Capital, Tiger Global, SoftBank Group, DST Global, Didi Kuaidi",Private Equity,4798.5,Private Equity
2234,2246,2015-11-18,goodbox,conversational commerce mobile app,,Bangalore,Nexus Venture Partners,Private Equity,23.9925,Private Equity
2235,2247,2015-11-18,scoopwhoop,Viral Content web Platform,,New Delhi,Kalaari Capital,Private Equity,38.388,Private Equity
2236,2248,2015-11-18,hipship,Express local delivery platform,,Bangalore,"Inara Capital , Rishi Khiani",Seed Funding,0.0,Seed Funding
2237,2249,2015-11-18,pickrr,On-Demand Local Logistics provider,,New Delhi,Palaash Ventures,Seed Funding,0.0,Seed Funding
2238,2250,2015-11-18,truelancer,Curated Freelancer Marketplace,,New Delhi,"Blackstone Valley Group, Raghu Vohra, Aditya Dev Sood, Kamal Bansal",Seed Funding,0.0,Seed Funding
2239,2251,2015-11-19,aha taxis,Online Taxi Rental Platform,,Noida,ah! Ventures,Seed Funding,0.0,Seed Funding
2240,2252,2015-11-19,urbanclap,Mobile Services Marketplace,,Gurgaon,"Bessemer Venture Partner, Accel, SAIF Partners",Private Equity,239.925,Private Equity
2241,2253,2015-11-19,sensegiz,Smartwatch Maker,,Belgaum,Karnataka Semiconductor Venture Capital firm,Seed Funding,4.7985,Seed Funding
2242,2254,2015-11-19,placeoforigin,Online Gourmet Food Marketplace,,Bangalore,"S.D. Shibulal, Kris Gopalakrishnan, Srinath Batni, Professor Tarun Khanna, Ganapathy Venugopal.",Seed Funding,0.0,Seed Funding
2243,2255,2015-11-19,fourseven,Online Jewellery etailer,,New Delhi,Indian Angel Network,Seed Funding,4.366635,Seed Funding
2244,2256,2015-11-20,mindtickle,Sales & Productivity Software,,Pune / US,New Enterprise Associates,Private Equity,119.9625,Private Equity
2245,2257,2015-11-20,shopsense,ecommerce related software product platform,,Mumbai,"Kae Capital, Kunal Bahl, Rohit Bansal",Seed Funding,0.0,Seed Funding
2246,2258,2015-11-20,medinfi,Health-Tech platform,,Bangalore,"Ram Kumar Kakani, Pradeep K Jaisingh, Sunil T V, Vijay Ghadge, Hemant Kaul, Gurmeet Chahal & Others",Seed Funding,2.927085,Seed Funding
2247,2259,2015-11-20,ouwt,Nightlife Discovery Mobile App,,Mumbai,Undisclosed investors,Seed Funding,1.43955,Seed Funding
2248,2260,2015-11-20,heypillow,Online Real Estate Marketplace,,Bangalore,Hampton Capital,Private Equity,28.791,Private Equity
2249,2261,2015-11-21,healers at home,"Home Healthcare Services platform,",,New Delhi,"Daljit Singh, Dr. Pramath Raj Sinha, BVR Mohan Reddy",Seed Funding,0.0,Seed Funding
2250,2262,2015-11-21,caravan craft,Indian Ethnic Crafts Etailer,,Bangalore,"Unitus Seed Fund, Bijou Kurien, Narayan Ramachandran",Private Equity,11.5164,Private Equity
2251,2263,2015-11-21,talkoot,Social platform for traders and investors,,Bangalore,Undisclosed investors,Seed Funding,0.9597,Seed Funding
2252,2264,2015-11-23,rentomojo,"Online Furniture, Home Appliances Rental Platform",,Bangalore,"IDG Ventures India, Accel Partners India",Private Equity,19.194,Private Equity
2253,2265,2015-11-23,medikoe,Healthcare Services Discovery platform,,Bangalore,Anil Menon,Seed Funding,0.9597,Seed Funding
2254,2266,2015-11-24,stylofie,Health and Beauty Services Marketplace,,Gurgaon,Swastika,Seed Funding,2.39925,Seed Funding
2255,2267,2015-11-24,servx,Automotive Services platform,,New Delhi,Manish Gupta,Seed Funding,0.0,Seed Funding
2256,2268,2015-11-24,naaptol,Online and TV Shopping Marketplace,,Mumbai,"Mitsui & Co., New Enterprise Associates, Canaan Partners, Silicon Valley Bank",Private Equity,499.044,Private Equity
2257,2269,2015-11-24,crayon data,Big Data Analytics Platform,,Chennai/ Singapore,Ratan Tata,Private Equity,0.0,Private Equity
2258,2270,2015-11-25,earlysalary.com,Mobile App based Loan disbursement platform,,Mumbai,Ashok Agarwal,Seed Funding,14.3955,Seed Funding
2259,2271,2015-11-25,tooler,On Demand Laundry Services App,,New Delhi,"Raghu Khanna, Sameer Gupta",Seed Funding,1.05567,Seed Funding
2260,2272,2015-11-25,s chand,Education Content Provider,,New Delhi,IFC Everstone Group,Private Equity,259.119,Private Equity
2261,2273,2015-11-26,stelae,Content Management Software Solutions,,Chennai,Earlsfield Capital,Private Equity,0.0,Private Equity
2262,2274,2015-11-26,goqii,Fitness Tracking Management Solutions,,Mumbai,"New Enterprise Associates, Cheetah Mobile",Private Equity,128.5998,Private Equity
2263,2275,2015-11-26,grofers,Hyper-local Grocery Delivery platform,,Gurgaon,"Softbank, Tiger Global, Sequoia Capital, Apoletto Managers",Private Equity,1151.64,Private Equity
2264,2276,2015-11-26,pluss,Hyperlocal healthcare product Delivery Service provider,,Gurgaon,"IDG Ventures, M & S partners, Powerhouse Ventures (USA).",Private Equity,9.597,Private Equity
2265,2277,2015-11-26,kountmoney,Online Lending Marketplace,,Bangalore,"Tracxn, Ashish Goenka & Others",Seed Funding,0.0,Seed Funding
2266,2278,2015-11-27,stayglad,On Demand Beauty Services Platform,,Bangalore,"Bessemer Venture Partners, Anil Chopra",Private Equity,0.0,Private Equity
2267,2279,2015-11-27,justride,Self Driven Rental Car Platform,,Mumbai,Undisclosed,Private Equity,19.194,Private Equity
2268,2280,2015-11-27,fastudent,Education Content etailer,,Noida,Ashish Gupta,Seed Funding,0.0,Seed Funding
2269,2281,2015-11-27,learnon,Clud based Learning platform,,Chennai,JMR Infotech India Pvt Ltd,Seed Funding,0.0,Seed Funding
2270,2282,2015-11-27,talentrack,Talent Exchange & Talent Services Marketplace,,New Delhi,Unigrowth Inc,Seed Funding,0.0,Seed Funding
2271,2283,2015-11-28,m-taxi,Two-Wheeler Taxi Service,,Gurgaon,"Mandeep Singh, Jairaj Singh",Seed Funding,0.0,Seed Funding
2272,2284,2015-11-30,baxi,Two-Wheeler Taxi Service,,Gurgaon,"Manish Kheterpal, Alok Mittal, Puneet Dalmia,",Seed Funding,13.91565,Seed Funding
2273,2285,2015-11-30,superhero brands,character merchandize sales platform,,Mumbai,DSG Consumer Partners,Seed Funding,5.18238,Seed Funding
2274,2286,2015-11-30,momagic,Mobile Application Developer,,New Delhi,FIH Mobile Ltd,Private Equity,0.0,Private Equity
2275,2287,2015-11-30,qikpod,Ecommerce Delivery locker services,,Bangalore,"Flipkart, Accel Partners, Delhivery, Foxconn",Private Equity,86.373,Private Equity
2276,2288,2015-11-30,butterfly interactive,extra curricular activities marketplace app,,New Delhi,Undisclosed investors,Seed Funding,0.0,Seed Funding
2277,2289,2015-11-30,bro4u,Hyperlocal Online Home services provider,,Bangalore,Sargod Ventures,Seed Funding,0.0,Seed Funding
2278,2290,2015-10-01,indifi,Easy Business Loans platform,,Gurgaon,"Accel Partners, Elevar Equity, Pramod Bhasin, Rajan Anandan, Gaurav Dalmia, Abhishek Goyal, Gagan Hasteer , Arun Tadanki",Seed Funding,0.0,Seed Funding
2279,2291,2015-10-01,wydr,Performance based Wholesale Marketplace,,New Delhi,Sandeep Aggarwal,Seed Funding,0.0,Seed Funding
2280,2292,2015-10-01,easyfix,Professional Services Marketplace,,Gurgaon,Axilor Ventures,Seed Funding,0.0,Seed Funding
2281,2293,2015-10-01,muvizz,Movie-on-demand platform,,Singapore,"Ashish Todi, Abhinav Patodia, Kumar Shwetabh",Seed Funding,3.35895,Seed Funding
2282,2294,2015-10-01,abhibus,us ticketing and fleet management platform,,Hyderabad,Paytm (One97 communications),Private Equity,0.0,Private Equity
2283,2295,2015-10-01,cleartax,Online Income Tax Filing platform,,New Delhi,Paytm (One97 communications),Private Equity,0.0,Private Equity
2284,2296,2015-10-02,shopalyst,Product discovery & recommendation platform,,Bangalore,Kalaari Capital,Private Equity,19.194,Private Equity
2285,2297,2015-10-03,chillr,Mobile Payments App,,Mumbai,Sequoia Capital,Private Equity,57.582,Private Equity
2286,2298,2015-10-05,nykaa,Beauty & Wellness Products e-tailer,,Mumbai,"Harsh Mariwala, Atul Nishar, Dalip Pathak, Michael Carlos",Private Equity,91.1715,Private Equity
2287,2299,2015-10-05,voylla,Fashion jewelry and accessories e-tailer,,Jaipur,Peepul Capital,Private Equity,143.955,Private Equity
2288,2300,2015-10-05,indialends,Online Consumer Lending platform,,New Delhi,"DSG consumer Partners, Paragon Partners",Private Equity,9.597,Private Equity
2289,2301,2015-10-05,rock n shop,Premium Apparel shopping portal,,New Delhi,High Networth Individuals (undisclosed),Seed Funding,1.43955,Seed Funding
2290,2302,2015-10-06,docplexus,Exclusive Platform for Doctors & Healthcare professionals,,Pune,"Uniqorn ventures, ASP Consulting",Seed Funding,6.7179,Seed Funding
2291,2303,2015-10-06,workindia,Job Board,,Mumbai,"Satyen Kothari, Keshav Sanghi, Riddhesh Gandhi & Others",Seed Funding,4.7985,Seed Funding
2292,2304,2015-10-06,sportzvillage,Sports Management & Physical Education Business,,Bangalore,Gaja Capital Private Equity Fund,Private Equity,95.97,Private Equity
2293,2305,2015-10-06,sportybeans,multi-sport program for preschoolers,,Pune,YouWeCan Ventures,Seed Funding,0.0,Seed Funding
2294,2306,2015-10-06,burger singh,QSR & Online delivery portal,,Gurgaon,"Ashvin Chadha, Avtar Monga, Udaan Angels, Dheeraj Jain",Seed Funding,4.7985,Seed Funding
2295,2307,2015-10-06,welcome cure,Online Homeopathy Clinic,,Mumbai,Unnamed Media house and HNIs,Private Equity,57.582,Private Equity
2296,2308,2015-10-07,schoolguru,E-Learning Service Provider,,Mumbai,High Networth Individuals from India & USA,Private Equity,28.791,Private Equity
2297,2309,2015-10-07,naturally yours,Organic Food etailer,,Mumbai,Sanjay Mehta,Seed Funding,0.0,Seed Funding
2298,2310,2015-10-07,gojavas,Delivery & Logistics Service provider,,Gurgaon,Snapdeal,Private Equity,191.94,Private Equity
2299,2311,2015-10-07,scandid,Product Discovery & comparison App,,Pune,Micromax Informatics,Private Equity,0.0,Private Equity
2300,2312,2015-10-07,stalkbuylove,Online Apparels Fashion brand,,New Delhi,"Mato Peric, Peter Kabel & others",Private Equity,0.0,Private Equity
2301,2313,2015-10-08,zupermeal,Home Cooked Food marketplace & Delivery,,Mumbai,"Sanjeev Kapoor, Ravi Saxena & Others",Private Equity,19.194,Private Equity
2302,2314,2015-10-08,cube26,Gesture based Mobile Development,,New Delhi,"Tiger Global Management, Flipkart",Private Equity,73.8969,Private Equity
2303,2315,2015-10-08,mobikon,Hotel Mobile CRM Software platform,,Pune / Singapore,"Life.SREDA, Qualgro",Private Equity,0.0,Private Equity
2304,2316,2015-10-08,grabhouse,Rental Accommodation Search platform,,Bangalore,Sequoia and Kalaari Capital.,Private Equity,95.97,Private Equity
2305,2317,2015-10-08,quifers,Logistics Tech Platform,,Mumbai,"Vikas Agarwal, Vishal Khare, Sanjeev Kakkar, Smile Group",Seed Funding,2.97507,Seed Funding
2306,2318,2015-10-09,stockroom.io,Developer Portfolio Showcase platform,,Hyderabad,Undisclosed Investors,Seed Funding,0.67179,Seed Funding
2307,2319,2015-10-09,curofy,Doctors Network Mobile App,,New Delhi,RoundGlass Partners,Private Equity,0.0,Private Equity
2308,2320,2015-10-09,cloud lending,End-to-End Lending platform,,Bangalore / San Mateo,SF Capital Group,Private Equity,76.776,Private Equity
2309,2321,2015-10-09,inayo,on-demand healthcare marketplace,,Mumbai,"Kemark Ventures, Amit Ranjan, Zishaan Hayath and Others",Seed Funding,2.8791,Seed Funding
2310,2322,2015-10-09,wonobo,360-degree view creating platform,,Bangalore,Quikr,Private Equity,0.0,Private Equity
2311,2323,2015-10-09,kulzy,Advertising & Marketing Community Networking platform,,New Delhi,"Seedfund, Bedrock Ventures",Seed Funding,9.597,Seed Funding
2312,2324,2015-10-09,zeppery,Food Ordering & Delivery App,,New Delhi,Suyash Sharma,Seed Funding,0.738969,Seed Funding
2313,2325,2015-10-12,zify,Ride Sharing platform,,Hyderabad,Sean O\\xe2\\x80\\x99Sullivan & Others,Seed Funding,1.82343,Seed Funding
2314,2326,2015-10-12,faircent,Online P2P lending marketplace,,Gurgaon,Aarin Capital Partners,Private Equity,0.0,Private Equity
2315,2327,2015-10-12,bizongo,B2B marketplace for industrial goods,,Mumbai,Accel Partners,Seed Funding,0.0,Seed Funding
2316,2328,2015-10-12,gridle,Cloud Based Collaboration platform,,Ahmedabad,LetsVenture,Seed Funding,0.9597,Seed Funding
2317,2329,2015-10-12,tripoto,global community for travellers,,New Delhi,"500 Startups, IDG Ventures & Advantedge fund, Neeraj Arora, Leon Seynave",Private Equity,0.0,Private Equity
2318,2330,2015-10-12,mubble,Prepaid Bill manager App,,Bangalore,Accel Partners,Private Equity,0.0,Private Equity
2319,2331,2015-10-13,voodoo,Mobile Only Shopping Assistant,,New Delhi,SAIF Partners,Seed Funding,9.597,Seed Funding
2320,2332,2015-10-13,lookup,Mobile Messaging Assistant App,,Bangalore,"Khosla Impact, Biz Stone, Catamaran Ventures, Global Founders Capital, European investment fund",Private Equity,23.9925,Private Equity
2321,2333,2015-10-14,askmygift,Personalized Wish List creator app,,Noida,Turning Ideas,Seed Funding,0.47985,Seed Funding
2322,2334,2015-10-14,gaana.com,Music Streaming mobile app,,Mumbai,Micromax Informatics Ltd,Private Equity,0.0,Private Equity
2323,2335,2015-10-14,zappfresh,Raw Meat & Ready to eat food etailer,,Gurgaon,Undisclosed Investors,Seed Funding,0.738969,Seed Funding
2324,2336,2015-10-14,gymtrekker,Gym Discovery platform,,Mumbai,"Dewang Neralla,Roopak Taneja, Manisha Gupta",Seed Funding,0.0,Seed Funding
2325,2337,2015-10-15,bounty app,Online Purchase rewards app,,Bangalore,"Fireside Ventures, Mumbai Angels MAPE Advisory Group.",Seed Funding,0.0,Seed Funding
2326,2338,2015-10-16,homers.in,Home rental platform,,Gurgaon,"Devesh Rai G, Rajesh Aggarwal, Amitpal Bhutani",Seed Funding,0.0,Seed Funding
2327,2339,2015-10-16,mshipper,Crowdsourced Delivery platform,,New Delhi,Vijai Laxmi,Seed Funding,0.0,Seed Funding
2328,2340,2015-10-16,bolrealty,Real Estate Insights platform,,New Delhi,Manpreet Singh,Seed Funding,0.0,Seed Funding
2329,2341,2015-10-17,s-cube futuretech,Structural & Civil Engg Service Automation,,Mumbai,Parampara Capital,Private Equity,9.597,Private Equity
2330,2342,2015-10-19,letsventure,Startup Funding Marketplace,,Bangalore,"Accel Partners, Anupam Mittal & other marquee investors",Private Equity,0.0,Private Equity
2331,2343,2015-10-19,citrus payment,Payments Solution platform,,Mumbai,"Sequoia Capital, Ascent Capital, eContext Asia, Beenos Asia",Private Equity,239.925,Private Equity
2332,2344,2015-10-19,holidify,Travel Destination Discovery platform,,New Delhi,Aarti Group,Seed Funding,0.9597,Seed Funding
2333,2345,2015-10-20,primaseller,Order Fulfillment SAAS platform,,Bangalore,"Dr. Aniruddha Malpani Manish Gupta, M&S Partners & others",Seed Funding,0.0,Seed Funding
2334,2346,2015-10-20,opinio,Last Mile Delivery Service,,Bangalore,"Delhivery, Sands Capital and Accel Partners",Private Equity,67.179,Private Equity
2335,2347,2015-10-20,attune technologies,Healthcare IT Solutions & services,,Chennai,"Qualcomm Venture, Norwest Venture Partners",Private Equity,95.97,Private Equity
2336,2348,2015-10-20,ichef.in,Gourmet Meals Delivery,,Mumbai,Springboard Ventures,Private Equity,0.0,Private Equity
2337,2349,2015-10-21,jiyo natural,Healthy Meals Food delivery platform,,Bangalore,Indian Angel Network,Seed Funding,0.0,Seed Funding
2338,2350,2015-10-21,agentdesks,Real Estate Mobile CRM,,New York/ India,"Sierra Ventures, Cota Capital, Vegas Tech Fund",Seed Funding,28.31115,Seed Funding
2339,2351,2015-10-21,white owl brewery,Micro-Brewery,,Mumbai,"Arihant Patni, RAAY Global Investments",Private Equity,14.68341,Private Equity
2340,2352,2015-10-21,mealhopper,Home Made Food Marketplace,,Gurgaon,"Alok Bajpai, Rajnish Kumar, Amit Dey",Seed Funding,0.9597,Seed Funding
2341,2353,2015-10-21,zenify.in,residential rental management platform,,Bangalore,"Atul Jalan, Shrikanth & Bharath",Seed Funding,6.14208,Seed Funding
2342,2354,2015-10-21,stockal,Personalized Stock Intelligence Platform,,Bangalore,"R Natarajan, Mohan Alexander",Seed Funding,0.0,Seed Funding
2343,2355,2015-10-23,medd,Personal Diagnostic Mobile App,,Mumbai,Group of Angel investors,Seed Funding,1.43955,Seed Funding
2344,2356,2015-10-23,leaping caravan,Online food ordering & Delivery service,,Gurgaon,Group of Angel investors,Seed Funding,1.43955,Seed Funding
2345,2357,2015-10-23,frsh,Online food ordering & Delivery service,,Gurgaon,"Mumbai Angels, Mayank Bhangdia, Kae Capital",Private Equity,9.597,Private Equity
2346,2358,2015-10-23,qik stay,Hotel Aggregator & booking platform,,New Delhi,ID Enablers Pvt Ltd,Seed Funding,2.39925,Seed Funding
2347,2359,2015-10-26,parcelled,Online Logistics Platform,,Bangalore,Delhivery,Private Equity,47.985,Private Equity
2348,2360,2015-10-26,almamapper,Online Student & Campus Social Networking platform,,Ahmedabad,Oswal Techno Ventures LLP,Seed Funding,3.8388,Seed Funding
2349,2361,2015-10-26,flexing it,Professionals & Project Search Marketplace,,New Delhi,undisclosed private investors,Seed Funding,4.7985,Seed Funding
2350,2362,2015-10-26,netmeds.com,Online Pharmacy,,Chennai,"OrbiMed, Pradip Dadha Group",Private Equity,479.85,Private Equity
2351,2363,2015-10-26,razorpay,Online Payment Gateway,,Jaipur,"Tiger Global Management, Matrix Partners",Private Equity,86.373,Private Equity
2352,2364,2015-10-27,jombay,Psychometric Test Online Software,,Pune,Ventureworks India,Private Equity,0.0,Private Equity
2353,2365,2015-10-27,happitoo,Location based Nightlife recommendation Platform,,Mumbai,Unnamed investor,Seed Funding,0.738969,Seed Funding
2354,2366,2015-10-27,care24,Professional Health Services Platform,,Mumbai,India Quotient,Seed Funding,3.35895,Seed Funding
2355,2367,2015-10-27,roadrunnr,Hyperlocal Logistics Service,,Bangalore,"Sequoia Capital, Nexus Venture Partners",Private Equity,95.97,Private Equity
2356,2368,2015-10-27,simpli5d,Online user engagement platform,,Gurgaon,"Redcliffe Capital, YourNest Angel Fund",Private Equity,0.0,Private Equity
2357,2369,2015-10-28,origa leasing,Asset Financing platform,,Mumbai,"ah! Ventures, 500 Startups & Other HNIs",Seed Funding,10.5567,Seed Funding
2358,2370,2015-10-28,smartivity.in,Virtual Reality activity based learning platform,,New Delhi,S Chand and Co Pvt Ltd,Seed Funding,1.9194,Seed Funding
2359,2371,2015-10-28,urdoorstep,Online Grocery Store,,Bangalore,Jupiter Capital,Private Equity,0.0,Private Equity
2360,2372,2015-10-29,tavaga,Investment management platform,,Mumbai,Tracxn Syndicate,Seed Funding,0.0,Seed Funding
2361,2373,2015-10-29,moglix,Industrial Toons Marketplace,,Noida,"Accel Partner, Jungle Ventures",Private Equity,0.0,Private Equity
2362,2374,2015-10-29,zophop,Public Commute helper App,,Mumbai,"Amit Singhal, PK Gulati & others",Seed Funding,4.31865,Seed Funding
2363,2375,2015-10-30,niki.ai,Artificial Intelligence Ecommerce Chatbot,,Bangalore,Unilazer Ventures,Seed Funding,0.0,Seed Funding
2364,2376,2015-10-30,instavans,Truck Aggregator & Logistics service,,Bangalore,Suresh Vaswani,Seed Funding,0.0,Seed Funding
2365,2377,2015-10-30,lifto,Ridesharing Mobile app,,Mumbai,"Rajesh Bhatia, Dheeraj Mehta & Others",Seed Funding,1.24761,Seed Funding
2366,2378,2015-10-30,tinyowl,Food Discovery & Delivery Mobile app,,Mumbai,"Sequoia Capital, Matrix Partners",Private Equity,71.9775,Private Equity
2367,2379,2015-10-30,toppr.com,Competitive exam learning platform,,Mumbai,InnoVen Capital,Private Equity,19.194,Private Equity
2368,2380,2015-10-30,kleeto,Document Digitization platform,,Gurgaon,GREX,Seed Funding,2.20731,Seed Funding
2369,2381,2015-10-30,beaconstalk,proximity marketing & Mobile Advertising platform,,Mumbai,Puneet Bhatia & others,Seed Funding,0.76776,Seed Funding
2370,2382,2015-10-31,jugnoo,Autorickshaw Aggregator & Booking platform,,Chandigarh,Paytm,Private Equity,95.97,Private Equity
2371,2383,2015-09-01,toflo,FinTech Startup Incubation platform,,Mumbai,Tania Johny Palathinkal,Seed Funding,0.9597,Seed Funding
2372,2384,2015-09-01,fxmartindia,Payment Services platform,,Chandigarh,Flipkart,Private Equity,0.0,Private Equity
2373,2385,2015-09-01,stylecracker,Personalized Styling platform,,Mumbai,Group of HNI investors,Private Equity,9.597,Private Equity
2374,2386,2015-09-01,luxuryhues,Luxury goods Shopping Platform,,Gurgaon,Reliance Capital,Private Equity,8.6373,Private Equity
2375,2387,2015-09-02,holachef,Food Delivery Platform,,Mumbai,Ratan Tata,Private Equity,0.0,Private Equity
2376,2388,2015-09-02,zivame,Online Lingerie Marketplace,,Bangalore,"Zodius Technology Fund, Khazanah Nasional Berhad",Private Equity,383.88,Private Equity
2377,2389,2015-09-02,capillary tech,Cloud software solutions,,New Delhi,"Warburg Pincus, Sequoia Capital, Norwest Venture Partners",Private Equity,431.865,Private Equity
2378,2390,2015-09-03,jobspire,Job Search Platform,,Bangalore,Purvi Capital,Seed Funding,2.49522,Seed Funding
2379,2391,2015-09-03,meradoctor,Doctor consultancy Mobile App,,Mumbai,India Quotient & other investors,Seed Funding,0.0,Seed Funding
2380,2392,2015-09-03,vistaar finance,Small Business Financing (NBFC),,Bangalore,"WestBridge Capital, Omidyar Network, Elevar Equity, Saama Capital, Lok Capital",Private Equity,383.88,Private Equity
2381,2393,2015-09-03,hijinny,Beauty & Wellness Services Marketplace,,Mumbai,CMYK Health Boutique Pvt Ltd & Other individual investors,Seed Funding,0.0,Seed Funding
2382,2394,2015-09-04,clapsnslaps,Online Movie Review Platform,,Mumbai,R M Picture Company Pvt. Ltd.,Seed Funding,1.43955,Seed Funding
2383,2395,2015-09-04,blubox,ECommerce Brands\\xe2\\x80\\x99 Full Service Agency,,Mumbai,Ashish Jhalani,Seed Funding,0.9597,Seed Funding
2384,2396,2015-09-04,roomcentral,Cloud-based Hotel Booking Platform,,Bangalore,Karanpal Singh,Seed Funding,19.194,Seed Funding
2385,2397,2015-09-07,youthkiawaaz,Community Driven News/Views Platform,,New Delhi,"Raghav Bahl, Ritu Kapur",Seed Funding,5.7582,Seed Funding
2386,2398,2015-09-07,prozo,Study Material Marketplace,,New Delhi,"Nalin Jain, Shomil Pant, Dinesh Kundu & others",Seed Funding,1.967385,Seed Funding
2387,2399,2015-09-07,zomato,Restaurant Ratings & Reviews platform,,Gurgaon,"Temasek, Vy Capital",Private Equity,575.82,Private Equity
2388,2400,2015-09-07,sahayog dairy,Dairy Based Product Manufacturer,,Bhopal,Acumen Fund,Private Equity,17.2746,Private Equity
2389,2401,2015-09-08,mockbank,Government Test Preparation platform,,Bangalore,Blume Ventures,Seed Funding,3.8388,Seed Funding
2390,2402,2015-09-08,reportbee,Smart Report Cards for Schools,,Chennai,India Educational Investment Fund,Seed Funding,0.0,Seed Funding
2391,2403,2015-09-08,gurug learning,Teacher empowerment platform,,Bangalore,India Educational Investment Fund,Seed Funding,0.0,Seed Funding
2392,2404,2015-09-10,onlinetyari,Multilingual Test Preparation Platform,,Gurgaon,"500 Startups, TV Mohandas Pai, Tandem Capital, Vikram Chachra, Aloke Bajpai",Private Equity,7.38969,Private Equity
2393,2405,2015-09-10,industrybuying,Industrial Tools Marketplace,,New Delhi,"Kalaari Capital, SAIF Partners, Beenextan investment fund",Private Equity,88.2924,Private Equity
2394,2406,2015-09-10,the/nudge foundation,Non Profit Organization to alleviate poverty,,Bangalore,"Nanadan Nilekani, InMobi, Paytm",Seed Funding,3.023055,Seed Funding
2395,2407,2015-09-11,fitmein,Gym & Fitness Studios Subscription platform,,New Delhi,Green House Ventures,Seed Funding,0.9597,Seed Funding
2396,2408,2015-09-11,envoged,pre-used luxury item Marketplace,,Mumbai,"Ankush Nijhawan, Manish Dhingra, Gaurav Bhatnagar",Seed Funding,0.0,Seed Funding
2397,2409,2015-09-11,zapyle,pre-used apparel shopping mobile app,,Bangalore,Undisclosed,Seed Funding,9.597,Seed Funding
2398,2410,2015-09-11,renomania,Home Design & D\\xc3\\xa9cor platform,,New Delhi,Subodh Gupta,Seed Funding,0.0,Seed Funding
2399,2411,2015-09-12,credr,Used Vehicles Marketplace,,Mumbai,Eight Road Ventures,Private Equity,143.955,Private Equity
2400,2412,2015-09-12,yatragenie,Online Bus & Cab ticketing platform,,Hyderabad,Ash Bhardwaj,Private Equity,0.0,Private Equity
2401,2413,2015-09-14,canvasflip,Mobile App testing platform,,Hyderabad,Bessemer Venture Partners,Seed Funding,11.5164,Seed Funding
2402,2414,2015-09-14,shadowfax,Hyperlocal Delivery Services,,Gurgaon,Eight Roads Ventures,Private Equity,86.373,Private Equity
2403,2415,2015-09-14,ue life sciences,Early Cancer Detection Solutions,,US/India,"Aarin Capital, Unitus Seed Fund",Private Equity,28.791,Private Equity
2404,2416,2015-09-14,ola cabs,Cab rental Mobile app,,Bangalore,"Falcon Edge Capital, NY based Hedge Fund, Tiger Global, Softbank",Private Equity,2159.325,Private Equity
2405,2417,2015-09-15,coverfox,Online Insurance Distribution Platform,,Mumbai,Cataraman Ventures,Private Equity,19.194,Private Equity
2406,2418,2015-09-15,moengage,Mobile Marketing Automation Platform,,Bangalore,"Helion Venture Partners, Exfinity Ventures",Private Equity,40.78725,Private Equity
2407,2419,2015-09-15,mubble,Prepaid Mobile Bill Manager App,,Bangalore,Nandan Nilekani,Seed Funding,0.0,Seed Funding
2408,2420,2015-09-15,tea trails,Chain of Tea Caf\\xc3\\xa9\\xe2\\x80\\x99s,,Mumbai,"Anil Matai, Vikram Tandon, Shyam Sundar R & others",Seed Funding,9.597,Seed Funding
2409,2421,2015-09-15,room on call,Branded Budget Hotel Marketplace,,Noida,Payal Syal,Seed Funding,2.8791,Seed Funding
2410,2422,2015-09-15,fyne,Home Fitting & Fixtures Marketplace,,Bangalore,Sandeep Dama & Others,Seed Funding,0.0,Seed Funding
2411,2423,2015-09-16,chaipoint,Food Subscription platform,,Bangalore,Eight Roads Ventures,Private Equity,95.97,Private Equity
2412,2424,2015-09-16,wedmegood.com,Wedding Planning Platform,,Gurgaon,Indian Angel Network,Seed Funding,3.93477,Seed Funding
2413,2425,2015-09-16,xstok,B2B Mobile Auction Marketplace,,Mumbai,Oliphans Capital,Seed Funding,4.31865,Seed Funding
2414,2426,2015-09-17,unilog,ECommerce Data Analytics Platform,,Bangalore,Kalaari Capital,Private Equity,0.0,Private Equity
2415,2427,2015-09-17,paintcollar,Designer Merchandize Marketplace,,Mumbai,Applyifi,Seed Funding,0.0,Seed Funding
2416,2428,2015-09-17,yepme,Private label Fashion eTailer,,Gurgaon,"Khazanah Nasional Berhad, Helion Venture Partners",Private Equity,719.775,Private Equity
2417,2429,2015-09-17,bueno,Online Food ordering & delivery,,Gurgaon,High Networth Individuals (No details),Seed Funding,5.7582,Seed Funding
2418,2430,2015-09-18,plabro,Real Estate Broker Platform App,,New Delhi,"Sachin Bansal & Binny Bansal, Sol Primero, Outbox Ventures, Sangram Singh",Seed Funding,3.35895,Seed Funding
2419,2431,2015-09-18,curejoy,Online Health & Wellness platform,,Bangalore,"Accel Partners, Subrata Mitra, Larry Braitman, Venk Krishna",Private Equity,11.03655,Private Equity
2420,2432,2015-09-18,briston technomach,Internet of Things platform,,New Delhi,Undisclosed,Seed Funding,1.43955,Seed Funding
2421,2433,2015-09-18,labstreet,Diagnostic Labs aggregator platform,,Gurgaon,Multiple investors,Seed Funding,1.43955,Seed Funding
2422,2434,2015-09-19,dailyninja,Hyperlocal Delivery Platform,,Bangalore,"Aprameya Radhakrishna, Naman Sarawagi, Afsal Salu,",Seed Funding,0.0,Seed Funding
2423,2435,2015-09-21,portea medical,Home Medical Care Services,,Bangalore,"Accel Partners, International Finance Corporation (IFC), Qualcomm Ventures, Ventureast",Private Equity,359.8875,Private Equity
2424,2436,2015-09-21,neotrade analytics,Real-Time stock data platform,,Bangalore,Rainmatter,Seed Funding,2.255295,Seed Funding
2425,2437,2015-09-21,dishco,Food discovery & table booking app,,Mumbai,"Anand Mahindra, Uday Punj, Ashish Hemrajani, Sanjeev Mehra",Seed Funding,0.0,Seed Funding
2426,2438,2015-09-21,lafalafa,coupons and cashback aggregator app,,Mumbai,500 Startups,Seed Funding,1.199625,Seed Funding
2427,2439,2015-09-21,connectabank,Financial Products lead generation platform,,Mumbai,Prakhar Bumb,Seed Funding,0.0,Seed Funding
2428,2440,2015-09-22,villfarm,Sustainable Agri-inputs Firm,,Bangalore,"Unitus Seed Fund, Rianta Capital, R Ramaraj, Sunil Edwards",Seed Funding,0.0,Seed Funding
2429,2441,2015-09-22,bestdealfinance,Financial Services Portal,,Mumbai,"Kalaari Capital, YourNest Angel Fund",Private Equity,28.791,Private Equity
2430,2442,2015-09-22,gamexs.in,Pre-owned games Marketplace,,New Delhi,Lead Angels,Seed Funding,0.0,Seed Funding
2431,2443,2015-09-22,the man company,Content-based Subscription eCommerce platform,,New Delhi,"Karan Bajwa, Amanpreet Bajaj, Manish Vij",Seed Funding,0.0,Seed Funding
2432,2444,2015-09-22,virtual logic,"virtual reality, 3d simulation and stereoscopic products",,Bangalore,Swarnim Multiventures,Private Equity,7.6776,Private Equity
2433,2445,2015-09-22,furdo,Online Interior Designing platform,,Bangalore,Bhavdeep Reddy,Seed Funding,3.8388,Seed Funding
2434,2446,2015-09-22,loginext,End-to-end Logistics platform,,Mumbai,Paytm,Private Equity,95.97,Private Equity
2435,2447,2015-09-22,korra,Private Label Apparel sales,,New Delhi,Asha Jadeja Motwani & Others,Seed Funding,2.8791,Seed Funding
2436,2448,2015-09-23,credihealth,Healthcare Consulting platform,,Gurgaon,Rajat Malhotra,Seed Funding,0.0,Seed Funding
2437,2449,2015-09-23,amigobulls,Stock Market Portal,,Bangalore,"Sharad Sharma, Vijay Anand, Mohandas Pai. Pallav Nadhani, Singapore Angels Network & others",Seed Funding,0.0,Seed Funding
2438,2450,2015-09-23,silverpush,Cross-device retargeting platform,,Gurgaon / SFO,M&S Partners,Private Equity,11.5164,Private Equity
2439,2451,2015-09-23,juggernaut,Digital & Physical Publishing platform,,New Delhi,"William Bissell, Neeraj Aggarwal, Nandan Nilekani",Private Equity,21.59325,Private Equity
2440,2452,2015-09-23,innerchef,Food Delivery Platform,,New Delhi,"Phanindra Sama, Anupam Mittal, Vijay Shekhar Sharma, Vishal Gondal, Sateesh Andara & others",Private Equity,16.79475,Private Equity
2441,2453,2015-09-24,quintype,Data Driven Publishing platform,,Bangalore,Raghav Bahl,Private Equity,31.6701,Private Equity
2442,2454,2015-09-24,capabiliti,Employee OnBoarding & Orientation platform,,Noida,"500 Startups, Smile Multimedia, Kunal Bahl, Rohit Bansal, Girish Matrubootham",Seed Funding,3.8388,Seed Funding
2443,2455,2015-09-24,fourth partner energy,Solar Power Solutions company,,Hyderabad,"Infuse Ventures, The Chennai Angels",Private Equity,19.194,Private Equity
2444,2456,2015-09-24,licious,Online Meat Ordering platform,,Bangalore,"Kanwaljit Singh, TV Mohandas Pai",Seed Funding,9.597,Seed Funding
2445,2457,2015-09-25,travelkhana,online meal-booking platform for train travelers,,New Delhi,Astarc Ventures & Others,Seed Funding,0.0,Seed Funding
2446,2458,2015-09-28,quickli,hyperlocal delivery platform,,New Delhi,"500 Startups, Mato Peric & Others",Seed Funding,0.0,Seed Funding
2447,2459,2015-09-28,ola cabs,Cab Booking app platform,,Bangalore,Didi Kuaidi,Private Equity,287.91,Private Equity
2448,2460,2015-09-29,paytm,E-Commerce & M-Commerce platform,,New Delhi,"Alibaba Group, Ant Financial",Private Equity,6525.96,Private Equity
2449,2461,2015-09-29,inmobi,Mobile Advertising platform,,Bangalore,Tennenbaum Capital Partners & Others,Private Equity,959.7,Private Equity
2450,2462,2015-09-29,peppertap,Hyperlocal Grocery Delivery,,Gurgaon,"Sequoia India, SAIF Partners.",Private Equity,345.492,Private Equity
2451,2463,2015-09-29,hugefly,Ecommerce Product recommendation platform,,Pune,Mayank Singhal and others,Seed Funding,0.0,Seed Funding
2452,2464,2015-09-29,brigge,Activity Based Social Network,,Chennai,The Chennai Angels,Seed Funding,0.0,Seed Funding
2453,2465,2015-09-29,zakoopi,Fashion Discovery platform,,New Delhi,Uniqorn Ventures,Seed Funding,3.35895,Seed Funding
2454,2466,2015-09-29,loancircle,Consumer lending marketplace,,Bangalore,"Zishaan Hayath, Rahul Khanna & Others",Seed Funding,0.0,Seed Funding
2455,2467,2015-09-30,infoworks,Big Data Management Platform,,Bangalore / USA,"Nexus Venture Partners, Knoll Ventures and others",Private Equity,47.985,Private Equity
2456,2468,2015-09-30,reddoorz,Budget Accommodation Platform,,Noida,Jungle Ventures,Seed Funding,9.597,Seed Funding
2457,2469,2015-09-30,firsttouch,Local Mobile OS,,Gurgaon,"Kunal Bahl, Rohit Bansal, Pranay Chulet, Naveen Tiwari, Amit Gupta, Mayank Singhal",Seed Funding,0.0,Seed Funding
2458,2470,2015-09-30,eywa media,Digital Signal processing platform,,Bangalore,"ah! Ventures, Viktor Koenig PE Fund, Mantra Ventures",Seed Funding,9.597,Seed Funding
2459,2471,2015-08-01,snapdeal,Ecommerce Marketplace,,New Delhi,"Alibaba, Foxconn, Softbank",Private Equity,4798.5,Private Equity
2460,2472,2015-08-01,ressy,Restaurant Discount app,,Pune,Mohandas Pai & others,Seed Funding,3.8388,Seed Funding
2461,2473,2015-08-03,cuelearn,Tech-enabled learning,,New Delhi,Alok Mittal,Seed Funding,0.0,Seed Funding
2462,2474,2015-08-03,connect india,ECommerce Logistics provider,,New Delhi,Aavishkaar,Private Equity,47.985,Private Equity
2463,2475,2015-08-03,the home salon,on-demand home beauty and wellness portal,,Mumbai,VentureNursery,Seed Funding,0.0,Seed Funding
2464,2476,2015-08-03,jusride,Self Driven Car rental,,Mumbai,"Alok Mittal, Zeeshan Hayat, Niraj Singh, Nikunj Jain, Anirudh Damani, Punit Goyal",Seed Funding,0.0,Seed Funding
2465,2477,2015-08-03,oyorooms,Budget Hotel accommodation brand,,New Delhi,"SoftBank Group, Greenoaks Capital, Sequoia Capital, Lightspeed India",Private Equity,959.7,Private Equity
2466,2478,2015-08-03,glowship,Energy & Environment Online Marketplace,,Bangalore,Infuse Ventures,Seed Funding,0.0,Seed Funding
2467,2479,2015-08-03,wizrocket,User Engagment & Analytics platform,,Mumbai,"Sequoia Capital, Accel Partners",Private Equity,92.1312,Private Equity
2468,2480,2015-08-04,pickingo,On-Demand Delivery Logistics,,New Delhi,"Orios Venture Partners, Zishaan Hayath",Private Equity,12.4761,Private Equity
2469,2481,2015-08-05,grex,fund raising platform for startups,,Pune,"Kunal Bajaj, Chandru Badrinarayanan",Seed Funding,6.23805,Seed Funding
2470,2482,2015-08-05,letstransport,Logistics Tech Platform,,Bangalore,"Rebright Partners, Ankush Nijhawan, Gaurav Bhatnagar, Manish Dhingra",Seed Funding,12.4761,Seed Funding
2471,2483,2015-08-05,zo rooms,Online budget hotel chain,,New Delhi,"Tiger Global Management, Orios Venture Partners",Private Equity,287.91,Private Equity
2472,2484,2015-08-05,doormint,Hyperlocal Handyman services,,Mumbai,"Helion Venture Partners, Kalaari Capital",Private Equity,28.791,Private Equity
2473,2485,2015-08-05,nightstay,hotel booking app,,Noida,"BedRock Ventures, Rajesh Sawhney, Shailesh Singh",Seed Funding,4.7985,Seed Funding
2474,2486,2015-08-05,zocalo,Rental Accomodation finder,,New Delhi,"Sachin Bhatia, Rajesh Sawhney",Seed Funding,0.0,Seed Funding
2475,2487,2015-08-05,sunday realty solutions,Tech Platform for property brokers,,Mumbai,"Ramesh Jogani, Shailesh Viswanathan, Jay Srinivasan",Seed Funding,7.533645,Seed Funding
2476,2488,2015-08-06,klozee,Luxury Apparel rental,,Bangalore,Tracxn Labs,Seed Funding,0.0,Seed Funding
2477,2489,2015-08-06,appvigil,App security testing platform,,Mumbai,"Ravi Gururaj, Gaurav Sharma, Viswanath Ramachandran, RippleWave",Seed Funding,4.7985,Seed Funding
2478,2490,2015-08-06,practo,Doctor Appointment booking app,,Bangalore,"Sofina, Google Capital, Altimeter Capital, Sequoia Capital Global Equities, Yuri Milner, Sequoia Capital, Matrix Partners",Private Equity,863.73,Private Equity
2479,2491,2015-08-06,loudshout,anonymous bulletin board app,,New Delhi,"Sanjay Sethi, Ravi Jaipuria & others",Seed Funding,0.0,Seed Funding
2480,2492,2015-08-06,wetravelsolo,Travel community platform,,New Delhi,"CCube Angels, Frontline Strategy",Seed Funding,0.0,Seed Funding
2481,2493,2015-08-06,ketto,Crowd funding platform,,Mumbai,"Chennai Angels, Calcutta Angels, ah! Ventures, Intellecap Impact Investment Network, Indus Age Partners, Singapore Angel Network, India Internet Fund, LetsVenture",Seed Funding,6.7179,Seed Funding
2482,2494,2015-08-06,ezetap,Mobile based PoS solution,,Bangalore,"Horizons Ventures, Capricorn Investment Group, Social+Capital, Helion Advisors, Berggruen Holdings",Private Equity,239.925,Private Equity
2483,2495,2015-08-06,ndtv ecommerce venture,Car & Bike ecommerce platform,,Mumbai,"Inflexionpoint, Pramod Bhasin, Sixth Sense Ventures, Vindi Banga, Hiro Mashita",Private Equity,0.0,Private Equity
2484,2496,2015-08-07,carl's jr,Fast food Chain Franchisee,,Gurgaon,YouWeCan Ventures,Seed Funding,6.04611,Seed Funding
2485,2497,2015-08-07,easyrewardz,Loyalty Programs & Reward Points,,Mumbai,"Wealth First, Ashneer Grover, Atul Phadnis",Private Equity,4.7985,Private Equity
2486,2498,2015-08-07,gibss,Energy saving solutions provider,,Mumbai,"responsAbility Investments, Infuse Ventures",Private Equity,0.0,Private Equity
2487,2499,2015-08-07,storemore.in,Self-Storage Spaces,,Noida,Bedrock Ventures,Seed Funding,0.0,Seed Funding
2488,2500,2015-08-07,iorderfresh,Grocery retail Mobile app,,New Delhi,Best Foodworks,Seed Funding,0.0,Seed Funding
2489,2501,2015-08-10,mytaxiindia,Taxi Rental platform,,Gurgaon,"Nihon Kotsu,",Private Equity,4.7985,Private Equity
2490,2502,2015-08-10,esadar,ecommerce,,New Delhi,"Neha Vats, Gaurav Vats",Seed Funding,0.76776,Seed Funding
2491,2503,2015-08-10,actionable analytics,Machine Learning Platform,,New Delhi/ Houston,"B M Gupta, Vinod Singhal",Seed Funding,0.0,Seed Funding
2492,2504,2015-08-10,mypoolin,mobile social network,,New Delhi,QPrize from Qualcomm Ventures,Seed Funding,2.39925,Seed Funding
2493,2505,2015-08-10,nearbuy (previously groupon india),Hyper-Local Ecommerce,,New Delhi,Sequoia Capital,Private Equity,153.552,Private Equity
2494,2506,2015-08-10,inkmonk,Online printing marketplace,,Chennai,"Girish Mathrubootham, Phanindra Sama, Vikram Chachra, Others from LetsVenture",Seed Funding,2.39925,Seed Funding
2495,2507,2015-08-10,tonetag,mobile payment software platform,,Bangalore,Reliance Capital Venture,Private Equity,9.597,Private Equity
2496,2508,2015-08-10,grey orange,Automated Storage & Warehousing Solution,,Gurgaon,Tiger Global Management,Private Equity,287.91,Private Equity
2497,2509,2015-08-11,livspace,Home Design & D\\xc3\\xa9cor solutions,,Bangalore,"Helion Ventures, Jungle Ventures & Bessemer Venture Partners",Private Equity,76.776,Private Equity
2498,2510,2015-08-11,wow! momo,Quick Service Restaurant Chain,,Kolkata,Indian Angel Network,Seed Funding,15.3552,Seed Funding
2499,2511,2015-08-11,raincan,Subscription based Online Grocery platform,,Pune,Ajeet Khurana & Others,Seed Funding,0.9597,Seed Funding
2500,2512,2015-08-11,allygrow technologies,engineering services company,,Mumbai,Zodius Technology Fund,Private Equity,191.94,Private Equity
2501,2513,2015-08-11,infogain,Business and IT consulting,,New Delhi / US,ChrysCapital,Private Equity,604.611,Private Equity
2502,2514,2015-08-12,oneassist,Credit Card Fraud protection solutions,,Mumbai,"Sequoia Capital, Lightspeed Ventures",Private Equity,71.9775,Private Equity
2503,2515,2015-08-12,bigbasket,Online & mobile Grocery store,,Bangalore,Bessemer Venture Partners,Private Equity,479.85,Private Equity
2504,2516,2015-08-12,sheroes,Career Community for Women,,Noida,"Quintillion Media, 500 Startups",Seed Funding,7.38969,Seed Funding
2505,2517,2015-08-12,scripbox,Mutual Fund Investing platform,,Bangalore,"Accel Partners, Deep Kalra, Rajesh Magow, Mohit Gupta, Shamik Sharma",Private Equity,23.9925,Private Equity
2506,2518,2015-08-13,etaout,Ecommerce Marketing Software Platform,,Noida,"Amit Ranjan, Vijay Shekhar Sharma, Kunal Bahl, Girish Mathrubootham & Group of other Angel investors",Seed Funding,4.7985,Seed Funding
2507,2519,2015-08-13,ifmr holdings,Financial Inclusion platform,,Chennai,"Accion, LeapFrog Investments, Lok Capital",Private Equity,239.925,Private Equity
2508,2520,2015-08-13,massblurb,Digital Marketing automation solution,,Mumbai,"LetsVenture, Mumbai Angels",Seed Funding,0.0,Seed Funding
2509,2521,2015-08-13,agrostar,Mobile Commerce for Farmers,,Pune,IDG Ventures,Private Equity,38.388,Private Equity
2510,2522,2015-08-14,voxweb,Picture based Social App,,Mumbai,Jitendra Gupta & others,Seed Funding,0.9597,Seed Funding
2511,2523,2015-08-14,trukky,Logistics service platform,,Ahmedabad,"Gujarat based angel investors, MMY co-Founder",Seed Funding,2.351265,Seed Funding
2512,2524,2015-08-14,vanitycube,On-Demand Beauty Services,,New Delhi,Group of angel investors,Seed Funding,0.0,Seed Funding
2513,2525,2015-08-17,edu4share,Exam Preparation Platform,,New Delhi,Nalin Jain & other angel investors,Seed Funding,2.11134,Seed Funding
2514,2526,2015-08-17,yourstory,Startup Focused Online Publisher,,Mumbai,"Ratan Tata, Vani Kola, T V Mohandas Pai, Karthee Madasamay",Seed Funding,0.0,Seed Funding
2515,2527,2015-08-17,sampurnearth,Waste Management Solutions,,Mumbai,"Intellecap Impact Investment Network, family office fund",Seed Funding,1.53552,Seed Funding
2516,2528,2015-08-17,orobind,App based Fitness coaching,,Bangalore,Existing & New Investors,Private Equity,0.0,Private Equity
2517,2529,2015-08-17,fixy,On demand cleaning & fixing services,,Mumbai,VentureNursery,Seed Funding,0.0,Seed Funding
2518,2530,2015-08-17,msm box,Beauty & Lifestyle platform,,New Delhi,Rohit Goel,Seed Funding,0.0,Seed Funding
2519,2531,2015-08-17,shadowfax,on-demand delivery service,,Gurgaon,"Kunal Bahl, Rohit Bansal, Zishaan Hayath, Prashant Malik",Seed Funding,2.97507,Seed Funding
2520,2532,2015-08-17,gadgets 360,Car & Bike ecommerce platform,,New Delhi,One97 Communications,Private Equity,0.0,Private Equity
2521,2533,2015-08-18,roposo,Fashion Discovery platform,,Gurgaon,Tiger Global,Private Equity,143.955,Private Equity
2522,2534,2015-08-18,intelligencenode,Data Analytics Platform,,Mumbai,"New Enterprise Associates, Orios Venture Partners",Private Equity,40.3074,Private Equity
2523,2535,2015-08-18,hyperverge,Deep Learning Cloud Algorithms,,Chennai,"NEA, Milliways Ventures, Naya Ventures",Seed Funding,9.597,Seed Funding
2524,2536,2015-08-18,twyst,Location based engagement & rewards platform,,Gurgaon,"Rohit Bhatia, Sunil Nikhar, Vaibhav Domkundwar, Siddharth Nautiyal",Seed Funding,0.0,Seed Funding
2525,2537,2015-08-18,idfy,Online Identity Verification Services platform,,Mumbai,"NEA, Blume Ventures & others",Private Equity,0.0,Private Equity
2526,2538,2015-08-18,zoojoo.be,Corporate Wellness App,,Bangalore,RoundGlass Partners,Private Equity,9.597,Private Equity
2527,2539,2015-08-19,fashionove,Fashion Search & Review Platform,,Kolkata,Umesh Yadav,Seed Funding,0.0,Seed Funding
2528,2540,2015-08-19,timesaverz,"Hyperlocal Maintenance, Repair & Cleaning services",,Mumbai,Unilazer Ventures,Private Equity,23.0328,Private Equity
2529,2541,2015-08-19,envoged,pre-owned Luxury online apparel seller,,Mumbai,"Manish Dhingra, Ankush Nijhawa, Gaurav Bhatnagar",Seed Funding,0.0,Seed Funding
2530,2542,2015-08-19,mebelkart,Online Furniture Marketplace,,Bangalore,AskMe,Private Equity,191.94,Private Equity
2531,2543,2015-08-20,labsadvisor,Online Diagnostic Tests Marketplace,,New Delhi,Group of Angel Investors,Seed Funding,1.497132,Seed Funding
2532,2544,2015-08-20,flatpebble,Online marketplace for Photographers,,Hyderabad,Indian Angel Network,Seed Funding,5.7582,Seed Funding
2533,2545,2015-08-20,bluegape.com,Visual Blogging platform,,New Delhi,"ah! Ventures, Times Internet, Rudy Gopalakrishnan",Seed Funding,5.7582,Seed Funding
2534,2546,2015-08-21,epoise,Job Search Platform,,Bangalore,"Orios Venture Partners, Amit Ranjan & others",Seed Funding,4.7985,Seed Funding
2535,2547,2015-08-24,jolly food fellow,Food Customer analytics platform,,Ahmedabad,The 1947,Seed Funding,2.8791,Seed Funding
2536,2548,2015-08-24,bookmein,Professional Service Appointment booking service,,Mumbai,Ajmera Group of Companies,Seed Funding,3.8388,Seed Funding
2537,2549,2015-08-24,izofy,Scientific Horoscope Online Assistance platform,,Kolkata,Prime Capital Markets Ltd,Seed Funding,0.0,Seed Funding
2538,2550,2015-08-24,rbus,Tech enabled AC bus service,,Mumbai,"India Quotient, Anupam Mittal & others",Seed Funding,0.0,Seed Funding
2539,2551,2015-08-25,qyk app,On-Demand App based Professional service provider,,Bangalore,"GrowX ventures, Tracxn Labs, Powai Lake Ventures, and Sahil Barua",Private Equity,9.597,Private Equity
2540,2552,2015-08-25,eazydiner,Restaurant Reservation Platform,,Gurgaon,"DSG Consumer Partners, Saama Capital",Private Equity,28.791,Private Equity
2541,2553,2015-08-25,revx,Cross-channel CRM platform,,Mumbai,"Norwest Venture Partners, Nexus Venture Partners, Helion Venture Partners, Draper Fisher Jurvetson, Peepul Capital",Private Equity,38.388,Private Equity
2542,2554,2015-08-25,icustommadeit,Professional Custom creators Marketplace,,Pune,Group of Angel Investors,Seed Funding,2.39925,Seed Funding
2543,2555,2015-08-26,pickmylaundry,on-Demand Washing & Dry-Cleaning,,New Delhi,GHV Accelerator,Seed Funding,0.9597,Seed Funding
2544,2556,2015-08-26,belita,On-Demand Beauty Service,,Mumbai,"India Quotient, LetsVenture investors, Lead Angels",Seed Funding,3.8388,Seed Funding
2545,2557,2015-08-26,ezysolare,solar products and services marketplace,,Ahmedabad,Infuse Ventures,Seed Funding,0.0,Seed Funding
2546,2558,2015-08-26,foodtalkindia,Online Food Community Platform,,Gurgaon,Undisclosed Investor,Seed Funding,4.7985,Seed Funding
2547,2559,2015-08-27,instasafe,Private Cloud Networks SAAS platform,,Bangalore,Group of Investors,Seed Funding,0.0,Seed Funding
2548,2560,2015-08-27,eazy coach,Education Marketplace,,Kolkata,Ravi Agarwal,Seed Funding,0.0,Seed Funding
2549,2561,2015-08-27,djubo.com,Cloud Based Hotel Sales Platform,,New Delhi,Ibibo Group,Private Equity,0.0,Private Equity
2550,2562,2015-08-28,betterbutter.in,online recipe sharing platform,,New Delhi,"Growx Ventures, Manish Singhal",Seed Funding,0.0,Seed Funding
2551,2563,2015-08-28,vyomo,Beauty & Lifestyle Mobile Marketplace,,Bangalore,Rocket Internet,Private Equity,19.194,Private Equity
2552,2564,2015-08-28,rollmafia,QSR Restaurant Chain,,Pune,Equentia Natural Resources,Seed Funding,1.53552,Seed Funding
2553,2565,2015-08-29,iamwire,Digital Media publishing platform,,Gurgaon,"Li Tao, Li Jian, Draphant Consultants, Nitin Garg, Saurabh Jain, Mohit Agarwal",Seed Funding,0.0,Seed Funding
2554,2566,2015-08-31,dropkaffe,Online Coffee Delivery platform,,Bangalore,"Manish Singhal, P39 Capital & Others",Seed Funding,2.8791,Seed Funding
2555,2567,2015-08-31,reverie,Language Localization Cloud platform,,Bangalore,"Aspada Investment Advisors, Qualcomm Ventures",Private Equity,38.388,Private Equity
2556,2568,2015-08-31,infinite analytics,Big Data & predictive Analysis Platform,,Mumbai,"Ratan Tata, Nikhil Vora & others",Private Equity,0.0,Private Equity
2557,2569,2015-07-01,parcelled,Online Logistics Platform,,Bangalore,"Delhivery, Tracxn Labs",Seed Funding,0.0,Seed Funding
2558,2570,2015-07-01,retigence technologies,Business IT Intelligence Services,,Mumbai,Omnivore Partners,Private Equity,0.0,Private Equity
2559,2571,2015-07-01,cloudcherry analytics,CRM / Analytics platform,,Chennai,"The Chennai Angels, IDG Ventures India",Seed Funding,9.597,Seed Funding
2560,2573,2015-07-01,idreamcareer,Ed-Tech Platform,,New Delhi,"ah! Ventures, Vivek Joshi, Mohit Satyanand & others",Seed Funding,0.0,Seed Funding
2561,2574,2015-07-01,ola cabs,Cab rental Mobile app,,Bangalore,Ratan Tata,Private Equity,0.0,Private Equity
2562,2575,2015-07-01,nxtgen,IT infrastructure & Data Center services,,Bangalore,"IFC, Axon Partners, Intel Capital",Private Equity,129.5595,Private Equity
2563,2576,2015-07-02,bankbazaar,Online Financial Services,,Chennai,"Amazon, Fidelity Growth Partners, Mousse Partners",Private Equity,575.82,Private Equity
2564,2577,2015-07-02,gozoomo,Used Car Marketplace,,Bangalore,SAIF Partners,Private Equity,47.985,Private Equity
2565,2578,2015-07-02,zenatix,Internet of Things platform,,Gurgaon,"Rajan Anandan, Kunal Bahl, Rohit Bansal, Rahul Khanna",Seed Funding,1.545117,Seed Funding
2566,2579,2015-07-03,culturealley,Language Learning App,,Jaipur,Tiger Global,Private Equity,62.3805,Private Equity
2567,2580,2015-07-03,goqii,Mobile Fitness Marketplace,,Mumbai,Vijay Shekhar Sharma,Private Equity,0.0,Private Equity
2568,2581,2015-07-03,gingercrush,Custom Merchandize platform,,Ahmedabad,"Gokul Jaykrishna, Brand Capital",Seed Funding,9.597,Seed Funding
2569,2582,2015-07-04,elanic,P2P Pre-owned goods marketplace,,Bangalore,"Rebright Partners, Tracxn Labs, Aneesh Reddy",Seed Funding,0.0,Seed Funding
2570,2583,2015-07-04,stitchwood,Custom Furniture Marketplace,,Mumbai,"Powai Lake Ventures, Ajeet Khurana & others",Seed Funding,3.790815,Seed Funding
2571,2584,2015-07-05,urban tailor,Online Tailoring Services,,Bangalore,Group of angel investors,Seed Funding,0.0,Seed Funding
2572,2585,2015-07-06,confirmttkt,Rail Ticket Confirmation predictor,,Bangalore,Pravin Agarwala & others,Seed Funding,0.0,Seed Funding
2573,2586,2015-07-06,paper boat,Ethnic Beverages manufacturer,,Gurgaon,"Sofina, Hillhouse Capital",Private Equity,287.91,Private Equity
2574,2587,2015-07-06,getnow,Hyperlocal Goods marketplace,,Nagpur,Atulya Mittal,Seed Funding,0.0,Seed Funding
2575,2588,2015-07-07,wudstay,Budget Accommodation aggregator,,Gurgaon,"Mangroves Capital Partners, Vikas Saxena",Private Equity,28.791,Private Equity
2576,2589,2015-07-07,liases foras,Real Estate Rating & Analysis,,New Delhi,DMG information Asia Pacific,Private Equity,47.985,Private Equity
2577,2590,2015-07-07,eatlo,Food Delivery platform,,Bangalore,"Powai Lake Ventures, Globeinvestor, Abhishekh Goyal",Seed Funding,0.0,Seed Funding
2578,2591,2015-07-07,indialends,Financial Tech,,New Delhi,"DSG Consumer Partners, Siddharth Parekh",Private Equity,0.0,Private Equity
2579,2592,2015-07-08,quinto,Food Discovery App,,Pune,Jaydeep Barman,Seed Funding,0.0,Seed Funding
2580,2593,2015-07-08,saavn,Music Streaming App,,Mumbai,"Tiger Global Management, Bertelsmann India, Steadview Capital, Liberty Media, Mousse Partners, Quilvest",Private Equity,959.7,Private Equity
2581,2594,2015-07-08,flytxt,Big Data & Analytics platform,,Mumbai / Global,"Sunrise Capital GmBH, Big Data Investments B.V",Private Equity,105.567,Private Equity
2582,2595,2015-07-08,axtria,Big Data & Analytics platform,,India / US,"Helion Venture Partners,Amarpreet Sawhney, Deshpande Foundation, Fred Khosravi, Richard S. Braddock",Private Equity,287.91,Private Equity
2583,2596,2015-07-08,33coupons,Coupon Aggregator Platform,,Kanpur,Not Disclosed,Seed Funding,0.19194,Seed Funding
2584,2597,2015-07-08,ampere,Electric Scooter manufacturer,,Coimbatore,Ratan Tata,Seed Funding,0.0,Seed Funding
2585,2598,2015-07-08,hopping chef,Online Food-Tech Platform,,Mumbai,Mirah Hospitality,Seed Funding,4.51059,Seed Funding
2586,2599,2015-07-08,collectabillia,Celebrity Fashion Brand,,Bangalore,Accel Partners,Private Equity,71.9775,Private Equity
2587,2600,2015-07-08,lendingkart,Online Finance lending platform,,Ahmedabad,"Saama Capital, Mayfield, Ashvin Chadha, Shailesh Mehta",Private Equity,95.97,Private Equity
2588,2601,2015-07-08,lybrate,Healthcare Mobile App,,New Delhi,"Tiger Global Management, Ratan Tata, Nexus Venture Partners",Private Equity,97.8894,Private Equity
2589,2602,2015-07-08,zoomcar,Self-driven vehicle rental,,Bangalore,"Sequoia Capital, Empire Angels, NGP",Private Equity,105.567,Private Equity
2590,2603,2015-07-09,news in shorts,News Aggregator mobile app,,Noida,Tiger Global,Private Equity,19385.94,Private Equity
2591,2604,2015-07-09,bluestone,Online Jewellery Store,,Bangalore,"IvyCap Ventures, Accel Partners, Dragoneer Investment Group",Private Equity,19349.4714,Private Equity
2592,2605,2015-07-09,shopsity,Fashion Info Aggregator App,,Gurgaon," Sandeep Aggarwal, Teruhide Sato",Seed Funding,0.00019194,Seed Funding
2593,2606,2015-07-09,notesgen,Online Study Notes Marketplace,,New Delhi,"Rajeev Saraf, Arvind Jha, R. Satya Narayanan",Seed Funding,0.00019194,Seed Funding
2594,2608,2015-07-10,footprints education,Pre-School Chain,,Gurgaon,"LetsVenture, Kumar Bansal, Kshitij Jain",Seed Funding,198.513945,Seed Funding
2595,2609,2015-07-10,loylty rewards,Premium Loyalty Rewards Point Management,,Mumbai,IndianIdeas.com,Private Equity,19379.70195,Private Equity
2596,2610,2015-07-13,ameyo,Contact Center Software Platform,,Gurgaon,Forum Synergies PE Fund,Private Equity,1967.385,Private Equity
2597,2611,2015-07-13,mamagoto,Casual Dining restaurant Chain,,New Delhi,Goldman Sachs,Private Equity,19289.97,Private Equity
2598,2612,2015-07-13,satvacart,Online Grocery Delivery,,Gurgaon,Palaash Ventures,Seed Funding,0.00019194,Seed Funding
2599,2613,2015-07-14,mysmartprice,Online comparison engine,,Hyderabad,"Accel Partners, Helion Venture Partners",Private Equity,95.97,Private Equity
2600,2614,2015-07-14,zenify,Residential Rental management platform,,Bangalore,Atul Jalan,Seed Funding,0.00019194,Seed Funding
2601,2615,2015-07-14,boxmyspace,Physical Storage warehouses,,Mumbai,"Ritesh Veera, Singapore Angel Network, Orios Venture Partners,",Seed Funding,2.8791,Seed Funding
2602,2616,2015-07-14,hackerrank,Tech Recruitment platform,,Bangalore,HR Technology fund,Private Equity,71.9775,Private Equity
2603,2617,2015-07-14,wickedride,Bike Rental Platform,,Bangalore,Undisclosed,Seed Funding,7.58163,Seed Funding
2604,2618,2015-07-14,wowexpress,Tech enabled logistics platform,,Mumbai,Tamarind Family Private Trust,Seed Funding,4.7985,Seed Funding
2605,2619,2015-07-15,oyo rooms,Budget Hotel Accommodation,,Gurgaon,"Softbank, Sequoia Capital",Private Equity,959.7,Private Equity
2606,2620,2015-07-15,mobikon,Restaurant customer engagement platform,,Pune,Jungle Ventures,Private Equity,22.0731,Private Equity
2607,2621,2015-07-15,instalively.com,Live video streaming app,,New Delhi,"Anupam Mittal, Anand Chandrasekaran, Uday Shankar, Chetan Bhagat",Seed Funding,0.0,Seed Funding
2608,2622,2015-07-15,roadrunnr,Hyper local logistics platform,,Bangalore,"Sequoia Capital, Nexus Venture Partners, Blume Ventures",Private Equity,105.567,Private Equity
2609,2623,2015-07-16,ketto,Crowd Funding Platform,,Mumbai,"Pradyumna Dalmia, Sudhir Rao & Others",Seed Funding,6.7179,Seed Funding
2610,2624,2015-07-17,quikwallet,F&B sector Mobile Payment platform,,Mumbai,Snow Leopard Technology Ventures,Private Equity,15.3552,Private Equity
2611,2625,2015-07-17,omnikart,Industrial Supplies B2B ecommerce,,Mumbai,"Sumit Gandhi, Manish Gandhi",Seed Funding,0.9597,Seed Funding
2612,2626,2015-07-20,zo rooms,Online budget hotel chain,,New Delhi,"Tiger Global, Orios Venture Partners.",Private Equity,143.955,Private Equity
2613,2627,2015-07-20,innoviti,Payment Solutions platform,,Bangalore,"Catamaran Ventures, New India Investment Corporation",Private Equity,46.54545,Private Equity
2614,2628,2015-07-21,zenradius,Online Hiring Platform,,Bangalore,"Tracxn Labs, Deepak Singh",Seed Funding,0.0,Seed Funding
2615,2629,2015-07-21,joy by nature,Organic Food ecommerce,,New Delhi,"Mumbai Angels, Vriddhi Fund, Others",Private Equity,9.597,Private Equity
2616,2630,2015-07-22,iqlect,Big Data & Analytics platform,,Bangalore,Exfinity Venture Partners,Private Equity,19.194,Private Equity
2617,2631,2015-07-22,degustibus,Fine Dining Restaurant Chain,,Mumbai,India Value Fund Advisors,Private Equity,287.91,Private Equity
2618,2632,2015-07-23,nestaway,Luxury Rental Homes,,Bangalore,"Flipkart, Tiger Global",Private Equity,122.36175,Private Equity
2619,2634,2015-07-23,myonsto,Online Grocers,,Ahmedabad,Jayant Bokadia,Seed Funding,3.07104,Seed Funding
2620,2635,2015-07-23,icrushiflush,Casual Dating App,,Mumbai,IDG Ventures India,Seed Funding,0.0,Seed Funding
2621,2636,2015-07-23,medgenome,Clinical Genomics Provider,,Bangalore,Sequoia Capital,Private Equity,191.94,Private Equity
2622,2637,2015-07-23,holidayiq,Travel information portal,,Bangalore,MakeMyTrip,Private Equity,143.955,Private Equity
2623,2638,2015-07-23,fitternity,Fitness Marketplace,,Mumbai,Exfinity Venture Partners,Private Equity,9.597,Private Equity
2624,2639,2015-07-23,quikr,Online & Mobile classified listings,,Mumbai,"AB Kinnevik, Falcon Edge Capital, Coatue Management",Private Equity,575.82,Private Equity
2625,2640,2015-07-23,jetsetgo,Private Jet/ Helicopter Marketplace,,New Delhi,YourWeCan Ventures,Seed Funding,0.0,Seed Funding
2626,2641,2015-07-24,broex,Real Estate Broker network App,,Gurgaon,Lightspeed India,Private Equity,9.597,Private Equity
2627,2642,2015-07-25,shopatplaces,Ethnic/ Traditional Fashion Store,,New Delhi,Indian Angel Network,Seed Funding,0.0,Seed Funding
2628,2643,2015-07-25,credr,Used Bikes Marketplace,,Mumbai,Fidelity Growth Partners,Private Equity,143.955,Private Equity
2629,2644,2015-07-27,managemyspa,Spa & Salon Management Software,,Hyderabad,Accel Partners,Private Equity,57.582,Private Equity
2630,2645,2015-07-27,townrush,B2B logistics delivery platform,,Bangalore,Lightspeed Venture Partners,Seed Funding,0.0,Seed Funding
2631,2646,2015-07-27,locus,Logistics Automation Platform,,Bangalore,"growX ventures, Manish Singhal",Seed Funding,0.0,Seed Funding
2632,2647,2015-07-27,bevy,Online Hiring Platform,,Bangalore,Varun Agarwal & Others,Seed Funding,0.0,Seed Funding
2633,2648,2015-07-28,pepperfry,Online home d\\xc3\\xa9cor marketplace,,Mumbai,"Goldman Sachs, Zodius Technology Fund, Bertelsmann India Investments Norwest Venture Partners.",Private Equity,959.7,Private Equity
2634,2649,2015-07-28,flipkart.com,Online Marketplace,,Bangalore,Steadview Capital and existing investors,Private Equity,6717.9,Private Equity
2635,2650,2015-07-28,opinio,Hyperlocal food & grocery store,,Bangalore,"Accel Partners, Traxcn Labs & Others",Seed Funding,12.4761,Seed Funding
2636,2651,2015-07-28,zoctr,Health-Tech platform,,Mumbai,"Sandeep Parwal, Krishan Gupta & Others",Seed Funding,9.597,Seed Funding
2637,2652,2015-07-29,zimmber,Hyperlocal Handyman Services,,Mumbai,"IDG Ventures India, Omidyar Network, Sherpalo Ventures, Mohandas Pai",Private Equity,19.194,Private Equity
2638,2653,2015-07-29,truehb,Medical Tech Instruments,,New Delhi,"Sachin and Binny Bansal, Malvinder and Shivinder Singh, Gurpreet Singh & others",Seed Funding,23.0328,Seed Funding
2639,2654,2015-07-29,zovi.com / little app,Hyperlocal Deals Marketplace,,Bangalore,"Paytm, SAIF Partners, Tiger Global Management & others",Private Equity,479.85,Private Equity
2640,2655,2015-07-29,swajal,Innovative Water Solutions,,Gurgaon,Abhishek Gupta,Private Equity,11.5164,Private Equity
2641,2656,2015-07-30,pipa bella,Online Jewelry Store,,Mumbai,LionRock Capital,Private Equity,5.7582,Private Equity
2642,2657,2015-07-30,pragmatix,Business intelligence & Analytics,,Mumbai,SIDBI Venture Capital Ltd,Private Equity,23.0328,Private Equity
2643,2658,2015-07-30,droom.in,Used Vehicle Marketplace,,New Delhi,"Lightbox Ventures, Beenos",Private Equity,153.552,Private Equity
2644,2659,2015-07-30,madrat games,Educational Board Games,,Bangalore,"Kunal Bahl, Rohit Bansal",Seed Funding,1.612296,Seed Funding
2645,2660,2015-07-30,noodle play,Chinese food delivery,,Mumbai,"Elliot Stechman, Gautam Sinha, Ambarish Ray",Seed Funding,1.612296,Seed Funding
2646,2661,2015-07-30,wassup,On-Demand Laundry & Dry cleaning App,,Chennai,B S Nagesh,Private Equity,0.0,Private Equity
2647,2662,2015-07-30,cartisan,On-Demand Car services App,,Bangalore,"YouWeCan Ventures, Aprameya Radhakrishna",Seed Funding,0.0,Seed Funding
2648,2663,2015-07-31,lazylad,Hyperlocal Grocery App,,Gurgaon,"Jai Choi, Kiyohiro Sugashita, Hirokazu",Private Equity,4.7985,Private Equity
2649,2664,2015-07-31,tripfactory,Online Curated Holiday package bookings,,Bangalore,"Aarin Capital Partners,",Private Equity,0.0,Private Equity
2650,2665,2015-07-31,prothom,Hasbro Toy Manufacturer,,Pune,Oliphabs Capital,Private Equity,19.194,Private Equity
2651,2666,2015-07-31,bona vita,Travel Tech,,Gurgaon,MakeMyTrip,Private Equity,47.985,Private Equity
2652,2667,2015-06-01,vyomo,Beauty and Wellness Platform,,New Delhi,Aprameya Radhakrishna,Seed Funding,0.0,Seed Funding
2653,2668,2015-06-01,veeba foods,Healthy Food Manufacturer,,New Delhi,"DSG Consumer Partners, Saama Capital.",Private Equity,57.582,Private Equity
2654,2669,2015-06-01,truebil,Used Car Marketplace,,Mumbai,"Kae Capital, Anupam Mittal",Seed Funding,4.7985,Seed Funding
2655,2670,2015-06-01,meritnation,Online Learning Platform,,New Delhi,InfoEdge,Private Equity,38.388,Private Equity
2656,2671,2015-06-01,eattreatonline,Healthy Food Online Community,,New Delhi,Group of 15 Angel Investors,Seed Funding,3.35895,Seed Funding
2657,2672,2015-06-01,credr,Used two-wheeler Marketplace,,Mumbai,GrowthStory,Seed Funding,0.0,Seed Funding
2658,2673,2015-06-01,glamrs,Online Fashion Video Portal,,Mumbai,"Ventureworks India, Blume Ventures, Batlivala & Karani Securities, Nikunj Jhaveri",Private Equity,9.597,Private Equity
2659,2674,2015-06-01,proviera,Probiotic Technology Products Manufacturer,,Chennai,Infuse Ventures,Private Equity,5.27835,Private Equity
2660,2675,2015-06-01,arth designbuild,Architectural Design & Consulting,,Hyderabad,Srinivas Tirupati,Seed Funding,4.7985,Seed Funding
2661,2676,2015-06-02,saama,Big Data & Analytics Services,,Pune / US,Carrick Capital Partners,Private Equity,335.895,Private Equity
2662,2677,2015-06-02,allizhealth,Preventive Healthcare Services,,Pune,Mumbai Angels & Other angel investors,Seed Funding,3.35895,Seed Funding
2663,2678,2015-06-02,karma healthcare,Tech-enabled Rural Healthcare Services,,Udaipur,Ennovent Impact Investment Holding,Private Equity,0.0,Private Equity
2664,2679,2015-06-03,entropy innovations,Engineering Innovations,,Mumbai,Mark Mobius & 9 Other Angel investors,Seed Funding,0.0,Seed Funding
2665,2680,2015-06-03,propstack,Real Estate Intelligence Platform,,Mumbai,DMG Information,Private Equity,28.791,Private Equity
2666,2681,2015-06-03,mytaxiindia,Online Car Rental Affiliates,,New Delhi,Green House Ventures,Seed Funding,0.9597,Seed Funding
2667,2682,2015-06-03,arkin net,Data Center Software platform,,Pune / US,Nexus Venture Partners,Private Equity,143.955,Private Equity
2668,2683,2015-06-03,little black book delhi,Online City & Lifestyle Guide,,New Delhi,"Rajan Anandan, Niraj Singh, Sachin Bhatia, Singapore Angel Network & Aseem Vadehra",Seed Funding,1.43955,Seed Funding
2669,2684,2015-06-03,mypoolin,P2P Payments platform,,New Delhi,"Sharad Sharma, Rajan Anandan, Sunil Kalra, Amit Ranjan, Rohan Malhotra, Arjun Malhotra, Gautam Gandhi",Seed Funding,0.0,Seed Funding
2670,2685,2015-06-03,icustomadeit,Bespoke Merchandize Marketplace,,Pune,"Virendra Shahney, Dr Paresh Doshi",Seed Funding,2.39925,Seed Funding
2671,2686,2015-06-03,kaaryah,Women Lifestyle Marketplace,,Gurgaon,Ratan Tata,Seed Funding,0.0,Seed Funding
2672,2687,2015-06-04,ecom express,Logistics Solution Provider,,New Delhi,Warburg Pincus,Private Equity,1314.789,Private Equity
2673,2688,2015-06-04,vidooly,Video Intelligence Platform,,Noida,Bessemer Venture Partners,Private Equity,9.597,Private Equity
2674,2689,2015-06-04,zopper,Hyperlocal Shopping App,,Mumbai,"Tiger Global, Nirvana Ventures Advisors",Private Equity,191.94,Private Equity
2675,2690,2015-06-04,flipkart,eCommerce platform,,Bangalore,Morgan Stanley,Private Equity,479.85,Private Equity
2676,2691,2015-06-05,kwatt solutions,Renewable energy solutions,,Mumbai,Undisclosed,Seed Funding,4.7985,Seed Funding
2677,2692,2015-06-05,medwell ventures,Healthcare\\nService provider,,Bangalore,"Fidelity Growth Partners, Fidelity Biosciences",Private Equity,95.97,Private Equity
2678,2693,2015-06-05,jugnoo,Auto Rickshaw Based Services,,Chandigarh,"Snow Leopard, Paytm",Private Equity,47.985,Private Equity
2679,2694,2015-06-08,postergully,Artist / Designer Marketplace,,New Delhi,"Natarajan Iyer,Rajesh Sawhney, & other Angel investors.",Seed Funding,0.0,Seed Funding
2680,2695,2015-06-08,applied solar technologies,Off-grid Solar Power,,Mumbai,"Future Fund,Bessemer Venture, Capricorn Investment and IFC",Private Equity,383.88,Private Equity
2681,2696,2015-06-09,clovia,Private Label lingerie Ecommerce,,New Delhi,IvyCap Ventures,Private Equity,47.985,Private Equity
2682,2697,2015-06-09,swiggy,Online Food Ordering,,Bangalore,"Norwest Venture Partners, SAIF Partners, Accel Partners",Private Equity,158.3505,Private Equity
2683,2698,2015-06-09,paymango,Mobile Commerce Platform,,Gurgaon,Group of Angel Investors,Seed Funding,2.245698,Seed Funding
2684,2699,2015-06-09,printland,Online Printing Services,,New Delhi,SIDBI Venture Capital Ltd,Private Equity,0.0,Private Equity
2685,2700,2015-06-09,teritree,Digital Marketing Services,,Bangalore,KCL,Seed Funding,1.34358,Seed Funding
2686,2701,2015-06-10,guiddoo,Travel Guide Mobile App,,Mumbai,"Pawan Borle, SVP Fly Dubai & Others",Seed Funding,0.0,Seed Funding
2687,2702,2015-06-10,voonik,Fashion Ecommerce store,,Bangalore,"Sequoia Capital, Seedfund",Private Equity,47.985,Private Equity
2688,2703,2015-06-11,adstringo,Mobile Compression Software,,Mumbai,"Arihant Patni, Vishal Khare, Viswanath Ramachandran",Seed Funding,3.35895,Seed Funding
2689,2704,2015-06-11,faircent.com,Peer to Peer Lending platform,,Gurgaon,M&S Partners Pte. Ltd,Seed Funding,2.39925,Seed Funding
2690,2705,2015-06-12,la renon,Global Healthcare products,,Ahmedabad,Sequoia Capital,Private Equity,153.552,Private Equity
2691,2706,2015-06-15,homelane,Home Furnishing Solutions,,Bangalore,Sequoia Capital,Private Equity,479.85,Private Equity
2692,2707,2015-06-15,istar,Skill Training & Placement Platform,,Bangalore,Unitus Seed Fund,Private Equity,0.0,Private Equity
2693,2708,2015-06-15,shippr,Intra-City Logistics service,,Bangalore,i2india Pvt Ltd,Seed Funding,4.7985,Seed Funding
2694,2709,2015-06-16,foodabhi,online tiffin service aggregator,,Mumbai,Group of angel investors,Seed Funding,0.0,Seed Funding
2695,2710,2015-06-16,karma recycling,Electronic Goods recycling service,,Delhi,"Infuse Ventures, Low Carbon Enterprise Fund",Private Equity,0.0,Private Equity
2696,2711,2015-06-16,couponraja,Online Coupon & comparison platform,,Mumbai,"Mahesh Pratapneni, Pallab Chatterjee & others",Seed Funding,4.7985,Seed Funding
2697,2712,2015-06-17,babychakra,Parents & Kids Online platform,,Mumbai,"Mumbai Angels, Patni Family Office, Singapore Angel Network, Karan Maheshwari, Jatin Aneja, Kishor Ganji, Roopa Nath",Seed Funding,0.0,Seed Funding
2698,2713,2015-06-17,jiffstore,Online Grocery platform,,Bangalore,"Unitus Seed Fund, Times Internet",Seed Funding,0.0,Seed Funding
2699,2714,2015-06-17,mydentist,Dental Clinic chain,,Mumbai,"LGT Group, Asian Healthcare fund, Seedfund",Private Equity,78.6954,Private Equity
2700,2715,2015-06-18,moovo,On-Demand Logistics Service,,New Delhi,YouWeCan Ventures,Seed Funding,0.0,Seed Funding
2701,2716,2015-06-18,fracktal works,3D Printer Manufacturer,,Bangalore,Neoteric Infomatique Limited,Private Equity,28.791,Private Equity
2702,2717,2015-06-18,hansa customer equity,IT / Customer Engagement Consulting,,Mumbai,ASK Pravi,Private Equity,47.985,Private Equity
2703,2718,2015-06-18,healthifyme,Health & Fitness App,,Bangalore,"Gopal Srinivasan, Sashi Reddy, Amit Gupta, Pallav Nadhani",Private Equity,0.0,Private Equity
2704,2719,2015-06-18,cakart.in,Online Education Marketplace,,Bangalore,Sunil Maheshwari & group of investors,Seed Funding,0.0,Seed Funding
2705,2720,2015-06-19,housejoy,Home services marketplace,,Bangalore,Matrix Partners,Private Equity,38.388,Private Equity
2706,2721,2015-06-19,fundsindia.com,Financial Services Platform,,Chennai,"Faering Capital, Foundation Capital, Inventus Capital Partners",Private Equity,105.567,Private Equity
2707,2722,2015-06-20,cupick,Social Network for Artists,,Bangalore,Group of Angel Investors from US/India,Seed Funding,1.15164,Seed Funding
2708,2723,2015-06-20,tracxn,Startup funding platform,,Bangalore,"Sachin Bansal, Bunny Bansal & other investors",Private Equity,95.97,Private Equity
2709,2724,2015-06-21,holachef,Food Delivery Platform,,Mumbai,"Kalaari Capital, India Quotient",Private Equity,29.7507,Private Equity
2710,2725,2015-06-22,elong,Data Driven recruitment recommendation,,Bangalore,"Kunal Bahl, Rohit Bansal, Blume Ventures, Phanindra Sama, Raju Reddy",Private Equity,47.985,Private Equity
2711,2726,2015-06-22,ixigo,Travel Search Engine,,Gurgaon,Micromax Informatics,Private Equity,0.0,Private Equity
2712,2727,2015-06-22,skillangels,Brain Games Platform,,Chennai,Sprout Angels LLP,Seed Funding,0.0,Seed Funding
2713,2728,2015-06-22,vidgyor,Video Advertisement Platform,,Bangalore,AngelPrime,Seed Funding,4.7985,Seed Funding
2714,2729,2015-06-22,banihal,Algorithmic Match Making Platform,,New Delhi / California,Dr David Cheriton,Seed Funding,0.0,Seed Funding
2715,2730,2015-06-23,goodservice,Mobile Chat based concierge service,,New Delhi,Sequoia Capital,Private Equity,15.3552,Private Equity
2716,2731,2015-06-23,treebo,Online Budget Hotel Booking Service,,Bangalore,"Matrix Partners India, SAIF Partners",Private Equity,57.582,Private Equity
2717,2732,2015-06-23,edukart,Online education marketplace,,New Delhi,"Holostik Group, YouWeCan Ventures, 500 Startups, Vijay Shekhar Sharma, Manish Kheterpal, Amit Patni",Private Equity,9.597,Private Equity
2718,2733,2015-06-23,healthians.com,Preventive healthcare services,,Hyderabad,YouWeCan Ventures,Seed Funding,0.0,Seed Funding
2719,2734,2015-06-24,labinapp,Science Learning App,,Bangalore,Unitus Seed Fund,Seed Funding,0.0,Seed Funding
2720,2735,2015-06-24,syona cosmetics,Beauty and Wellness platform,,Chennai,Chennai Angels,Seed Funding,0.0,Seed Funding
2721,2736,2015-06-24,sigrid education,Online Education Platform,,Noida,Oliphans Capital,Seed Funding,0.0,Seed Funding
2722,2738,2015-06-24,the porter,Logistics Tech,,Mumbai,"Sequoia Capital, Kae Capital, Anupam Mittal, Sandeep Tandon",Private Equity,52.7835,Private Equity
2723,2739,2015-06-24,retention.ai,App Analytics platform,,Bangalore,"Mercury Fund, Anshu Sharma, Pratyush Prasanna, Robert Winters & others",Seed Funding,4.7985,Seed Funding
2724,2740,2015-06-25,fusion microfinance,Micro Finance Platform,,New Delhi,"Development finance institution Belgian Investment Company, Oikocredit",Private Equity,82.5342,Private Equity
2725,2741,2015-06-25,zinka,Freight logistics platform,,Bangalore,"Accel Partners, Flipkart",Private Equity,57.582,Private Equity
2726,2742,2015-06-26,creditmantri,Credit Management Services,,Chennai,"IDG Ventures India, Elevar Equity, Accion Venture Lab",Private Equity,23.9925,Private Equity
2727,2743,2015-06-26,getmypeon,Hyperlocal Handyman Services,,Mumbai,Undisclosed investors,Seed Funding,2.39925,Seed Funding
2728,2744,2015-06-29,urbanclap,Hyperlocal services marketplace,,New Delhi,"SAIF Partners, Accel Partners",Private Equity,95.97,Private Equity
2729,2745,2015-06-29,stayglad,Beauty services Mobile Marketplace,,Bangalore,"Tracxn Labs, Sahil Barua",Seed Funding,0.0,Seed Funding
2730,2746,2015-06-29,adwyze,Marketing / Advertising Automation platform,,Bangalore,Mape Advisory,Seed Funding,9.597,Seed Funding
2731,2747,2015-06-29,zimmber,Hyperlocal Handyman Services,,Mumbai,"Naveen Tiwari, Mohit Saxena, Amit Gupta, Piyush Shah, Manish Dugar",Seed Funding,3.8388,Seed Funding
2732,2748,2015-06-30,buttercups,Online Lingerie platform,,Bangalore,"Kanwaljit Singh, Angie Mahtaney, Manoj Varghese",Seed Funding,0.0,Seed Funding
2733,2749,2015-06-30,railyatri,Railways Information Mobile app,,Bangalore,"Helion Ventures, Omidiyar Network, Blume Ventures and Ujama",Private Equity,0.0,Private Equity
2734,2750,2015-06-30,aagaar.com,Hyperlocal grocery delivery,,Gurgaon,Group of Investors,Seed Funding,0.0,Seed Funding
2735,2751,2015-06-30,flatchat,Flat rental Mobile App,,Bangalore,Commonfloor,Private Equity,23.9925,Private Equity
2736,2752,2015-06-30,mycfo,Wealth Management Platform,,Mumbai,Sameer Koticha,Private Equity,14.3955,Private Equity
2737,2753,2015-05-01,foodpanda,Online Food Delivery,,Gurgaon,"Goldman Sachs, Rocket Internet",Private Equity,959.7,Private Equity
2738,2754,2015-05-01,termsheet,Fund Raising Platform,,Chennai,"Anand Vijay, Nipun Dureja, Satyajit Heeralal, Keith Rodricks, Gaurav Lochan, Azmul Haque, Nikhil Bagri",Seed Funding,0.9597,Seed Funding
2739,2755,2015-05-04,applicate,Workforce Management Software,,Bangalore,"Rishi Vasudev, Amit Gupta, Rajiv Nayan",Seed Funding,5.27835,Seed Funding
2740,2756,2015-05-04,world art community,Online Art Marketplace,,Gurgaon,Viraj Tyagi & others,Seed Funding,1.9194,Seed Funding
2741,2757,2015-05-04,spoonjoy,Online Food Delivery,,Bangalore,SAIF Partners,Seed Funding,9.597,Seed Funding
2742,2758,2015-05-05,seed schools,Affordable Education,,Hyderabad,Acumen Fund,Seed Funding,6.23805,Seed Funding
2743,2759,2015-05-05,ignis careers,Career Development,,Hyderabad,Acumen Fund,Seed Funding,2.39925,Seed Funding
2744,2760,2015-05-05,square yards,Real Estate Advisory,,Gurgaon,Undisclosed Investors,Private Equity,57.582,Private Equity
2745,2761,2015-05-05,fintellix,Banking Analytics Platform,,Bangalore,"IDG Ventures, Sequoia Capital",Private Equity,143.955,Private Equity
2746,2762,2015-05-05,customer360,Customer Engagement Platform,,Mumbai,Vishwas Patel,Seed Funding,0.0,Seed Funding
2747,2763,2015-05-06,delhivery,Ecommerce Logistics,,Gurgaon,"Tiger Global Management, Multiples Alternate Asset Management, Nexus Venture Partners, Times Internet",Private Equity,815.745,Private Equity
2748,2764,2015-05-06,swiggy,Online Food Delivery,,Bangalore,Norwest Venture Partners,Private Equity,143.955,Private Equity
2749,2765,2015-05-07,uniphore,Speech Recognition Solutions,,Chennai,"IDG Ventures, Kris Gopalakrishnan",Private Equity,0.0,Private Equity
2750,2766,2015-05-07,box8,Online Food Delivery,,Mumbai,Mayfield Ventures,Private Equity,33.5895,Private Equity
2751,2767,2015-05-07,toppr,Online Education Platform,,Mumbai,"Fidelity Growth Partners India, SAIF Partners, Helion Ventures",Private Equity,95.97,Private Equity
2752,2768,2015-05-07,vedantu,Online Education Platform,,Bangalore,"Accel Partners, Tiger Global Management",Private Equity,47.985,Private Equity
2753,2769,2015-05-08,buyhatke,Online Product Comparison,,Bangalore,"S.Gopalakrishnan, Beenos",Seed Funding,9.597,Seed Funding
2754,2770,2015-05-08,kleverkid,Online Education Platform,,New Delhi,Aarin Capital Partners,Seed Funding,0.0,Seed Funding
2755,2771,2015-05-08,uniken,Online Security Platform,,Pune,Exfinity Ventures,Private Equity,19.194,Private Equity
2756,2772,2015-05-08,grandopinion,Online Medical Diagnostic,,New Delhi,Florida based Angel investor,Seed Funding,1.43955,Seed Funding
2757,2773,2015-05-08,healthifyme,Health & Fitness App,,Bangalore,Micromax Informatics,Private Equity,0.0,Private Equity
2758,2774,2015-05-12,zapstitch,Cloud Data Integration Platform,,Bangalore,"Helion Venture Partners, Orios Venture Partners",Private Equity,19.194,Private Equity
2759,2775,2015-05-12,wassup,Mobile Laundry Cleaning Service,,Chennai,"Arun Chandra Mohan, Praveen Sinha",Private Equity,19.194,Private Equity
2760,2778,2015-05-12,workhorse,Service-On-Demand Mobile App,,Mumbai,Undisclosed Investors,Seed Funding,0.0,Seed Funding
2761,2779,2015-05-13,innovaccer,Intelligent Data Analytics,,Noida,"Rajan Anandan, Teru Sato, Aneesh Reddy, Venkatesh Valluri",Seed Funding,0.0,Seed Funding
2762,2780,2015-05-13,mycuteoffice,Online Office Rental,,Mumbai,Lead Angels,Seed Funding,0.0,Seed Funding
2763,2781,2015-05-14,indianroots.com,Lifestyle Ecommerce Portal,,Gurgaon,KJS Group,Private Equity,47.985,Private Equity
2764,2782,2015-05-14,redpolka,Online Fashion Aggregator,,Mumbai,Undisclosed Investors,Seed Funding,2.39925,Seed Funding
2765,2783,2015-05-15,venturesity,Online Job skills Showcase,,Bangalore,"Phanindra Sama, Jay Sethuram, Hemant Kanakia, Ravi Trivedi",Seed Funding,2.59119,Seed Funding
2766,2784,2015-05-18,thebetterindia.com,Online News Media,,Bangalore,Mohandas Pai,Seed Funding,0.0,Seed Funding
2767,2785,2015-05-18,awaaz de,Enterprise Communication Platform,,Ahmedabad,Samir Shah,Seed Funding,0.0,Seed Funding
2768,2786,2015-05-19,chaayos,Offline Tea Chain,,New Delhi,Tiger Global Management,Private Equity,9.597,Private Equity
2769,2787,2015-05-19,akosha,Business Messaging App,,New Delhi,Sequoia Capital,Private Equity,153.552,Private Equity
2770,2788,2015-05-19,cooey,Health Mobile App,,Bangalore,Subhash Goyal,Seed Funding,4.51059,Seed Funding
2771,2789,2015-05-19,meetuniv,Online Ed-Tech Platform,,Noida,Peesh Venture Capital,Seed Funding,9.597,Seed Funding
2772,2791,2015-05-19,crown-it,Hyperlocal Mobile Marketplace,,Gurgaon,"Accel Partners, Helion Venture Partners",Private Equity,52.7835,Private Equity
2773,2792,2015-05-19,trucksfirst,Trucking Logistic Operations,,Gurgaon,SAIF partners,Private Equity,95.97,Private Equity
2774,2793,2015-05-20,lookup,B2C Messaging App,,Bangalore,Biz Stone,Private Equity,28.791,Private Equity
2775,2794,2015-05-21,sunterrace,Rooftop Solar Plants,,New Delhi,Sunergy Investors,Private Equity,0.0,Private Equity
2776,2795,2015-05-22,nudgespot,Customer Engagement Platform,,Bangalore,"Kae Capital, Anoop Goyal, Mike Shah, VA Sastry",Seed Funding,5.998125,Seed Funding
2777,2796,2015-05-22,cardekho,Online Car Portal,,Jaipur,HDFC Bank,Private Equity,0.0,Private Equity
2778,2797,2015-05-22,eveningflavors,Online Table Reservation,,Bangalore,Sandiep Shrivatsava,Seed Funding,4.7985,Seed Funding
2779,2798,2015-05-25,razorpay,Online Payment Gateway,,Bangalore,Punit Soni,Seed Funding,0.0,Seed Funding
2780,2799,2015-05-25,zenparent,Parents focused Web Content,,Bangalore,i2india Ventures,Seed Funding,4.7985,Seed Funding
2781,2800,2015-05-25,newgen payments,Payments Solution Provider,,New Delhi,Jan Manten,Seed Funding,0.0,Seed Funding
2782,2801,2015-05-26,urbanpro,On-demand Service marketplace,,Bangalore,Nirvana Venture Advisors,Private Equity,19.194,Private Equity
2783,2802,2015-05-26,goodbox,On-Demand Business messaging,,Bangalore,Manipal Group,Seed Funding,1.9194,Seed Funding
2784,2803,2015-05-26,renderlogy,Online Home D\\xc3\\xa9cor,,Hyderabad,Astarc Ventures,Private Equity,9.597,Private Equity
2785,2804,2015-05-27,postman,API Workflow platform,,Bangalore,Nexus Venture Partners,Seed Funding,9.597,Seed Funding
2786,2805,2015-05-27,casa2inns,Affordable Hotel Booking Online,,New Delhi,"Accel Partners, Kalaari Capital",Private Equity,47.985,Private Equity
2787,2806,2015-05-27,fleetrover,Logistics Intelligence,,Goa,"Tim Chen, Sanjay Venkat",Seed Funding,1.72746,Seed Funding
2788,2807,2015-05-28,thekarrier,Last Mile Logistics,,Bangalore,"Sol Primero, Outbox Ventures, Nikunj Jain",Seed Funding,2.30328,Seed Funding
2789,2808,2015-05-28,zoomcar,Self-driven Car rental,,Bangalore,Sequoia Capital,Private Equity,47.985,Private Equity
2790,2809,2015-05-28,truweight,Weight Management Service,,Hyderabad,Kalaari Capital,Private Equity,0.0,Private Equity
2791,2810,2015-05-30,ather energy,Electric Scooter Manufacturer,,Bangalore,Tiger Global,Private Equity,115.164,Private Equity
2792,2811,2015-04-03,swiggy,Online Food Delivery,,Bangalore,"Accel Partners, SAIF Partners",Private Equity,19.194,Private Equity
2793,2812,2015-04-04,bluegape,Web Content Publishing,,Gurgaon,"Rudy Gopalakrishnan, ah! Ventures",Seed Funding,1.9194,Seed Funding
2794,2813,2015-04-04,keeptrax,Location Based App,,Dallas / Hyderabad,Undisclosed,Seed Funding,9.597,Seed Funding
2795,2814,2015-04-06,instalively,Video Streaming,,New Delhi,"Rajesh Sawheny , Rajan Anandan, Amit Ranjan, Niraj Singh, AECAL, MeraEvents.",Seed Funding,1.15164,Seed Funding
2796,2815,2015-04-07,pricejugaad,Price Comparison,,Hyderabad,"Amit Tyagi, Sandeep Acharya & others",Seed Funding,1.583505,Seed Funding
2797,2816,2015-04-07,quikr,Online Classifieds,,Mumbai,"Tiger Global, Investment AB Kinnevik, Steadview Capital",Private Equity,1439.55,Private Equity
2798,2817,2015-04-07,pressplay,Travel Entertainment,,New Delhi,"Sequoia Capital, Jason Hirschhorn, Jarett Posner, and Amit Bhatiani",Seed Funding,21.1134,Seed Funding
2799,2818,2015-04-07,loginext,Logistics Tech,,Mumbai,"Ajit Surana, Sanjay Mehta",Seed Funding,0.0,Seed Funding
2800,2819,2015-04-08,firstcry.com,eCommerce,,Pune,"Silicon Valley Ventures, NEA Ventures, Valiant Capital, IDG Ventures India, SAIF Partners, Vertex Ventures",Private Equity,95.97,Private Equity
2801,2820,2015-04-08,mobikwik,Digital / Mobile Wallet,,Gurgaon,"Tree Line Asia, Cisco Investments, American Express, Sequoia Capital",Private Equity,239.925,Private Equity
2802,2821,2015-04-08,olacabs,Cab Aggregator,,Bangalore,"DST Global, Steadview Capital, Tiger Global, Accel Partners & Others",Private Equity,3838.8,Private Equity
2803,2822,2015-04-09,gadgetwood,Device Repair Svcs,,New Delhi,"Ajai Chowdhry, Ashvin Chadha, Yogesh Bansal,\\nNitin Singhal & Others",Seed Funding,1.9194,Seed Funding
2804,2823,2015-04-09,bonhomia,Premium Beverages,,New Delhi,"Kanwaljit Singh, Shripad Nadkarni, Sarvesh Shahra & Others",Seed Funding,19.194,Seed Funding
2805,2824,2015-04-09,changer mints,Digital / Mobile Wallet,,Kolkata,Hyderabad based investor,Seed Funding,1.583505,Seed Funding
2806,2825,2015-04-09,urban ladder,Online Furnishing\\neCommerce,,Bangalore,"Sequoia Capital, TR Capital, Steadview Capital, SAIF Partners, Kalaari Capital",Private Equity,479.85,Private Equity
2807,2826,2015-04-09,purple squirrel,Ed-Tech,,Mumbai,"Matrix Partners India, India Quotient",Private Equity,0.0,Private Equity
2808,2827,2015-04-10,whatfix,Interactive How-To Guides,,Bangalore,"Helion Venture Partner, Powerhouse Ventures, GSF and Other angel investors",Seed Funding,8.6373,Seed Funding
2809,2828,2015-04-10,immi life,Mobile Health Tech,,Chennai,Unitus Seed Fund,Seed Funding,0.0,Seed Funding
2810,2829,2015-04-11,zomato,Restaurant Reviews,,Gurgaon,Info Edge (India),Private Equity,239.925,Private Equity
2811,2830,2015-04-13,zopnow,Online Grocer,,Bangalore,"Dragoneer Investment, Accel Partners, Qualcomm Ventures, Times Internet",Private Equity,95.97,Private Equity
2812,2831,2015-04-13,nayi disha,Ed-Tech,,New Delhi,"Ajay Relan,",Seed Funding,2.8791,Seed Funding
2813,2833,2015-04-13,commeasure,Online Hotel Booking,,Noida,Jungle Ventures,Seed Funding,9.597,Seed Funding
2814,2834,2015-04-13,capricoast,Online Kitchen Furniture,,Bangalore,Accel Partners India,Seed Funding,11.99625,Seed Funding
2815,2835,2015-04-14,localoye,Hyper-local Online Services,,Mumbai,"Tiger Global Management, Lightspeed Venture Partners",Private Equity,47.985,Private Equity
2816,2836,2015-04-15,grofers,Hyper-Local Online/Mobile Grocery,,Gurgaon,"Tiger Global, Sequoia Capital",Private Equity,335.895,Private Equity
2817,2837,2015-04-15,peppertap,Hyper-Local Online/Mobile Grocery,,Gurgaon,"SAIF Partners, Sequoia Capital",Private Equity,95.97,Private Equity
2818,2838,2015-04-15,policybazaar,Online Policy Aggregator,,Gurgaon,"PremjiInvest, Tiger Global, Ribbit Capital",Private Equity,383.88,Private Equity
2819,2839,2015-04-16,urbanclap,Hyperlocal Mobile Services Marketplace,,New Delhi,"SAIF Partners, Accel Partners, Kunal Bahl, Rohit Bansal",Seed Funding,15.3552,Seed Funding
2820,2840,2015-04-16,taskbob,OnDemand\\nMobile Handyman Services,,Mumbai,"Orios Venture Partners, Mayfield India",Seed Funding,11.5164,Seed Funding
2821,2841,2015-04-17,robosoft,Mobile App Development,,Udupi,"Ascent Capital, Kalaari Capital",Private Equity,115.164,Private Equity
2822,2842,2015-04-18,doormint,On-Demand Handyman Services,,Mumbai,Powai Lake Ventures,Seed Funding,0.0,Seed Funding
2823,2843,2015-04-20,vyomo,Beauty & Wellness Mobile App,,Gurgaon,YouWeCan Ventures,Seed Funding,0.0,Seed Funding
2824,2844,2015-04-20,pastiwala,Material Collection & Recycling,,Vadodara,Agnus Capital,Private Equity,38.388,Private Equity
2825,2845,2015-04-20,1mg (healthkartplus),Online Pharmacy & Drug DB,,Gurgaon,"Deep Kalra, Sequoia Capital, Omidyar Network, Intel Capital & Kae Capital",Private Equity,57.582,Private Equity
2826,2846,2015-04-20,freshdesk,Online / Mobile Customer Support,,Chennai,"Tiger Global, Google Capital & Accel Partners",Private Equity,479.85,Private Equity
2827,2847,2015-04-20,sulekha.com,Online Classifieds & Listings,,Chennai,GIC ventures,Private Equity,268.716,Private Equity
2828,2848,2015-04-22,findyahan,Hyperlocal services marketplace,,New Delhi,The Phoenix Fund,Private Equity,0.0,Private Equity
2829,2849,2015-04-22,eat.shop.love,Fashion ECommerce,,Bangalore,Undisclosed Investor,Private Equity,33.5895,Private Equity
2830,2850,2015-04-22,avanti learning,Private Coaching Centers,,New Delhi,"Michael & Susan Dell Foundation, Pearson Learning Fund",Private Equity,14.3955,Private Equity
2831,2851,2015-04-23,simplilearn,Online Certification Courses,,Bangalore,"Mayfield Ventures, Kalaari Capital, Helion Ventures",Private Equity,143.955,Private Equity
2832,2852,2015-04-23,craftstvilla,Ethnic Product eCommerce,,Mumbai,"Sequoia Capital, Nexus venture Partners, Lightspeed Ventures, GFC",Private Equity,172.746,Private Equity
2833,2853,2015-04-23,headout,Last Minute Travel Deals mobile marketplace,,Bangalore / SFO,"Version One Ventures, 500 Startups, Nexus Venture Partners and Arena Ventures",Seed Funding,17.2746,Seed Funding
2834,2854,2015-04-23,happay,usiness expense management,,Bangalore,AngelPrime,Seed Funding,4.7985,Seed Funding
2835,2855,2015-04-23,jugnoo,Auto Rickshaw based Logistics,,Chandigarh,"Rakesh Mathur, Vikas Taneja & others",Seed Funding,9.597,Seed Funding
2836,2856,2015-04-23,eazydiner,Restaurant reservation app,,New Delhi,"Deepak Shahdadpuri, Gulpreet Kohli",Seed Funding,0.0,Seed Funding
2837,2857,2015-04-23,phone warrior,Spam Call block App,,New Delhi,Lightspeed Ventures,Seed Funding,0.0,Seed Funding
2838,2858,2015-04-24,coverfox,Online Insurance Aggregator,,Mumbai,"Accel US, Accel India, SAIF Partners.",Private Equity,115.164,Private Equity
2839,2859,2015-04-27,torqus,Restaurant Management Platform,,Pune,S S Mukherji & Others,Seed Funding,3.35895,Seed Funding
2840,2860,2015-04-27,grab,Food Logistics & Delivery,,Mumbai,"Oliphans Capital, Haresh Chawla",Seed Funding,9.597,Seed Funding
2841,2861,2015-04-27,logicroots,Interactive Educational Games,,Jaipur,"Ah! Ventures, Calcutta Angels, 91SpringBoard",Seed Funding,3.8388,Seed Funding
2842,2862,2015-04-27,gibbs,Clean Tech,,New Delhi,Infuse Ventures fund,Private Equity,0.0,Private Equity
2843,2863,2015-04-28,babajobs,Grey collar Job Board,,Bangalore,SEEK Ltd & affiliates,Private Equity,95.97,Private Equity
2844,2864,2015-04-28,urban ladder,Online Furniture ecommerce,,Bangalore,"Anand Rajaraman, Venky Harinarayan",Private Equity,0.0,Private Equity
2845,2865,2015-04-28,jay robotix,Robotic Program learning,,Hyderabad,Cross Border Angels & others,Seed Funding,2.39925,Seed Funding
2846,2866,2015-04-28,naaptol.com,Tele-Shopping / eCommerce,,Mumbai,Mitsui & Co & existing investors,Private Equity,206.3355,Private Equity
2847,2867,2015-04-29,reglobe,Used Gadgets Buy / Refurbishing,,Gurgaon,"Bessemer Ventures, Blume Ventures",Seed Funding,9.597,Seed Funding
2848,2868,2015-04-29,icertis,Cloud Enterprise Software,,Pune / US,"Greycroft Partners, Fidelity Growth Partners",Private Equity,57.582,Private Equity
2849,2869,2015-04-29,tracxn,Startup Analytics platform,,Bangalore,SAIF Partners,Private Equity,33.5895,Private Equity
2850,2870,2015-04-29,dazo,Mobile Food Ordering app,,Bangalore,"Sumit Jain, Aprameya Radhakrishna, Alok Goel, Rajan Anandan, Amit Agrawal, Vinay Goel, Gaurav Munjal, Ashish Dev Kapur",Seed Funding,0.0,Seed Funding
2851,2871,2015-04-29,tradelab,Financial Markets Software,,Bangalore,Rainmatter,Seed Funding,3.8388,Seed Funding
2852,2872,2015-04-29,piqube,Hiring Analytics platform,,Chennai,The HR Fund,Seed Funding,4.7985,Seed Funding
2853,2873,2015-04-29,travel triangle,Online Travel Marketplace,,Noida,"Bessemer Venture Partners, SAIF Partners",Private Equity,76.776,Private Equity
