Sr No,date,startup,vertical,subvertical,city,investors,round,amount
1,2020-01-09,Byju's,E-Tech,E-learning,Bengaluru,Tiger Global Management,Private Equity Round,1919.4
2,2020-01-13,Shuttl,Transportation,App based shuttle service,Gurgaon,Susquehanna Growth Equity,Series C,77.240437218
3,2020-01-09,Mamaearth,E-commerce,Retailer of baby and toddler products,Bengaluru,Sequoia Capital India,Series B,176.18997942000001
4,2020-01-02,wealthbucket,FinTech,Online Investment,New Delhi,Vinod Khatumal,Pre-series A,28.791
5,2020-01-02,Fashor,Fashion and Apparel,Embroiled Clothes For Women,Mumbai,Sprout Venture Partners,Seed Round,17.2746
6,2020-01-13,Pando,Logistics,"Open-market, freight management platform",Chennai,Chiratae Ventures,Series A,86.373
7,2020-01-10,Zomato,Hospitality,Online Food Delivery Platform,Gurgaon,Ant Financial,Private Equity Round,1439.55
8,2019-12-12,Ecozen,Technology,Agritech,Pune,Sathguru Catalyzer Advisors,Series A,57.582
9,2019-12-06,CarDekho,E-Commerce,Automobile,Gurgaon,Ping An Global Voyager Fund,Series D,671.79
10,2019-12-03,Dhruva Space,Aerospace,Satellite Communication,Bengaluru,Mumbai Angels,Seed,479.85
10,2019-12-03,Dhruva Space,Aerospace,Satellite Communication,Bengaluru,Ravikanth Reddy,Seed,479.85
11,2019-12-13,Rivigo,Technology,Logistics Services and Solutions,Gurgaon,SAIF Partners,Series F,191.94
11,2019-12-13,Rivigo,Technology,Logistics Services and Solutions,Gurgaon,Spring Canter Investment Ltd.,Series F,191.94
12,2019-12-17,Healthians,B2B-focused foodtech startup,Food Solutions For Corporate,Bengaluru,Paytm,Series C,115.164
12,2019-12-17,Healthians,B2B-focused foodtech startup,Food Solutions For Corporate,Bengaluru,NPTK,Series C,115.164
12,2019-12-17,Healthians,B2B-focused foodtech startup,Food Solutions For Corporate,Bengaluru,Sabre Partners and Neoplux,Series C,115.164
13,2019-12-16,Licious,E-Commerce,Online Meat And Seafood Ordering Startup,Bengaluru,Vertex Growth Fund,Series E,287.91
14,2019-12-16,InCred,Finance,Non-Banking Financial Company,Mumbai,Undiscolsed,Debt Funding,56.6223
15,2019-12-14,Trell,Video,Experience Discovery Platform,Bengaluru,Ruizheng Investment,Seed Round,19.194
16,2019-12-11,Rein Games,Gaming,Real money based gaming startup,Noida,Manipal Education and Medical Group (MEMG),Seed Round,479.85
17,2019-12-20,Lenskart.com,E-Commerce,Online Eyewear Shopping Portal,Faridabad,SoftBank Vision Fund,Series G,2216.907
18,2019-11-13,Freshworks,Software,Business and customer engagement tools,San Francisco,Sequoia,Series H,1439.55
18,2019-11-13,Freshworks,Software,Business and customer engagement tools,San Francisco,CapitalG,Series H,1439.55
18,2019-11-13,Freshworks,Software,Business and customer engagement tools,San Francisco,Accel,Series H,1439.55
19,2019-11-14,Misters,Health and wellness,Men's Health and Wellness brand,Gurgaon,Sauce.vc,Series B,4.664142
19,2019-11-14,Misters,Health and wellness,Men's Health and Wellness brand,Gurgaon,Rainforest Ventures,Series B,4.664142
20,2019-11-13,Sunstone Eduversity Pvt. Ltd,Education,Elearning,Gurgaon,Prime Venture Partners,Seed,14.3955
20,2019-11-13,Sunstone Eduversity Pvt. Ltd,Education,Elearning,Gurgaon,LetsVenture,Seed,14.3955
20,2019-11-13,Sunstone Eduversity Pvt. Ltd,Education,Elearning,Gurgaon,PS1 Venture and GlobalLogic co-founder Rajul Garg,Seed,14.3955
21,2019-11-17,Burger Singh,Food and Beverage,Indian Burger Brand,Gurgaon,RB Investments,Venture,0.0
22,2019-11-18,Healthians,Health and Wellness,Healthcare services,Gurgaon,DG Daiwa Ventures,Series B,115.164
22,2019-11-18,Healthians,Health and Wellness,Healthcare services,Gurgaon,DG Incubation,Series B,115.164
23,2019-11-15,Ninjacart,B2B Marketing,Agritech,Bengaluru,Trifecta Capital Advisors,Debt Funding,249.522
24,2019-11-20,Aye Finance,FinTech,Financial Services To MSMEs,Gurgaon,FinTech,Debt Funding,167.095910205
25,2019-11-12,SuperGaming,Video Games,Social gaming platform,Pune,Dream Incubator,Seed Funding,12.4761
26,2019-11-20,Clumio,SaaS,Recovery software,"San Jose,",Altimeter Capital,Series C,1295.595
26,2019-11-20,Clumio,SaaS,Recovery software,"San Jose,",Sutter Hill Ventures,Series C,1295.595
27,2019-11-11,eBikeGo,Last Mile Transportation,Electric bike rental,Amritsar,Startup Buddy,Seed,2.8791
28,2019-11-19,Digital Mall Asia,E-Commerce,Virtual e-commerce platform,Delhi,Amour Infrastructure,Seed Funding,2111.34
29,2019-11-18,Medikabazaar,Healthcare,B2B platform for medical supplies,Mumbai,Ackermans & van Haaren,Series B,151.6326
29,2019-11-18,Medikabazaar,Healthcare,B2B platform for medical supplies,Mumbai,HealthQuad,Series B,151.6326
29,2019-11-18,Medikabazaar,Healthcare,B2B platform for medical supplies,Mumbai,Rebright Partners,Series B,151.6326
29,2019-11-18,Medikabazaar,Healthcare,B2B platform for medical supplies,Mumbai,Toppan Printing,Series B,151.6326
30,2019-11-15,Vogo Automotive,Last Mile Transportation,Scooter sharing app,Kormangala,Matrix Partners,Series B,2715.951
30,2019-11-15,Vogo Automotive,Last Mile Transportation,Scooter sharing app,Kormangala,Stellaris Venture Partners,Series B,2715.951
30,2019-11-15,Vogo Automotive,Last Mile Transportation,Scooter sharing app,Kormangala,Kalaari Capital,Series B,2715.951
31,2019-11-19,Furtados School of Music,Education,Music Education,Tulangan,IAN Fund and DSG Consumer Partners,Undisclosed,1919.4
32,2019-11-25,Paytm,FinTech,Mobile Wallet,Noida,Vijay Shekhar Sharma,Funding Round,9597.0
33,2019-10-04,Dunzo,Customer Service,Delivery Service,Bengaluru,Lightbox,Series D,431.865
34,2019-10-02,Udaan,B2B,Business development,Bengaluru,Altimeter Capital,Series D,5614.245
34,2019-10-02,Udaan,B2B,Business development,Bengaluru,DST Global,Series D,5614.245
35,2019-10-21,The Man Company,Consumer Goods,Beauty and Grooming,Gurgaon,Ayushmann Khurana,Corporate Round,0.0
36,2019-09-05,FPL Technologies,FinTech,Financial Services,Pune,Matrix Partners India,Maiden Round,43.1865
36,2019-09-05,FPL Technologies,FinTech,Financial Services,Pune,Sequoia India,Maiden Round,43.1865
37,2019-09-04,Cashflo,FinTech,Invoice discounting platform and SME lending marketplace,Mumbai,SAIF Partners,Series A,31.6701
38,2019-09-04,Digital F5,"Advertising, Marketing",Digital marketing firm,Mumbai,TIW Private Equity,Private Equity Round,57.582
39,2019-09-04,3rdFlix,SaaS,Education Technology,Hyderabad,Exfinity Venture Partners,pre-series A,47.985
40,2019-09-04,75F,IoT,Building automation system,Burnsville,Breakthrough Energy Ventures,Series A,172.746
41,2019-09-04,Myelin Foundry,Information Technology,Deep-technology,Bengaluru,Endiya Partners,Seed,9.597
42,2019-09-04,Atomberg Technology,Consumer Technology,"Consumer Electronics, Home Appliances",Mumbai,A91 Partners,Series A,95.97
43,2019-09-04,GOQii,Health and Wellness,Wearable Fitness Bands,Menlo Park,Bennett Coleman and Company Ltd (BCCL),Series C,4318.65
44,2019-09-03,Vyapar App,Accounting,Mobile-based Accounting Software,Bengaluru,India Quotient,Series A,47.985
44,2019-09-03,Vyapar App,Accounting,Mobile-based Accounting Software,Bengaluru,Axilor Ventures,Series A,47.985
45,2019-08-01,CarDekho,E-Commerce,Automotive,Gurgaon,SC GG India Mobility Holdings LLC,Series C,191.94
46,2019-08-01,Progcap,Finance,Supply Chain Management,New Delhi,Sequoia India,Series A,47.985
47,2019-08-01,MyPetrolPump,Retail,Fuel Delivery,Bengaluru,Undiscolsed,Seed Funding Round,15.3552
48,2019-08-01,Alteria Capital,Finance,VC Funds,Mumbai,Azim Premji,Single Venture,1343.58
48,2019-08-01,Alteria Capital,Finance,VC Funds,Mumbai,Binny Bansal,Single Venture,1343.58
49,2019-08-01,Pine Labs,Information Technology,Last-mile retail transaction technology,Noida,Pine Labs Pte Ltd,Corporate Round,365.45376
50,2019-08-12,Meesho,E-Commerce,Social Commerce,Bengaluru,Naspers,Series D,1199.625
51,2019-08-13,Cars24,E-Commerce,Car Retail,Gurugram,MS Dhoni,Series D,105.567
52,2019-08-13,Uniphore,Customer Service Platform,Conversational AI,Palo Alto,March Capital Partners,Series C,489.447
53,2019-08-23,Zendrive,Automotive,Road Safety Analytics,San Francisco,XL Innovate,Series B,355.089
54,2019-08-23,Lo! Foods,Consumer Goods,Low carb food for Diabetics,Bengaluru,Rashmi Daga (founder,Seed Round,4.7985
54,2019-08-23,Lo! Foods,Consumer Goods,Low carb food for Diabetics,Bengaluru,FreshMenu),Seed Round,4.7985
54,2019-08-23,Lo! Foods,Consumer Goods,Low carb food for Diabetics,Bengaluru,Raveen Sastry (co-founder,Seed Round,4.7985
54,2019-08-23,Lo! Foods,Consumer Goods,Low carb food for Diabetics,Bengaluru,Myntra) and Mitesh Shah (finance chief,Seed Round,4.7985
54,2019-08-23,Lo! Foods,Consumer Goods,Low carb food for Diabetics,Bengaluru,BookMyShow),Seed Round,4.7985
55,2019-08-23,Tala,FinTech,Digital Lending Platform,Santa Monica,RPS Ventures,Series D,1055.67
56,2019-08-22,INDwealth,FinTech,Wealth Management,Gurgaon,Tiger Global Management,Venture Round,143.955
57,2019-08-21,HungerBox,Food and Beverage,B2B Foodtech,Bengaluru,One97 Communications Ltd.,Series C,63.24423
58,2019-08-23,AdmitKard,EdTech,University Admissions,Noida,Growth DNA,Seed Round,9.597
59,2019-08-19,Mishry Reviews,Services,Product Review,Gurgaon,Vir Sanghvi,Series A,0.0
60,2019-08-19,Grofers,E-Commerce,Grocery Delivery,Gurgaon,Softbank Vision Fund,Series F,671.79
61,2019-08-27,Rapido Bike Taxi,Transportation,Bike Taxi,Bengaluru,Westbridge Capital,Series B,37428.3
62,2019-07-02,RenewBuy,Finance,Auto Insurance,Gurgaon,Lok Capital,Series B,182.343
62,2019-07-02,RenewBuy,Finance,Auto Insurance,Gurgaon,IIFL Wealth,Series B,182.343
63,2019-07-02,Atlan,Information Technology,Big Data,Singapore,WaterBridge Ventures,Pre-Series A,23.9925
64,2019-07-01,WizCounsel,Compliance,Consulting,New Delhi,Kapil Dev,Angel,1.391565
65,2019-07-03,Ola Cabs,Transport,Cabs,Kormangala,DIG Investment Ab,Series J,9.597
65,2019-07-03,Ola Cabs,Transport,Cabs,Kormangala,Deshe Holdings,Series J,9.597
65,2019-07-03,Ola Cabs,Transport,Cabs,Kormangala,Samih Toukan and Hussam Khoury,Series J,9.597
66,2019-07-01,Uniphore,Artificial Intelligence,Speech Recognition,Taramani,March Capital Partners,Series C,365.45376
67,2019-07-04,Daalchini Technologies,Food and Beverage,Digital Vending Machine,New Delhi,Artha Venture,Seed Round,4.7985
68,2019-07-10,Byju's,EdTech,Education,Bengaluru,Qatar Investment Authority,Private Equity Round,1439.55
69,2019-07-11,Moglix,E-Commerce,Industrial Tools and Equipments,Singapore,Composite Capital Management,Series D,575.82
69,2019-07-11,Moglix,E-Commerce,Industrial Tools and Equipments,Singapore,Sequoia Capital India,Series D,575.82
69,2019-07-11,Moglix,E-Commerce,Industrial Tools and Equipments,Singapore,Tiger Global Management,Series D,575.82
70,2019-07-10,Ezyhaul,Tech,Logistics,Singapore,Undisclosed,Series B,153.552
71,2019-07-10,Indus OS,Tech,Smartphone Operating System,Andheri,Ventureast,Series B,55.18275
72,2019-07-10,HealthAssure,Health Care,Primary care medical network,Mumbai,Blume Ventures,Series A,23.9925
73,2019-07-09,House of Msasaba,Luxury Label,Clothes and Apparel,Mumbai,Binny Bansal,Series A,9.597
74,2019-07-08,Board Infinity,EdTech,Full-stack career platform,Chembur,Multiple Angel Investors,Angel Round,3.067249185
75,2019-06-05,NoBroker,E-Commerce,Real Estate,Bengaluru,General Atlantic,Series C,489.447
76,2019-06-04,Bira91,Food and Beverage,Brewery,New Delhi,Anicut Capital,Debt Funding,95.97
77,2019-06-03,FabHotels,E-Commerce,Hospitality,Gurgaon,Goldman Sachs,Undisclosed,4692.9095257379995
77,2019-06-03,FabHotels,E-Commerce,Hospitality,Gurgaon,Accel Partners and Qualcomm,Undisclosed,4692.9095257379995
78,2019-06-03,Avail Finance,Finance,FinTech,Bengaluru,Matrix Partners,Series A,86.373
79,2019-06-04,BharatPe,Finance,FinTech,New Delhi,Insight Partners,Series B,719.775
80,2019-06-04,Recykal,Waste Management Service,Optimization,Hyderabad,Triton Investment Advisors,pre-Series A,249.522
80,2019-06-04,Recykal,Waste Management Service,Optimization,Hyderabad,Pidilite Industries director Ajay Parekh,pre-Series A,249.522
81,2019-06-03,Agara Labs,Deep-Tech,Artificial Intelligence,Bengaluru,Blume Ventures and RTP Global,pre-Series A,23.9925
82,2019-06-06,Sistema.bio,Agriculture,Hybrid Reactor Biodigestor,Nairobi,Shell Foundation,Undisclosed,2628.651582396
82,2019-06-06,Sistema.bio,Agriculture,Hybrid Reactor Biodigestor,Nairobi,DILA CAPITAL,Undisclosed,2628.651582396
82,2019-06-06,Sistema.bio,Agriculture,Hybrid Reactor Biodigestor,Nairobi,Engie RDE Fund,Undisclosed,2628.651582396
82,2019-06-06,Sistema.bio,Agriculture,Hybrid Reactor Biodigestor,Nairobi,EcoEnterprise Fund,Undisclosed,2628.651582396
82,2019-06-06,Sistema.bio,Agriculture,Hybrid Reactor Biodigestor,Nairobi,EDFIMC (ElectriFI),Undisclosed,2628.651582396
82,2019-06-06,Sistema.bio,Agriculture,Hybrid Reactor Biodigestor,Nairobi,Endeavor Catalyst Fund,Undisclosed,2628.651582396
82,2019-06-06,Sistema.bio,Agriculture,Hybrid Reactor Biodigestor,Nairobi,CoCapital,Undisclosed,2628.651582396
82,2019-06-06,Sistema.bio,Agriculture,Hybrid Reactor Biodigestor,Nairobi,Triodos,Undisclosed,2628.651582396
82,2019-06-06,Sistema.bio,Agriculture,Hybrid Reactor Biodigestor,Nairobi,Alpha Mundi,Undisclosed,2628.651582396
82,2019-06-06,Sistema.bio,Agriculture,Hybrid Reactor Biodigestor,Nairobi,and Lendahand,Undisclosed,2628.651582396
83,2019-06-06,Chakr Innovation,Energy,Renewable Energy,New Delhi,IAN Fund,Series A,249.522
84,2019-06-06,Pratilipi,Digital Media,E-Books,Bengaluru,Qiming Venture Partners,Series B,14500.58715
85,2019-06-10,Bolo App,Digital Media,Video Platform,Bengaluru,Nexus Venture Partners,Seed Funding,4.1286294
86,2019-06-10,OkCredit,FinTech,Financial Services,Haryana,Tiger Global Management,Series A,148.7535
87,2019-06-06,Biz2Credit,FinTech,Online Lending Platform,New York,WestBridge Capital,Series B,499.044
88,2019-06-08,Vogo Automotive Pvt. Ltd.,Transportation,Dockless Scooter Rental Company,Karnataka,Alteria Capital,Debt Funding,34.395648
89,2019-06-04,Leegality,Services,Digital Documentation,Mumbai/Bengaluru,Mumbai Angels,Series A,32.6298
90,2019-05-06,Ola Electric,Transport,Cabs,Bengaluru,Tata Sons,Series A,0.0
91,2019-05-06,Saahas Zero Waste,Waste Management Service,Optimization,Bengaluru,C4D Partners,Venture - Series Unknown,8.3359542
92,2019-05-05,StyleDotMe,E-commerce,Fashion and Shopping,Delhi,Indian Angel Network and other angel investors,Bridge Round,0.0
92,2019-05-05,StyleDotMe,E-commerce,Fashion and Shopping,Delhi,Innov8 founder Ritesh Malik,Bridge Round,0.0
92,2019-05-05,StyleDotMe,E-commerce,Fashion and Shopping,Delhi,Josh Talks founders Supriya Paul and Shobha Banga,Bridge Round,0.0
92,2019-05-05,StyleDotMe,E-commerce,Fashion and Shopping,Delhi,and former Hero Corporate president Rohit Chanana,Bridge Round,0.0
93,2019-05-01,BlackBuck,Transport,Logistics,Bengaluru,Goldman Sachs Investment Partners and Silicon Valley-based Accel,Series D,1439.55
93,2019-05-01,BlackBuck,Transport,Logistics,Bengaluru,Wellington,Series D,1439.55
93,2019-05-01,BlackBuck,Transport,Logistics,Bengaluru,Sequoia Capital,Series D,1439.55
93,2019-05-01,BlackBuck,Transport,Logistics,Bengaluru,B Capital,Series D,1439.55
93,2019-05-01,BlackBuck,Transport,Logistics,Bengaluru,LightStreet,Series D,1439.55
93,2019-05-01,BlackBuck,Transport,Logistics,Bengaluru,Sands Capital and International Finance Corporation,Series D,1439.55
93,2019-05-01,BlackBuck,Transport,Logistics,Bengaluru,,Series D,1439.55
94,2019-05-02,Zenoti,Saas,Beauty and Wellness Industry,Hyderabad,Tiger Global Management,Series C,479.85
95,2019-05-28,Ather Energy,Automobile,Electric Vehicle,Bengaluru,Sachin Bansal,Series C,489.447
96,2019-05-28,FreshVnF,Agtech,Fresh Agriculture Produces,Mumbai,Equanimity Ventures,Seed Round,1343.58
97,2019-05-30,GlowRoad,E-commerce,Retail,Bengaluru,Korea Investment Partners,Series B,110.3655
97,2019-05-30,GlowRoad,E-commerce,Retail,Bengaluru,Vertex Ventures,Series B,110.3655
98,2019-05-31,Bira91,Food and Beverage,Brewery,New Delhi,Sixth Sense Ventures,Series B,53.7432
99,2019-04-16,Kuvera,Finance,Wealth Management,Bengaluru,Eight Roads,Series A,431.865
100,2019-04-12,Medlife,E-commerce,Online Medicine,Bengaluru,Prasid Uno Family Trust,Private Equity,163.149
101,2019-04-10,Kabadiwala,E-commerce,Waste Management,Bhopal,Unilever,Private Equity,4.133092005
101,2019-04-10,Kabadiwala,E-commerce,Waste Management,Bhopal,Beehive Capital Advisor,Private Equity,4.133092005
101,2019-04-10,Kabadiwala,E-commerce,Waste Management,Bhopal,ABCOM Investments,Private Equity,4.133092005
101,2019-04-10,Kabadiwala,E-commerce,Waste Management,Bhopal,Parekh Marine Transport,Private Equity,4.133092005
101,2019-04-10,Kabadiwala,E-commerce,Waste Management,Bhopal,,Private Equity,4.133092005
102,2019-04-13,Tripoto,Social Media,Travel,New Delhi,Orchid India,Series B,34.466425875
102,2019-04-13,Tripoto,Social Media,Travel,New Delhi,Hornbill Orchid India Fund,Series B,34.466425875
102,2019-04-13,Tripoto,Social Media,Travel,New Delhi,Chiratae Ventures (formerly IDG Ventures),Series B,34.466425875
102,2019-04-13,Tripoto,Social Media,Travel,New Delhi,3one4 Capital,Series B,34.466425875
102,2019-04-13,Tripoto,Social Media,Travel,New Delhi,Lasmer NV,Series B,34.466425875
103,2019-04-12,Azah,Health and Wellness,Organic wellness,Gurugram,Unnamed angel investors,Seed Funding,1.9194
104,2019-04-11,Setu,Fintech,Banking,Bengaluru,Lightspeed India Partners,Seed Funding,33.5895
105,2019-04-10,Toppr,Edtech,E-learning,Mumbai,Milestone,Debt and Preference capital,60.66090954
106,2019-04-10,Craftsvilla,E-commerce,Fashion and Apparel,Mumbai,Supera Pte Ltd,Inhouse Funding,23.450221515
107,2019-04-10,Unacademy,Edtech,E-learning,Bengaluru,Kalyan Krishnamurthy,Seed/ Angel Funding,2.946279
108,2019-04-11,CleverTap,SaaS,Mobile analytics and marketing,Mumbai,Sequoia India,Series B,249.522
108,2019-04-11,CleverTap,SaaS,Mobile analytics and marketing,Mumbai,Tiger Global Management,Series B,249.522
108,2019-04-11,CleverTap,SaaS,Mobile analytics and marketing,Mumbai,Accel Partners,Series B,249.522
109,2019-04-19,My Healthcare,E-commerce,Software Solutions,Bengaluru and Gurugram,Sixth Sense Ventures,Series A,28.791
110,2019-04-19,KrazyBee,E-commerce,Lending Platform,Bengaluru,BAC Acquisitions,Debt,137.640174
110,2019-04-19,KrazyBee,E-commerce,Lending Platform,Bengaluru,Unifi AIF,Debt,137.640174
110,2019-04-19,KrazyBee,E-commerce,Lending Platform,Bengaluru,BRD Securities,Debt,137.640174
110,2019-04-19,KrazyBee,E-commerce,Lending Platform,Bengaluru,Northern R Capital,Debt,137.640174
111,2019-04-17,Shuttl,Transportation,Bus Aggregation,Gurugram,New Atlantic Ventures,Venture Round,47.985
112,2019-04-17,Increff,Technology,Supply-chain technology solutions,Bengaluru,021 Capita,Series A,28.791
112,2019-04-17,Increff,Technology,Supply-chain technology solutions,Bengaluru,Binny Bansal,Series A,28.791
113,2019-02-01,FleetX,AI,Logistics,Gurgaon,India Quotient and LetsVentures Angel Fund,Pre Series A,0.0
114,2019-02-08,Zilingo,Ecommerce,Fashion & Apparel,India/Singapore,Sequoia Capital and Temasek Holdings,Series D,2168.922
114,2019-02-08,Zilingo,Ecommerce,Fashion & Apparel,India/Singapore,EDBI,Series D,2168.922
114,2019-02-08,Zilingo,Ecommerce,Fashion & Apparel,India/Singapore,Burda Principal Investments,Series D,2168.922
114,2019-02-08,Zilingo,Ecommerce,Fashion & Apparel,India/Singapore,and Sofina,Series D,2168.922
115,2019-02-13,NanoClean Global,Nanotechnology,Anti-Pollution,New Delhi,LetsVenture,Series A,5.7582
115,2019-02-13,NanoClean Global,Nanotechnology,Anti-Pollution,New Delhi,PitchRight Venture,Series A,5.7582
115,2019-02-13,NanoClean Global,Nanotechnology,Anti-Pollution,New Delhi,91SpringBoard,Series A,5.7582
115,2019-02-13,NanoClean Global,Nanotechnology,Anti-Pollution,New Delhi,AL Nour International Holdings and Mark V Investments,Series A,5.7582
116,2018-02-14,OyoRooms,Hospitality,Budget Rooms,Gurgaon,DiDi Chuxing,Equity,959.7
117,2019-01-03,CarDekho,Automobile,Online Marketplace,Jaipur,Sequoia India,Series C,1055.67
117,2019-01-03,CarDekho,Automobile,Online Marketplace,Jaipur,Hillhouse Capital,Series C,1055.67
117,2019-01-03,CarDekho,Automobile,Online Marketplace,Jaipur,Alphabets growth investment arm Capital G and Axis Bank,Series C,1055.67
118,2019-01-04,Vyome Therapeutics Inc.,Health and Wellness,Specialty pharmaceutical,India/US,Iron Pillar,Series D,211.134
118,2019-01-04,Vyome Therapeutics Inc.,Health and Wellness,Specialty pharmaceutical,India/US,Perceptive Advisors,Series D,211.134
118,2019-01-04,Vyome Therapeutics Inc.,Health and Wellness,Specialty pharmaceutical,India/US,Romulus Capital and Kalaari Capital,Series D,211.134
119,2019-01-04,Samunnati Financial Intermediation & Services Pvt. Ltd,Finance,Non-banking financial company,Chennai,MASSIF,Debt-Funding,47.985
119,2019-01-04,Samunnati Financial Intermediation & Services Pvt. Ltd,Finance,Non-banking financial company,Chennai,a Dutch government fund,Debt-Funding,47.985
120,2018-12-04,Manch,Social Media,Hyperlocal Content,Delhi,Stellaris Venture Partners,Seed Funding,6.7179
121,2018-12-01,UrbanClap Technologies Pvt. Ltd,Services Platform,Home services marketplace,New Delhi,Steadview Capital and Vy Capital.,Series D,479.85
122,2018-12-02,Guiddoo,Travel Tech,Platform for travel agents,Mumbai,Individual Investors,Pre-Series A,7.6776
123,2018-12-02,Career Anna,Online Education,"Video-based certification, trainings",Gurugram,Individual Investors,Pre-Series A,5.489484
124,2018-12-04,Nagpur Wholesale,Online Marketplace,eCommerce,Nagpur,Omphalos Ventures India LLP,Seed Funding,1.372371
125,2018-12-06,ShopKirana,B2B,eCommerce,Indore,Info Edge,Seed Funding,19.194
125,2018-12-06,ShopKirana,B2B,eCommerce,Indore,AET Fund,Seed Funding,19.194
125,2018-12-06,ShopKirana,B2B,eCommerce,Indore,Akatsuki and Incubate Fund from Japan and Better Capital AngelList syndicate.,Seed Funding,19.194
126,2018-12-06,BuildSupply,"SaaS, Ecommerce","Real Estate, ERP",Gurugram,Venture Highway,Series A,33.5895
126,2018-12-06,BuildSupply,"SaaS, Ecommerce","Real Estate, ERP",Gurugram,GREE Ventures,Series A,33.5895
126,2018-12-06,BuildSupply,"SaaS, Ecommerce","Real Estate, ERP",Gurugram,Space Matrix,Series A,33.5895
126,2018-12-06,BuildSupply,"SaaS, Ecommerce","Real Estate, ERP",Gurugram,Individual Investors,Series A,33.5895
127,2018-11-01,GoDesi,Food and Beverage,Regional Flavours,Bengaluru,Lead Angels Network,Seed/ Angel Funding,1.333935015
128,2018-11-03,Veritas Finance Ltd.,NBFC,MSME Finance,Chennai,Norwest Venture Partners,Series D,266.787003
128,2018-11-03,Veritas Finance Ltd.,NBFC,MSME Finance,Chennai,CDC Group,Series D,266.787003
128,2018-11-03,Veritas Finance Ltd.,NBFC,MSME Finance,Chennai,the UKs Development Finance Institution and P Surendra Pai,Series D,266.787003
129,2018-11-06,Meesho,Ecommerce,Social Commerce,Bengaluru,Shunwei Capital,Series C,479.85
129,2018-11-06,Meesho,Ecommerce,Social Commerce,Bengaluru,DST Partners and RPS Ventures,Series C,479.85
130,2018-11-08,Mobile Premier League,Gaming,Mobile e-Sports,Bengaluru,Undisclosed,Series A,4.7985
131,2018-11-08,A&R Bon Vivants,Food,Meat Retail Chain,Jaipur,RB Investments,Equity,9.597
131,2018-11-08,A&R Bon Vivants,Food,Meat Retail Chain,Jaipur,Singapore,Equity,9.597
132,2018-11-12,Blackbuck,Food Tech,POS For Online Ordering,"New York, Bengaluru",Tiger Global,Series A,9.597
133,2018-11-12,MilkBAsket,Food,Micro-delivery grocery service,New Delhi,Mayfield Fund,Series B,12.4761
134,2018-11-13,DriveU,Transport,On-Demand Drivers,Bengaluru,Stevens Creek Ventures,Mezzanine,9.597
135,2018-11-14,CleanseCar,Services,Car Wash,Bengaluru,Venture Catalysts,Seed/ Angel Funding,4.7985
136,2018-11-19,Automation Anywhere,Automation,Robotics,California,SoftBank Vision Fund,Series B,2879.1
137,2018-11-20,HealthifyMe,Health and Wellness,Wellness Coach,Bengaluru,Sistema Asia Fund,Series B (Extension),57.582
137,2018-11-20,HealthifyMe,Health and Wellness,Wellness Coach,Bengaluru,VC Samsung NEXT,Series B (Extension),57.582
137,2018-11-20,HealthifyMe,Health and Wellness,Wellness Coach,Bengaluru,Chiratae Ventures,Series B (Extension),57.582
137,2018-11-20,HealthifyMe,Health and Wellness,Wellness Coach,Bengaluru,Inventus Capital,Series B (Extension),57.582
137,2018-11-20,HealthifyMe,Health and Wellness,Wellness Coach,Bengaluru,Blume Ventures and Innoven Capital.,Series B (Extension),57.582
138,2018-11-21,Genius Corner,Education,Personalized Learning,Noida,Individual investors,Seed Funding,2.667966
139,2018-11-22,Aavishkaar-Intellecap Group,Investment,SME Funding,Mumbai,Teachers Insurance and Annuity Association (TIAA),Equity Based Funding,297.507
140,2018-11-22,Skillbox,Social Network,Art,Gurugram,Individual investors,Seed Funding,0.0
141,2018-11-23,Signzy,Financial Tech,Digital Onboarding Solution,Mumbai/Bengaluru,Stellaris Venture Partners and Kalaari Capital,Series A,32.6298
141,2018-11-23,Signzy,Financial Tech,Digital Onboarding Solution,Mumbai/Bengaluru,Rajan Anandan from Google,Series A,32.6298
141,2018-11-23,Signzy,Financial Tech,Digital Onboarding Solution,Mumbai/Bengaluru,Dilip Khandwelwal from SAP Labs India,Series A,32.6298
141,2018-11-23,Signzy,Financial Tech,Digital Onboarding Solution,Mumbai/Bengaluru,and Amrish Rau from PayU India,Series A,32.6298
142,2018-11-24,Engineer.ai,Software,AI Platform,India/US,Lakestar and Jungle Ventures,Series A,283.1115
142,2018-11-24,Engineer.ai,Software,AI Platform,India/US,Softbanks DeepCore.,Series A,283.1115
143,2018-11-25,InCred Finance,Finance,SME Lending,India,Paragon Partners,Private Equity,403.074
143,2018-11-25,InCred Finance,Finance,SME Lending,India,Individual Investors,Private Equity,403.074
144,2018-11-25,Roposo,Social Media,Video Sharing,Delhi,Bertelsmann India Investments,Series B,16.3149
145,2018-10-01,Northmist,Fashion,Mens Wear,Delhi,Prashant Jaiswal,Seed/ Angel Funding,0.0
146,2018-10-02,Origo Commodities India Pvt. Ltd,Logistics,Supply Chain,Hyderabad,Cooperative Oikocredit,Seed/ Angel Funding,105.567
146,2018-10-02,Origo Commodities India Pvt. Ltd,Logistics,Supply Chain,Hyderabad,Caspian and Hivos-Triodos Fund,Seed/ Angel Funding,105.567
147,2018-10-04,Grover Zampa,Food,Wine,Mumbai,Ravi Viswanathan,Private Equity,78.6954
148,2018-10-05,Droom,Automobile,New and Used Cars Platform,Gurgaon,ZigExN,Series E,28.791
149,2018-10-11,Innov8,Real Estate,Co-Working,New Delhi,Credence Family Office,Pre-Series A,38.388
150,2018-10-12,Blackbuck,Logistics Tech,Largest Trucking Platform,Bengaluru,Sequoia Capital India,Private Funding,140.88396
151,2018-10-12,LetsTransport,Logistics Tech,Book Trucks Online,Bengaluru,Fosun International,Series C,115.164
152,2018-09-01,Netmeds,Consumer Internet,Online Pharmacy Chain,Chennai,Sistema Asia Fund,Private Equity,335.895
152,2018-09-01,Netmeds,Consumer Internet,Online Pharmacy Chain,Chennai,Sistema JSFC and Tanncam Investment,Private Equity,335.895
153,2018-09-03,Udaan,B2B Platform,Logistics and Shipping,Bengaluru,DST Global and Lightspeed Venture Partners global fund.,Private Equity,2159.325
154,2018-09-03,Daily hunt,Consumer Internet,News and ebooks Mobile App,Bengaluru,Falcon Edge,Private Equity,61.32483
155,2018-09-04,3HCare,Healthcare,Healthcare Service Provider,Delhi,Undiscolsed,Seed / Angel Funding,9.597
156,2018-09-04,HappyGoEasy,Consumer Internet,Online Travel Agecy,Gurugram,Korea Investment Partners (KIP),Private Equity,0.0
156,2018-09-04,HappyGoEasy,Consumer Internet,Online Travel Agecy,Gurugram,Samsung and China-based CITIC Capital and others,Private Equity,0.0
157,2018-09-05,Nykaa,Consumer Internet,Online Marketplace For Multi-brand Beauty Cosmetic and Wellness Products,Mumbai,Lighthouse,Private Equity,1508.6484
158,2018-09-05,Mad Street Den,Technology,Computer Vision And Artificial Intelligence (Ai) Platform,Chennai,KDDI,Private Equity,0.0
159,2018-09-06,Dream11,Consumer Internet,Online Gaming Platform,Mumbai,Tencent,Private Equity,959.7
159,2018-09-06,Dream11,Consumer Internet,Online Gaming Platform,Mumbai,Kalaari Capital and Private equity firm Multiples Alternate Asset Management,Private Equity,959.7
160,2018-09-10,MamaEarth,Healthcare,Online Marketplace For Mother and Babycare Products,Gurugram,Stellaris Ventures & Others,Private Equity,38.388
161,2018-09-11,AutoGrid,Technology,AI-Based Energy Optimisation and Control Provider,Bengaluru,CLP Holdings Group,Private Equity,307.104
161,2018-09-11,AutoGrid,Technology,AI-Based Energy Optimisation and Control Provider,Bengaluru,Innogy,Private Equity,307.104
161,2018-09-11,AutoGrid,Technology,AI-Based Energy Optimisation and Control Provider,Bengaluru,rstead,Private Equity,307.104
161,2018-09-11,AutoGrid,Technology,AI-Based Energy Optimisation and Control Provider,Bengaluru,and Tenaska,Private Equity,307.104
162,2018-09-11,Pharmeasy,Consumer Internet,Online Marketplace For Pharmaceutical Products,Mumbai,InnoVen Capital,Debt Funding,52.7835
163,2018-09-11,Upwards,Fin-Tech,Online Micro Lending Marketplace,Mumbai,Shunwei Capital,Private Equity,47.985
163,2018-09-11,Upwards,Fin-Tech,Online Micro Lending Marketplace,Mumbai,Quotient,Private Equity,47.985
163,2018-09-11,Upwards,Fin-Tech,Online Micro Lending Marketplace,Mumbai,Mayfield & Others,Private Equity,47.985
164,2018-09-12,Kissht,Fin-Tech,Online lending Platform,Mumbai,Vertex Ventures Southeast Asia (SEA) and India and Sistema Asia Fund,Private Equity,287.91
164,2018-09-12,Kissht,Fin-Tech,Online lending Platform,Mumbai,Fosun RZ Capital,Private Equity,287.91
164,2018-09-12,Kissht,Fin-Tech,Online lending Platform,Mumbai,Ventureast,Private Equity,287.91
164,2018-09-12,Kissht,Fin-Tech,Online lending Platform,Mumbai,and Endiya Partners,Private Equity,287.91
165,2018-08-01,dishq,Food-Tech,Personalisation Technology Firm Focusing On The Food And Beverage Industry,Bengaluru,Farm To Fork,Seed/ Angel Funding,3.8388
165,2018-08-01,dishq,Food-Tech,Personalisation Technology Firm Focusing On The Food And Beverage Industry,Bengaluru,Arts Alliance,Seed/ Angel Funding,3.8388
165,2018-08-01,dishq,Food-Tech,Personalisation Technology Firm Focusing On The Food And Beverage Industry,Bengaluru,The Syndicate Fund,Seed/ Angel Funding,3.8388
165,2018-08-01,dishq,Food-Tech,Personalisation Technology Firm Focusing On The Food And Beverage Industry,Bengaluru,Sven Hensen,Seed/ Angel Funding,3.8388
165,2018-08-01,dishq,Food-Tech,Personalisation Technology Firm Focusing On The Food And Beverage Industry,Bengaluru,Zeroth and Artesian Venture Partners,Seed/ Angel Funding,3.8388
166,2018-08-01,HealthFin,Finance,Patient Financing Platform,Pune,Axilor,Seed/ Angel Funding,0.0
166,2018-08-01,HealthFin,Finance,Patient Financing Platform,Pune,Sprout Venture Partners and others,Seed/ Angel Funding,0.0
167,2018-08-02,Samosa Labs,Consumer Internet,Social Media and Chat Entertainment Platform,Hyderabad,Xiaomi and Sequoia Capital India,Private Equity,67.179
168,2018-08-03,ZiffyHomes,Consumer Internet,Online Home Rental Marketplace,Gurugram,Y Combinator,Private Equity,1.15164
169,2018-08-07,My OmNamo,Consumer Internet,Holy Platform Offering Customised Puja Packages To Individuals and Corporates,Mumbai,Undiscolsed,Seed/ Angel Funding,9.597
170,2018-08-07,ShopX,Consumer Internet,Assisted E-commerce Platform,Bengaluru,Fung Strategic Holdings,Private Equity,335.895
171,2018-08-07,MakeMyTrip,Consumer Internet,Online Travel Aggregator,Gurugram,MakeMyTrip Limited,Private Equity,95.97
172,2018-08-08,Hansel io,Consumer Internet,Real-time Mobile App Management,Bengaluru,Vertex Ventures,Seed/ Angel Funding,38.388
173,2018-08-08,Metro Bikes,Consumer Internet,Online Bike Rental Marketplace,Bengaluru,Sequoia Capital India Advisors,Private Equity,117.0834
173,2018-08-08,Metro Bikes,Consumer Internet,Online Bike Rental Marketplace,Bengaluru,Accel Partners and G Raghunandan,Private Equity,117.0834
174,2018-08-08,Phone Pe,Consumer Internet,UPI Payments App,Bengaluru,Flipkart,Private Equity,633.402
175,2018-08-09,quizizz,Ed-Tech,e-learning Platform,Bengaluru,Nexus Venture Partners,Seed/ Angel Funding,28.791
175,2018-08-09,quizizz,Ed-Tech,e-learning Platform,Bengaluru,Prime Venture Partners and Others,Seed/ Angel Funding,28.791
176,2018-08-09,Happy EMI,Fin-Tech,Consumer Financing Platform,Bengaluru,AJ Ventures and Jain International Trade Organisation (JITO),Seed/ Angel Funding,9.597
177,2018-08-13,Inthree,Consumer Internet,Rural E-commerce Platform,Chennai,Ventureast,Seed/ Angel Funding,38.388
177,2018-08-13,Inthree,Consumer Internet,Rural E-commerce Platform,Chennai,Orios Venture Partners and the IAN Fund,Seed/ Angel Funding,38.388
178,2018-08-13,Observe AI,Technology,AI Based Solutions Platform,Bengaluru,Nexus Venture Partners,Private Equity,76.776
178,2018-08-13,Observe AI,Technology,AI Based Solutions Platform,Bengaluru,MGV,Private Equity,76.776
178,2018-08-13,Observe AI,Technology,AI Based Solutions Platform,Bengaluru,Liquid 2 Ventures,Private Equity,76.776
178,2018-08-13,Observe AI,Technology,AI Based Solutions Platform,Bengaluru,Hack VC,Private Equity,76.776
178,2018-08-13,Observe AI,Technology,AI Based Solutions Platform,Bengaluru,Emergent Ventures and Y Combinator,Private Equity,76.776
179,2018-08-16,Enakshi,Consumer Internet,AI Based Solutions Platform,Ahemadabad,Undiscolsed,Seed/ Angel Funding,1.101841167
180,2018-08-17,EazyDiner,Consumer Internet,Online Restaurant Table Reservation Platform,Gurugram,Denlow Investment Trust and Beenext,Private Equity,56.14245
181,2018-08-20,Finzy,Finance,Online Loan Matchmaking Platform,Bengaluru,Undiscolsed,Seed / Angel Funding,9.597
182,2018-08-20,RawPressery,Consumer Internet,Online Organic Juice Delivery Service,Mumbai,Alteria Capital,Debt Funding,46.0656
183,2018-08-22,Pi Ventures,Technology,Applied Artificial Intelligence and IoT focusedPlatform,Bengaluru,CDC Group plc,Private Equity,57.582
184,2018-08-22,Revv,Consumer Internet,Online Indian Car Rental Platform,Gurugram,Hyundai,Private Equity,136.94919
184,2018-08-22,Revv,Consumer Internet,Online Indian Car Rental Platform,Gurugram,Edelweiss and Beenext,Private Equity,136.94919
184,2018-08-22,Revv,Consumer Internet,Online Indian Car Rental Platform,Gurugram,Dream Incubator,Private Equity,136.94919
184,2018-08-22,Revv,Consumer Internet,Online Indian Car Rental Platform,Gurugram,Sunjay Kapoor and Telama Investment,Private Equity,136.94919
185,2018-08-26,ZestMoney,Consumer Internet,Online Lending Platform,Bengaluru,Xiaomi,Private Equity,128.5998
185,2018-08-26,ZestMoney,Consumer Internet,Online Lending Platform,Bengaluru,PayU,Private Equity,128.5998
185,2018-08-26,ZestMoney,Consumer Internet,Online Lending Platform,Bengaluru,Ribbit Capital and Omidyar Network,Private Equity,128.5998
186,2018-08-26,Shubh Loans,Fin-Tech,Customer Sourcing Platform,Bengaluru,Saama Capital,Private Equity,40.3074
186,2018-08-26,Shubh Loans,Fin-Tech,Customer Sourcing Platform,Bengaluru,SRI Capital,Private Equity,40.3074
186,2018-08-26,Shubh Loans,Fin-Tech,Customer Sourcing Platform,Bengaluru,Beenext,Private Equity,40.3074
186,2018-08-26,Shubh Loans,Fin-Tech,Customer Sourcing Platform,Bengaluru,and Pravega Ventures,Private Equity,40.3074
187,2018-08-27,MyUpchar,Healthcare,Local Language Health Content App,Delhi,Nexus Venture Partners,Private Equity,47.985
187,2018-08-27,MyUpchar,Healthcare,Local Language Health Content App,Delhi,Omidyar Network and Shunwei Capital,Private Equity,47.985
188,2018-08-28,Narvar,IT,Post-Purchase Customer Engagement Platform,Bengaluru,Accel (formerly known as Accel Partners),Private Equity,28.791
189,2018-08-30,True North,Finance,Private Equity Firm,Mumbai,Undiscolsed,Private Equity,5758.2
190,2018-07-01,Leena AI,Technology,HR Virtual Agent For Employees,Gurugram,Y Combinator,Seed/ Angel Funding,0.0
191,2018-07-02,Biryani By Kilo,Consumer Internet,Online Food Delivery,Gurugram,Ajay Relan and Vinay Mittal,Seed/ Angel Funding,9.597
192,2018-07-04,Anchanto,IT,E-commerce Fulfilment Platform,Pune,MDI Ventures & Telkom Indonesia,Private Equity,38.388
193,2018-07-04,Loan Tap,Consumer Internet,Online Lending Platform For Salaried Professionals,Mumbai,Shunwei Capital,Private Equity,59.98125
193,2018-07-04,Loan Tap,Consumer Internet,Online Lending Platform For Salaried Professionals,Mumbai,Tuscan Ventures,Private Equity,59.98125
193,2018-07-04,Loan Tap,Consumer Internet,Online Lending Platform For Salaried Professionals,Mumbai,Ashish Goenka,Private Equity,59.98125
193,2018-07-04,Loan Tap,Consumer Internet,Online Lending Platform For Salaried Professionals,Mumbai,VC firms India Quotient and Kae Capital,Private Equity,59.98125
194,2018-07-06,PolicyBazaar,Consumer Internet,Online Insurance Selling Platform,Gurugram,Info Edge (India) Ltd and Temasek,Private Equity,265.8369
195,2018-07-09,zippserv,Consumer Internet,Online Platform For Risk-Assessment Services For Real Estate Investments,Bengaluru,Info Edge (India) Ltd,Seed/ Angel Funding,4.22268
196,2018-07-09,Groww,Consumer Internet,Online Platform That Sells Direct Plans Of Mutual Funds,Bengaluru,Insignia Ventures Partners,Seed/ Angel Funding,10.5567
196,2018-07-09,Groww,Consumer Internet,Online Platform That Sells Direct Plans Of Mutual Funds,Bengaluru,Lightbridge Partners & Kairos,Seed/ Angel Funding,10.5567
197,2018-07-10,Avenue Growth,Consumer Internet,Online Platform That Connects Brands With Freelance Sales Professionals,Gurugram,Avtar Monga,Seed/ Angel Funding,4.193889
197,2018-07-10,Avenue Growth,Consumer Internet,Online Platform That Connects Brands With Freelance Sales Professionals,Gurugram,chief operating office at IDFC Bank,Seed/ Angel Funding,4.193889
197,2018-07-10,Avenue Growth,Consumer Internet,Online Platform That Connects Brands With Freelance Sales Professionals,Gurugram,Aditya Malik & Others,Seed/ Angel Funding,4.193889
198,2018-07-10,iNICU,Healthcare,Med-tech Platform Providing Care For Newborns,Delhi,Venture Catalysts,Seed/ Angel Funding,0.0
199,2018-07-10,Kinara Capital,Finance,Lending Platform For Micro and Small Enterprises,Bengaluru,ResponsAbility,Private Equity,47.985
200,2018-07-10,Shop 101,Consumer Internet,Mobile Storefront And Commerce Platform For Sellers,Mumbai,Stellaris Venture Partners,Private Equity,47.985
200,2018-07-10,Shop 101,Consumer Internet,Mobile Storefront And Commerce Platform For Sellers,Mumbai,Vy Capital,Private Equity,47.985
200,2018-07-10,Shop 101,Consumer Internet,Mobile Storefront And Commerce Platform For Sellers,Mumbai,Raghunandan G,Private Equity,47.985
200,2018-07-10,Shop 101,Consumer Internet,Mobile Storefront And Commerce Platform For Sellers,Mumbai,and Ramakant Sharma,Private Equity,47.985
201,2018-07-11,Sambandh,Consumer Internet,Online Micro Lending Platform,Rourkela,Base of Pyramid Asia (BOPA) Pte Ltd,Private Equity,23.9925
202,2018-07-12,19th mile,IT,Artificial intelligence-based sales acceleration software platform,Gurugram,Rishi Vasudev,Seed/ Angel Funding,1.72746
202,2018-07-12,19th mile,IT,Artificial intelligence-based sales acceleration software platform,Gurugram,Excelsior Investments,Seed/ Angel Funding,1.72746
202,2018-07-12,19th mile,IT,Artificial intelligence-based sales acceleration software platform,Gurugram,Ritesh Vohra,Seed/ Angel Funding,1.72746
202,2018-07-12,19th mile,IT,Artificial intelligence-based sales acceleration software platform,Gurugram,Praveer Kumar,Seed/ Angel Funding,1.72746
202,2018-07-12,19th mile,IT,Artificial intelligence-based sales acceleration software platform,Gurugram,Prashant Gupta and Others,Seed/ Angel Funding,1.72746
203,2018-07-12,5th Vital,Healthcare,Home diagnostics services provider,Bengaluru,Brand Capital and Others,Seed/ Angel Funding,4.7985
204,2018-07-13,MEngage,Healthcare,A Doctor-Patient Engagement Platform,Jaipur,Siddharth Agarwal,Seed/ Angel Funding,1.679475
204,2018-07-13,MEngage,Healthcare,A Doctor-Patient Engagement Platform,Jaipur,Mahavir Sharma,Seed/ Angel Funding,1.679475
204,2018-07-13,MEngage,Healthcare,A Doctor-Patient Engagement Platform,Jaipur,Amit Singal,Seed/ Angel Funding,1.679475
204,2018-07-13,MEngage,Healthcare,A Doctor-Patient Engagement Platform,Jaipur,100 Co-founders Lab and others.,Seed/ Angel Funding,1.679475
205,2018-07-17,Ofbusiness,Finance,Online Lending Platform For SME,Gurugram,Creation Investments,Private Equity,278.313
205,2018-07-17,Ofbusiness,Finance,Online Lending Platform For SME,Gurugram,Falcon Edge,Private Equity,278.313
205,2018-07-17,Ofbusiness,Finance,Online Lending Platform For SME,Gurugram,Matrix Partners India and Zodius Capital,Private Equity,278.313
206,2018-07-17,Cars24,Consumer Internet,Online Used Car Marketplace,Gurugram,Kingsway FCI Fund,Private Equity,476.9709
206,2018-07-17,Cars24,Consumer Internet,Online Used Car Marketplace,Gurugram,KCK Global & Others,Private Equity,476.9709
207,2018-07-18,The Ken,Consumer Internet,Subscription-Only News Website,Bengaluru,Omidyar Network & Others,Seed/ Angel Funding,14.3955
208,2018-07-19,Book My Show,Consumer Internet,Online Ticketing Platform,Mumbai,TPG Growth,Private Equity,959.7
208,2018-07-19,Book My Show,Consumer Internet,Online Ticketing Platform,Mumbai,The Rise Fund & Others,Private Equity,959.7
209,2018-07-20,HousingMan,Consumer Internet,Property Discovery Platform,Bengaluru,Undiscolsed,Seed/ Angel Funding,14.3955
210,2018-07-21,PaySense,Consumer Internet,Online Consumer Lending Platform,Mumbai,PayU & Others,Private Equity,172.746
211,2018-07-23,Yulu Bikes,Technology,Bicycle-Sharing Platform,Bengaluru,Undiscolsed,Seed/ Angel Funding,0.0
212,2018-07-23,VTION,Technology,Media Analytics,Gurugram,AngelList,Seed/ Angel Funding,2.68716
212,2018-07-23,VTION,Technology,Media Analytics,Gurugram,Rahul Khanna,Seed/ Angel Funding,2.68716
212,2018-07-23,VTION,Technology,Media Analytics,Gurugram,Rajeev Arora and Ram Ramsundar.,Seed/ Angel Funding,2.68716
213,2018-07-23,Log9 Materials,Technology,Nanotechnology Company Specializing In Graphene,Bengaluru,Metaform Ventures,Seed/ Angel Funding,4.184292
213,2018-07-23,Log9 Materials,Technology,Nanotechnology Company Specializing In Graphene,Bengaluru,Hemant Luthra,Seed/ Angel Funding,4.184292
213,2018-07-23,Log9 Materials,Technology,Nanotechnology Company Specializing In Graphene,Bengaluru,Micro venture capital firm GEMS Partners and Others,Seed/ Angel Funding,4.184292
214,2018-07-24,kidovators,Ed-Tech,Skill Learning Platform,Bengaluru,Gray Matters,Seed/ Angel Funding,1.72746
215,2018-07-24,Digit,Consumer Internet,Online Insurance Startup,Pune,Fairfax,Private Equity,431.865
216,2018-07-25,Black Soil,Finance,Non-Banking Financial Company,Mumbai,Allcargo Logistics,Private Equity,163.149
216,2018-07-25,Black Soil,Finance,Non-Banking Financial Company,Mumbai,Navneet Education and Mahavir Agency,Private Equity,163.149
217,2018-07-25,Trell,Consumer Internet,Mobile-First Video Blogging App,Bengaluru,BeeNext,Seed/ Angel Funding,11.99625
217,2018-07-25,Trell,Consumer Internet,Mobile-First Video Blogging App,Bengaluru,WEH Ventures and Sprout Ventures,Seed/ Angel Funding,11.99625
218,2018-07-25,iqlect,Technology,Data Analytics Firm,Bengaluru,Ventureast and Exfinity,Seed/ Angel Funding,23.9925
219,2018-07-26,Entropik,IT,Software-As-A-Service Platform,Bengaluru,Bharat Innovation,Seed/ Angel Funding,10.5567
219,2018-07-26,Entropik,IT,Software-As-A-Service Platform,Bengaluru,IDFC-Parampara Capital,Seed/ Angel Funding,10.5567
219,2018-07-26,Entropik,IT,Software-As-A-Service Platform,Bengaluru,Arthavida Ventures,Seed/ Angel Funding,10.5567
219,2018-07-26,Entropik,IT,Software-As-A-Service Platform,Bengaluru,Jitendra Gupta & Others,Seed/ Angel Funding,10.5567
220,2018-07-26,Bitla Software,Technology,Travel-Focused Tech Startup,Bengaluru,MakeMyTrip,Private Equity,0.0
221,2018-07-26,TheCapitalNet,Fin-Tech,Unified Global Investments Ecosystem,Hyderabad,Lindwall Family Investments LLC (LFI),Private Equity,4.7985
222,2018-07-30,Shuttl,Consumer Internet,Bus Aggregation Platform,Gurugram,Amazon Alexa Fund & Dentsu Ventures,Private Equity,105.567
223,2018-07-30,Cure Fit,Consumer Internet,Health and fitness Platform,Bengaluru,IDG Ventures,Private Equity,1151.64
223,2018-07-30,Cure Fit,Consumer Internet,Health and fitness Platform,Bengaluru,Accel Partners,Private Equity,1151.64
223,2018-07-30,Cure Fit,Consumer Internet,Health and fitness Platform,Bengaluru,Kalaari Capital and Others,Private Equity,1151.64
224,2018-07-31,Five Star Group,Fin-Tech,Non-Bank Lending Platform For SME,Chennai,TPG,Private Equity,959.7
224,2018-07-31,Five Star Group,Fin-Tech,Non-Bank Lending Platform For SME,Chennai,Norwest Venture Partners,Private Equity,959.7
224,2018-07-31,Five Star Group,Fin-Tech,Non-Bank Lending Platform For SME,Chennai,Sequoia Capital & Matrix Partners,Private Equity,959.7
225,2018-07-31,Healthsignz,Healthcare,Health and Well being Platform,Hyderabad,Kantilal Patel,Seed/ Angel Funding,47.985
226,2018-06-01,CoinTribe,Finance,Credit-Based Lending Marketplace For Small And Medium Enterprises,Gurugram,Sabre Partners,Private Equity,95.97
226,2018-06-01,CoinTribe,Finance,Credit-Based Lending Marketplace For Small And Medium Enterprises,Gurugram,Puneet Dalmia & Others,Private Equity,95.97
227,2018-06-04,Digiconectt,Technology,Sales Analytics and Enablement Platform,Bengaluru,Aspire Logistics LLC,Seed/ Angel Funding,1.199625
228,2018-06-04,Kashmir Box,E-Commerce,"Online Marketplace For Handicrafts, Handlooms And Local Produce",Srinagar,Bhairavi Jani,Seed/ Angel Funding,0.0
228,2018-06-04,Kashmir Box,E-Commerce,"Online Marketplace For Handicrafts, Handlooms And Local Produce",Srinagar,Alok Divatia,Seed/ Angel Funding,0.0
228,2018-06-04,Kashmir Box,E-Commerce,"Online Marketplace For Handicrafts, Handlooms And Local Produce",Srinagar,Namrata Kaul,Seed/ Angel Funding,0.0
228,2018-06-04,Kashmir Box,E-Commerce,"Online Marketplace For Handicrafts, Handlooms And Local Produce",Srinagar,Sohail Hashemi,Seed/ Angel Funding,0.0
228,2018-06-04,Kashmir Box,E-Commerce,"Online Marketplace For Handicrafts, Handlooms And Local Produce",Srinagar,Aijaz Saleem,Seed/ Angel Funding,0.0
229,2018-06-05,Crowdera,Finance,Online Crowdfunding Platform,Nagpur,Anil Advani,Seed/ Angel Funding,0.0
229,2018-06-05,Crowdera,Finance,Online Crowdfunding Platform,Nagpur,Pramod Jain,Seed/ Angel Funding,0.0
229,2018-06-05,Crowdera,Finance,Online Crowdfunding Platform,Nagpur,Amrendra Reddy and Manish Satnaliwala.,Seed/ Angel Funding,0.0
230,2018-06-05,Zoctr,Healthcare,Online Healthcare Aggregator,Mumbai,NB Ventures and Others,Seed/ Angel Funding,0.0
231,2018-06-07,Annapurna Finance,Finance,Non-Banking Financial Company,Bhubneswar,Oman India Joint Investment Fund (OIJIF),Private Equity,220.731
232,2018-06-07,Meesho,Consumer Internet,Online Marketplace For Resellers,Bengaluru,Sequoia Capital India,Private Equity,110.3655
232,2018-06-07,Meesho,Consumer Internet,Online Marketplace For Resellers,Bengaluru,SAIF Partners,Private Equity,110.3655
232,2018-06-07,Meesho,Consumer Internet,Online Marketplace For Resellers,Bengaluru,Y Combinator and Venture Highway,Private Equity,110.3655
233,2018-06-10,AyeFinance,Finance,Online Lending Platform,Gurugram,CapitalG,Private Equity,206.3355
233,2018-06-10,AyeFinance,Finance,Online Lending Platform,Gurugram,SAIF Partners and LGT Impact Ventures,Private Equity,206.3355
234,2018-06-11,Theranosis,Healthcare,Specialised diagnostics Platform,Hyderabad,Mumbai Angels Network,Seed/ Angel Funding,0.0
235,2018-06-12,Alpha Capital,Finance,Supplychain Finance,Mumbai,Alpha Capital,Private Equity,142.0356
236,2018-06-12,eshakti,E-Commerce,Fashion e-tailer,Chennai,Paragon Partners,Private Equity,96.9297
237,2018-06-12,Daily Ninja,Consumer Internet,Hyperlocal Delivery Platform,Bengaluru,Saama Capital and Sequoia Capital,Seed/ Angel Funding,28.791
238,2018-06-13,NirogStreet,Healthcare,An Online Platform That Connects Ayurveda Doctors With Patients,Gurugram,Spiral Ventures,Seed/ Angel Funding,2.8791
238,2018-06-13,NirogStreet,Healthcare,An Online Platform That Connects Ayurveda Doctors With Patients,Gurugram,Subho Ray and Samir Kumar,Seed/ Angel Funding,2.8791
239,2018-06-13,Nivesh,Finance,Mass Market Mutual Fund Investment Platform,Noida,LetsVenture,Seed/ Angel Funding,4.31865
239,2018-06-13,Nivesh,Finance,Mass Market Mutual Fund Investment Platform,Noida,Rajan Anandan,Seed/ Angel Funding,4.31865
239,2018-06-13,Nivesh,Finance,Mass Market Mutual Fund Investment Platform,Noida,Basab Pradhan,Seed/ Angel Funding,4.31865
239,2018-06-13,Nivesh,Finance,Mass Market Mutual Fund Investment Platform,Noida,Vivek Khare and Bijoy George,Seed/ Angel Funding,4.31865
240,2018-06-13,What's Up Life,Consumer Internet,"A Local Discovery App For Dining-Out, Party, Leisure and Events",Gurugram,Rannvijay Singha,Seed/ Angel Funding,0.0
241,2018-06-14,HomeLane,Consumer Internet,Online Home Furnishing Solutions,Bengaluru,Brand Capital,Seed/ Angel Funding,33.10965
242,2018-06-14,Network Intelligence,Technology,Cybersecurity Specialist,Mumbai,Helix Investments,Private Equity,46.0656
243,2018-06-18,Tynor Othontics,Healthcare,Prosthetics Manufacturers,Chandigarh,Lighthouse Funds & Thuasne Participations,Private Equity,201.537
244,2018-06-18,Elucidata,IT,Data Analytics (SaaS),Delhi & Cambridge,Hyperplane Venture Capital and several angel investors,Seed/ Angel Funding,16.3149
245,2018-06-19,Chrysalis,Ed-Tech,Education Services Provider,Pune,Menterra Venture & Artha Initiatives,Seed/ Angel Funding,0.0
246,2018-06-19,RentSher,Consumer Internet,Online Rental Marketplace,Bengaluru,Shorooq Investments,Seed/ Angel Funding,10.5567
246,2018-06-19,RentSher,Consumer Internet,Online Rental Marketplace,Bengaluru,LetsVenture & Others,Seed/ Angel Funding,10.5567
247,2018-06-20,Drip capital,Finance,Trade Finance Firm,Mumbai,Accel Partners,Private Equity,143.955
247,2018-06-20,Drip capital,Finance,Trade Finance Firm,Mumbai,Sequoia India,Private Equity,143.955
247,2018-06-20,Drip capital,Finance,Trade Finance Firm,Mumbai,Y Combinator and others.,Private Equity,143.955
248,2018-06-22,WickedRide,Consumer Internet,Online Motorbike And Scooter Rental Platforms,Bengaluru,Sequoia Capital,Private Equity,87.3327
248,2018-06-22,WickedRide,Consumer Internet,Online Motorbike And Scooter Rental Platforms,Bengaluru,Accel Partners & Raghunandan Gangappa,Private Equity,87.3327
249,2018-06-25,PolicyBazaar,Consumer Internet,Online Insurance Selling Platform,Gurugram,SoftBank Vision Fund & Info Edge (India) Ltd,Private Equity,1919.4
250,2018-06-25,HipBar,Consumer Internet,Digital Payment Platform For Beverage Delivery,Bengaluru,Diageo India,Private Equity,38.388
251,2018-06-25,Sqqrl,Finance,App-based investment platform,Gurugram,Equanimity Venture Fund,Seed/ Angel Funding,9.597
252,2018-06-26,Paytm,Technology,Digital Payment Platform,Noida,One 97 Communications,Private Equity,85.89315
253,2018-06-26,Sigtuple,Healthcare,Data Driven Intelligence Solutions Platform,Bengaluru,Accel Partners,Private Equity,182.343
253,2018-06-26,Sigtuple,Healthcare,Data Driven Intelligence Solutions Platform,Bengaluru,IDG Venture,Private Equity,182.343
253,2018-06-26,Sigtuple,Healthcare,Data Driven Intelligence Solutions Platform,Bengaluru,Endiya Partners,Private Equity,182.343
253,2018-06-26,Sigtuple,Healthcare,Data Driven Intelligence Solutions Platform,Bengaluru,pi Ventures,Private Equity,182.343
253,2018-06-26,Sigtuple,Healthcare,Data Driven Intelligence Solutions Platform,Bengaluru,VH Capital,Private Equity,182.343
253,2018-06-26,Sigtuple,Healthcare,Data Driven Intelligence Solutions Platform,Bengaluru,Axilor Ventures and Binny Bansal,Private Equity,182.343
254,2018-06-27,Wow Express,Technology,E-commerce Logistics Platform,Mumbai,Undisclosed Existing Investors As Well As The Tamarind Family Trust,Private Equity,43.1865
255,2018-06-28,Front Desk AI,Technology,An AI Platform Offering Automated Customer Service Software,Bengaluru,Speciale Invest & Others,Seed/ Angel Funding,10.5567
256,2018-06-28,Edureka,Ed-Tech,Online Education Platform,Bengaluru,Leo Capital,Seed/ Angel Funding,19.194
257,2018-06-29,Numeroseven,Technology,An Artificial Intelligence-Based Recruitment Platform,Kolkatta,Shiva Gunapu & Others,Seed/ Angel Funding,0.0
258,2018-05-02,OpenTap,Finance,Online Lending Platform,Chennai,Unknown High Net-Worth Individuals,Seed / Angel Funding,4.31865
259,2018-05-02,Bizongo,Consumer Internet,Aggregator For Packaging Material,Mumbai,B Capital,Private Equity,211.134
259,2018-05-02,Bizongo,Consumer Internet,Aggregator For Packaging Material,Mumbai,International Finance Corporation (IFC),Private Equity,211.134
259,2018-05-02,Bizongo,Consumer Internet,Aggregator For Packaging Material,Mumbai,Accel Partners and IDG Ventures,Private Equity,211.134
260,2018-05-03,Disprz,IT,SaaS,Chennai,IL&FS Private Equity,Seed / Angel Funding,23.9925
260,2018-05-03,Disprz,IT,SaaS,Chennai,Kae Capital & Others,Seed / Angel Funding,23.9925
261,2018-05-07,PaisaDukan,Consumer Internet,P2P Lending Platform,Mumbai,Undiscolsed,Seed / Angel Funding,2.159325
262,2018-05-09,i3sysytems,Technology,AI product company For Health and Life Insurane Companies,Mumbai,Unitus Ventures,Seed / Angel Funding,9.597
262,2018-05-09,i3sysytems,Technology,AI product company For Health and Life Insurane Companies,Mumbai,Behram Vakil and Jerxis Vandrevala,Seed / Angel Funding,9.597
263,2018-05-11,Earth Food,Consumer Internet,Agri-tech,Pune,Rairah Corporation,Seed / Angel Funding,9.107553
264,2018-05-14,Nykaa,Consumer Internet,Beauty e-tailer,Mumbai,Sunil Munjal,Private Equity,230.328
264,2018-05-14,Nykaa,Consumer Internet,Beauty e-tailer,Mumbai,Harsh Mariwala,Private Equity,230.328
264,2018-05-14,Nykaa,Consumer Internet,Beauty e-tailer,Mumbai,Dalip Pathak and Others,Private Equity,230.328
265,2018-05-16,mfine,Healthcare,Doctor-Consultation App,Bengaluru,Prime Venture Partners,Private Equity,40.3074
265,2018-05-16,mfine,Healthcare,Doctor-Consultation App,Bengaluru,Stellaris Venture Partners and Mayur Abhaya Srisrimal,Private Equity,40.3074
266,2018-05-21,Rocketium,Technology,Online Video Creation Platform,Bengaluru,Blume ventures,Seed/ Angel Funding,2.8791
267,2018-05-21,MilkBasket,Technology,Micro-Delivery Grocery Startup,Gurugram,Kalaari Capital,Private Equity,67.179
267,2018-05-21,MilkBasket,Technology,Micro-Delivery Grocery Startup,Gurugram,Unilever Ventures and Blume Ventures,Private Equity,67.179
268,2018-05-22,Vola,Finance,Micro Lending Platform,Bengaluru,Credika and unnamed angel investors,Seed/ Angel Funding,4.7985
269,2018-05-22,Cashkumar,Consumer Internet,P2P Lending Platform,Bengaluru,LetsVenture,Seed/ Angel Funding,7.053795
270,2018-05-23,Edyoo,E-Commerce,Products For Shoolgoing Children,Bengaluru,RS Shanbag,Seed/ Angel Funding,7.053795
271,2018-05-23,Aashiyaan,Finance,Housing Finance For Low-Income Families,Kolkata,Insistor,Seed/ Angel Funding,19.194
271,2018-05-23,Aashiyaan,Finance,Housing Finance For Low-Income Families,Kolkata,Oikocredit,Seed/ Angel Funding,19.194
272,2018-05-24,Smartivity,Ed-tech,Designer Of Toys and Learning Projects For Kids,Delhi,Ashish Kacholi,Seed/ Angel Funding,19.194
272,2018-05-24,Smartivity,Ed-tech,Designer Of Toys and Learning Projects For Kids,Delhi,S Chand Group,Seed/ Angel Funding,19.194
273,2018-05-24,Bonphulapl,Clean-tech,Oxygen Optimiser Manufacturer,Delhi,Atul Gupta and Saurabh Rastogi,Seed/ Angel Funding,2.811921
274,2018-05-27,Acko,Consumer Internet,Online Insurance Platform,Mumbai,Amazon,Seed/ Angel Funding,115.164
274,2018-05-27,Acko,Consumer Internet,Online Insurance Platform,Mumbai,Ashish Dhawan,Seed/ Angel Funding,115.164
274,2018-05-27,Acko,Consumer Internet,Online Insurance Platform,Mumbai,Catamaran Ventures,Seed/ Angel Funding,115.164
274,2018-05-27,Acko,Consumer Internet,Online Insurance Platform,Mumbai,NR Narayana Murthy.,Seed/ Angel Funding,115.164
275,2018-05-28,HWell24,Healthcare,Home Healthcare Aggregator,Mumbai,Prashant Mehta,Seed/ Angel Funding,1.9194
275,2018-05-28,HWell24,Healthcare,Home Healthcare Aggregator,Mumbai,Mitali Pawar,Seed/ Angel Funding,1.9194
275,2018-05-28,HWell24,Healthcare,Home Healthcare Aggregator,Mumbai,Nikhil G and Bhavesh P,Seed/ Angel Funding,1.9194
275,2018-05-28,HWell24,Healthcare,Home Healthcare Aggregator,Mumbai,R Ranganathan,Seed/ Angel Funding,1.9194
275,2018-05-28,HWell24,Healthcare,Home Healthcare Aggregator,Mumbai,ONCOTRUST and Medintel Services Pvt. Ltd,Seed/ Angel Funding,1.9194
276,2018-05-29,Toffee,Consumer Internet,Online Insurance Platform,Gurugram,Kalaari Capital,Seed/ Angel Funding,14.3955
276,2018-05-29,Toffee,Consumer Internet,Online Insurance Platform,Gurugram,Omidyar Network and Accion Venture Labs,Seed/ Angel Funding,14.3955
277,2018-05-29,Tonetag,Technology,Mobile Payments Technology Platform,Bengaluru,Amazon Inc. and Mastercard,Private Equity,76.776
278,2018-05-30,Events High,Consumer Internet,Events and Activities Discovery Platform,Bengaluru,Treebo,Private Equity,0.0
279,2018-05-30,Stellaps,Technology,Iot Application Platform In Agriculture,Bengaluru,IndusAge Partners,Private Equity,134.358
279,2018-05-30,Stellaps,Technology,Iot Application Platform In Agriculture,Bengaluru,Bill & Melinda Gates Foundation,Private Equity,134.358
279,2018-05-30,Stellaps,Technology,Iot Application Platform In Agriculture,Bengaluru,Qualcomm Venture,Private Equity,134.358
279,2018-05-30,Stellaps,Technology,Iot Application Platform In Agriculture,Bengaluru,ABB Technology Ventures,Private Equity,134.358
279,2018-05-30,Stellaps,Technology,Iot Application Platform In Agriculture,Bengaluru,Omnivore,Private Equity,134.358
279,2018-05-30,Stellaps,Technology,Iot Application Platform In Agriculture,Bengaluru,Blume Ventures,Private Equity,134.358
279,2018-05-30,Stellaps,Technology,Iot Application Platform In Agriculture,Bengaluru,Venture Highway and BEENEXT,Private Equity,134.358
280,2018-05-31,Credright,Consumer Internet,Lending Platform For SMEs,Hyderabad,Accion Venture Lab,Seed/ Angel Funding,12.4761
280,2018-05-31,Credright,Consumer Internet,Lending Platform For SMEs,Hyderabad,YourNest Venture Capital And Other Angel Investors,Seed/ Angel Funding,12.4761
281,2018-04-02,Fitternity,Consumer Internet,Online Fitness Discovey Platform,Mumbai,Exfinity Venture,Private Equity,19.194
281,2018-04-02,Fitternity,Consumer Internet,Online Fitness Discovey Platform,Mumbai,Saha fund Partners,Private Equity,19.194
281,2018-04-02,Fitternity,Consumer Internet,Online Fitness Discovey Platform,Mumbai,Arihant Patni of Patni Family Office,Private Equity,19.194
281,2018-04-02,Fitternity,Consumer Internet,Online Fitness Discovey Platform,Mumbai,Anjali Bansal,Private Equity,19.194
281,2018-04-02,Fitternity,Consumer Internet,Online Fitness Discovey Platform,Mumbai,Shardul Amarchand Mangaldas,Private Equity,19.194
281,2018-04-02,Fitternity,Consumer Internet,Online Fitness Discovey Platform,Mumbai,Satish Khanna and Taparia family office.,Private Equity,19.194
282,2018-04-02,Synctag,Technology,Social Media Anlaytics Platform,Coimbatore,Subhkam Ventures and Mohit Khadaria,Seed / Angel Funding,2.9520372
283,2018-04-02,Benepik,Technology,Enhanced Employee Engagement Platform,Gurugram,Vishal Bali,Seed / Angel Funding,0.0
283,2018-04-02,Benepik,Technology,Enhanced Employee Engagement Platform,Gurugram,Yogesh Misra,Seed / Angel Funding,0.0
283,2018-04-02,Benepik,Technology,Enhanced Employee Engagement Platform,Gurugram,Thomas Assessments and others,Seed / Angel Funding,0.0
284,2018-04-02,Finzy,Consumer Internet,Online Loan Matchmaking Platform,Bengaluru,Undiscolsed,Seed / Angel Funding,12.4761
285,2018-04-04,Varthana,Finance,Loans and Services To Affordable Private Schools in India,Bengaluru,ChrysCapital,Private Equity,527.835
285,2018-04-04,Varthana,Finance,Loans and Services To Affordable Private Schools in India,Bengaluru,Existing investors,Private Equity,527.835
285,2018-04-04,Varthana,Finance,Loans and Services To Affordable Private Schools in India,Bengaluru,Elevar Equity,Private Equity,527.835
285,2018-04-04,Varthana,Finance,Loans and Services To Affordable Private Schools in India,Bengaluru,LGT Impact,Private Equity,527.835
285,2018-04-04,Varthana,Finance,Loans and Services To Affordable Private Schools in India,Bengaluru,Omidyar Network and Kaizen Private Equity also participated in the round,Private Equity,527.835
286,2018-04-05,IndigoLearn,Ed-Tech,Online Education Platform,Hyderabad,Maheshwar Peri,Seed / Angel Funding,1.43955
286,2018-04-05,IndigoLearn,Ed-Tech,Online Education Platform,Hyderabad,founder and chairman of career information portal Careers360,Seed / Angel Funding,1.43955
286,2018-04-05,IndigoLearn,Ed-Tech,Online Education Platform,Hyderabad,and Jamshed Jeejeebhoy,Seed / Angel Funding,1.43955
286,2018-04-05,IndigoLearn,Ed-Tech,Online Education Platform,Hyderabad,director at Byramjee Jeejeebhoy Pvt. Ltd were among the angels,Seed / Angel Funding,1.43955
287,2018-04-05,Vedantu,Ed-Tech,Interactive Online Tutoring Platform,Bangalore,Accel Partners,Private Equity,95.97
287,2018-04-05,Vedantu,Ed-Tech,Interactive Online Tutoring Platform,Bangalore,Tiger Global And Others,Private Equity,95.97
288,2018-04-09,Kaleidofin,Fiinance,Digital Financial Services Platform,Chennai,Omidyar Network. Blume Ventures and Professor Shlomo Ben-Haim,Seed / Angel Funding,26.8716
289,2018-04-09,Pipabella,Consumer Internet,Fashion Accessories Etailer,Mumbai,Fireside Ventures,Seed / Angel Funding,9.597
290,2018-04-09,Elemential,Technology,Blockchain Platform,Mumbai,Matrix Partner,Seed / Angel Funding,0.0
290,2018-04-09,Elemential,Technology,Blockchain Platform,Mumbai,Amrish Rau,Seed / Angel Funding,0.0
290,2018-04-09,Elemential,Technology,Blockchain Platform,Mumbai,Investopad,Seed / Angel Funding,0.0
290,2018-04-09,Elemential,Technology,Blockchain Platform,Mumbai,Digital Currency Group,Seed / Angel Funding,0.0
290,2018-04-09,Elemential,Technology,Blockchain Platform,Mumbai,Hinduja Group,Seed / Angel Funding,0.0
290,2018-04-09,Elemential,Technology,Blockchain Platform,Mumbai,Lightspeed India,Seed / Angel Funding,0.0
290,2018-04-09,Elemential,Technology,Blockchain Platform,Mumbai,Eight Innovate,Seed / Angel Funding,0.0
290,2018-04-09,Elemential,Technology,Blockchain Platform,Mumbai,Amit Ranjan,Seed / Angel Funding,0.0
290,2018-04-09,Elemential,Technology,Blockchain Platform,Mumbai,Prashant Malik and others,Seed / Angel Funding,0.0
291,2018-04-09,Kriger Campus,Ed-Tech,Mobile-Based Education Network,Delhi,Undiscolsed,Seed / Angel Funding,0.44280558
292,2018-04-10,Loanzen,Finance,Digital Lending Platform In Logistics,Bengaluru,Kae Capital Management,Seed / Angel Funding,0.0
293,2018-04-10,TravelTriangle,Consumer Internet,Online Travel Marketplace,Gurugram,Fundamentum,Private Equity,115.164
293,2018-04-10,TravelTriangle,Consumer Internet,Online Travel Marketplace,Gurugram,SAIF Partners,Private Equity,115.164
293,2018-04-10,TravelTriangle,Consumer Internet,Online Travel Marketplace,Gurugram,Bessemer Venture Partners,Private Equity,115.164
293,2018-04-10,TravelTriangle,Consumer Internet,Online Travel Marketplace,Gurugram,RB investments & Others,Private Equity,115.164
294,2018-04-12,Letsmd,Healthcare,Platform To Discover Healthcare Financing Options,Delhi,SRI Capital,Seed / Angel Funding,9.597
294,2018-04-12,Letsmd,Healthcare,Platform To Discover Healthcare Financing Options,Delhi,Waterbridge Ventures and ThinKuvate,Seed / Angel Funding,9.597
295,2018-04-12,AyeFinance,Finance,Online Lending Platform,Gurugram,BlueOrchard Finance Ltd,Debt Funding,44.1462
295,2018-04-12,AyeFinance,Finance,Online Lending Platform,Gurugram,Hinduja Leyland Finance and IntelleGrow,Debt Funding,44.1462
296,2018-04-13,mintifi,Finance,Online Lending Platform,Mumbai,Lok Capital,Seed / Angel Funding,19.194
297,2018-04-16,icanstay,Consumer Internet,Online Platform For Luxury Hotel Stay For Business Travelers,Delhi,Mr. Manoj Prasad,Seed / Angel Funding,4.7985
298,2018-04-16,Pregbuddy,Healthcare,Connected Care App For Pregnant Women,Bengaluru,Rajan Anandan,Seed / Angel Funding,0.0
298,2018-04-16,Pregbuddy,Healthcare,Connected Care App For Pregnant Women,Bengaluru,Madhusudhan Kannan,Seed / Angel Funding,0.0
298,2018-04-16,Pregbuddy,Healthcare,Connected Care App For Pregnant Women,Bengaluru,Jayant Kadambi,Seed / Angel Funding,0.0
298,2018-04-16,Pregbuddy,Healthcare,Connected Care App For Pregnant Women,Bengaluru,Puneet Gupta and Pradeep K Jaisingh,Seed / Angel Funding,0.0
299,2018-04-18,Coverfox,Consumer Internet,Online Insurance Aggregator,Mumbai,International Finance Corporation,Private Equity,211.134
299,2018-04-18,Coverfox,Consumer Internet,Online Insurance Aggregator,Mumbai,Transamerica and others.,Private Equity,211.134
300,2018-04-19,Lenskart,Consumer Internet,Online Eyewear Retailer,Faridabad,TR Capital,Private Equity,0.0
301,2018-04-19,mamaearth,Healthcare,Online Baby care Products,Gurugram,Shilpa Shetty Kundra,Private Equity,0.0
302,2018-04-19,Fyle Technologies,Technology,AI Based Expense Management Platform,Bengaluru,Pravega Ventures and Beenext,Seed / Angel Funding,10.5567
303,2018-04-19,True Balance,Technology,Mobile Balance Checking App,Gurugram,Line Ventures Corporation,Private Equity,220.731
303,2018-04-19,True Balance,Technology,Mobile Balance Checking App,Gurugram,Line Corp,Private Equity,220.731
303,2018-04-19,True Balance,Technology,Mobile Balance Checking App,Gurugram,Naver,Private Equity,220.731
303,2018-04-19,True Balance,Technology,Mobile Balance Checking App,Gurugram,Shinhan Bank and TS Investment,Private Equity,220.731
304,2018-04-22,Visit,Healthcare,AI Driven Health tech Platform,Delhi,Biz Stone,Private Equity,0.0
304,2018-04-22,Visit,Healthcare,AI Driven Health tech Platform,Delhi,Kunal Bahl,Private Equity,0.0
304,2018-04-22,Visit,Healthcare,AI Driven Health tech Platform,Delhi,Rohit Bansal,Private Equity,0.0
304,2018-04-22,Visit,Healthcare,AI Driven Health tech Platform,Delhi,Alagu Periyannan and Karthee Madasamy,Private Equity,0.0
305,2018-04-22,Doxper,Healthcare,Digitized Health-Tech Solutions For Practitioners,Mumbai,Vidal Healthcare,Seed / Angel Funding,18.2343
306,2018-04-22,Nykaa,Consumer Internet,Beauty e-tailer,Mumbai,Sunil Munjal,Private Equity,105.567
306,2018-04-22,Nykaa,Consumer Internet,Beauty e-tailer,Mumbai,Harsh Mariwala,Private Equity,105.567
306,2018-04-22,Nykaa,Consumer Internet,Beauty e-tailer,Mumbai,Dalip Pathak and Others,Private Equity,105.567
307,2018-04-23,Mihuru,Finance,Online Platform Providing Micro Loans For Air Travel,Mumbai,Undiscolsed,Seed / Angel Funding,1.43955
308,2018-04-23,Capital Float,Finance,Online Lending Platform,Bengaluru,Amazon,Private Equity,211.134
309,2018-04-25,Trip shelf,Consumer Internet,Online Travel Marketplace,Delhi,GEMS Advisory,Seed / Angel Funding,2.360862
309,2018-04-25,Trip shelf,Consumer Internet,Online Travel Marketplace,Delhi,Alok Mittal and Sachin Bhatia,Seed / Angel Funding,2.360862
310,2018-04-26,POPxo,Technology,Women Focussed Digital Media Platform,Delhi,Neoplux,Private Equity,52.7835
310,2018-04-26,POPxo,Technology,Women Focussed Digital Media Platform,Delhi,OPPO,Private Equity,52.7835
310,2018-04-26,POPxo,Technology,Women Focussed Digital Media Platform,Delhi,IDG Ventures India,Private Equity,52.7835
310,2018-04-26,POPxo,Technology,Women Focussed Digital Media Platform,Delhi,Kalaari Capital,Private Equity,52.7835
310,2018-04-26,POPxo,Technology,Women Focussed Digital Media Platform,Delhi,GREE Ventures and Summit Media,Private Equity,52.7835
311,2018-04-26,RailYatri,Consumer Internet,Online Travel Ticketing Platform,Noida,Omidyar Network,Private Equity,0.0
311,2018-04-26,RailYatri,Consumer Internet,Online Travel Ticketing Platform,Noida,Nandan Nilekani,Private Equity,0.0
311,2018-04-26,RailYatri,Consumer Internet,Online Travel Ticketing Platform,Noida,Blume Ventures,Private Equity,0.0
311,2018-04-26,RailYatri,Consumer Internet,Online Travel Ticketing Platform,Noida,Helion Venture Partners,Private Equity,0.0
312,2018-04-27,1mg,Consumer Internet,Online Pharmacy Store,Gurugram,Sequoia Capital,Private Equity,95.97
312,2018-04-27,1mg,Consumer Internet,Online Pharmacy Store,Gurugram,Maverick Capital Ltd and HBM Healthcare Investments Ltd,Private Equity,95.97
313,2018-04-29,Rubique,Consumer Internet,Online Lending MarketPlace,Mumbai,Emery Capital,Private Equity,0.0
313,2018-04-29,Rubique,Consumer Internet,Online Lending MarketPlace,Mumbai,Blacksoil and Kalaari Capital,Private Equity,0.0
314,2018-04-30,Samco,Consumer Internet,Online Stock Broker,Mumbai,Bay Capital Investments and Others,Private Equity,71.9775
315,2018-04-30,MyLoanCare,Finance,B2C Online Loans Marketplace,Gurgaon,SAR Group,Seed / Angel Funding,9.385866
316,2018-03-01,PharmEasy,Consumer Internet,Online Pharmacy Store,Mumbai,Bessemer Venture Partners and Orios Venture Partners,Private Equity,0.0
316,2018-03-01,PharmEasy,Consumer Internet,Online Pharmacy Store,Mumbai,JM Financials and MEMG,Private Equity,0.0
317,2018-03-01,Buddy4studdy,Consumer Internet,Online Scholarship Portal,Noida,CBA Capital and others,Private Equity,28.791
318,2018-03-01,Urban Ladder,E-Commerce,Online Furniture Store,Bengaluru,Sequoia Capital,Private Equity,115.164
318,2018-03-01,Urban Ladder,E-Commerce,Online Furniture Store,Bengaluru,SAIF Partners and Kalaari capital,Private Equity,115.164
319,2018-03-03,Kuvera,Consumer Internet,Online Financial Planning,Bengaluru,Baskar Subramanian,Seed / Angel Funding,2.39925
319,2018-03-03,Kuvera,Consumer Internet,Online Financial Planning,Bengaluru,Saket Kumar,Seed / Angel Funding,2.39925
319,2018-03-03,Kuvera,Consumer Internet,Online Financial Planning,Bengaluru,Gaurav Suri and Ankit Kesarwani,Seed / Angel Funding,2.39925
320,2018-03-04,Gramophone,Technology,Agri-tech,Indore,InfoEdge,Seed/Angel Funding,9.597
321,2018-03-05,Wellthy,Healthcare,Therapeutics,Mumbai,Ranjan Pai,Private Equity,20.1537
321,2018-03-05,Wellthy,Healthcare,Therapeutics,Mumbai,Apoorva Patni,Private Equity,20.1537
321,2018-03-05,Wellthy,Healthcare,Therapeutics,Mumbai,Beenext Ventures,Private Equity,20.1537
321,2018-03-05,Wellthy,Healthcare,Therapeutics,Mumbai,GrowX Ventures,Private Equity,20.1537
322,2018-03-05,MedGenome,Healthcare,"Genetic Screening, DNA Diagnostics Labs & Research Centers",Bengaluru,HDFC Life,Private Equity,95.97
322,2018-03-05,MedGenome,Healthcare,"Genetic Screening, DNA Diagnostics Labs & Research Centers",Bengaluru,HDFC Asset Management,Private Equity,95.97
323,2018-03-05,Finova Capital,Consumer Internet,Online Lending,Jaipur,Sequoia Capital,Private Equity,57.582
324,2018-03-05,Hotelogix,Technology,Cloud based Online Hotel Management Software,Noida,Vertex Ventures,Private Equity,47.985
324,2018-03-05,Hotelogix,Technology,Cloud based Online Hotel Management Software,Noida,Accel Partners and Saama Capital,Private Equity,47.985
325,2018-03-04,Livehealth,Consumer Internet,Health Service Aggregator Platform,Pune,Nexus Venture Partners,Seed / Angel Funding,10.5567
326,2018-03-06,Ad2pro,Technology,"Creative Design, Brand, Media and Technology Platform Solutions",Chennai,Avendus Finance Pvt. Ltd,Debt Funding,93.0909
327,2018-03-06,Coverfox,Consumer Internet,Online Insurance Aggregator,Mumbai,Aegon NV,Private Equity,72.9372
328,2018-03-08,Pepperfry,Consumer Internet,Online Furniture Shopping Store,Mumbai,State Street Global Advisors,Private Equity,368.5248
329,2018-03-08,Magicpin,Consumer Internet,Hyperlocal Discovery,Gurugram,Trifecta Capital,Debt Funding,9.597
330,2018-03-12,HealthCare,Consumer Internet,Healthcare Aggregator,Mumbai,HR Fund,Seed / Angel Funding,9.597
331,2018-03-13,PineLabs,Technology,Digital Payment Platform,Mumbai,Actis,Private Equity,786.954
331,2018-03-13,PineLabs,Technology,Digital Payment Platform,Mumbai,Altimeter Capital,Private Equity,786.954
332,2018-03-14,Stumagz,Consumer Internet,Online Communication and Collaboration Platform For Educational Institutions,Hyderabad,Venkat Subramanian,Seed / Angel Funding,0.0
332,2018-03-14,Stumagz,Consumer Internet,Online Communication and Collaboration Platform For Educational Institutions,Hyderabad,Sudhakar Pennam,Seed / Angel Funding,0.0
332,2018-03-14,Stumagz,Consumer Internet,Online Communication and Collaboration Platform For Educational Institutions,Hyderabad,and other tech investors from Silicon Valley,Seed / Angel Funding,0.0
333,2018-03-14,AvailFinance,Consumer Internet,Online Lending Platform,Bengaluru,Matrix Partners,Private Equity,165.0684
333,2018-03-14,AvailFinance,Consumer Internet,Online Lending Platform,Bengaluru,Bhavish Aggarwal,Private Equity,165.0684
333,2018-03-14,AvailFinance,Consumer Internet,Online Lending Platform,Bengaluru,Ankit Bhati,Private Equity,165.0684
333,2018-03-14,AvailFinance,Consumer Internet,Online Lending Platform,Bengaluru,Binny Bansal,Private Equity,165.0684
333,2018-03-14,AvailFinance,Consumer Internet,Online Lending Platform,Bengaluru,Kunal Shah and Manish Patel.,Private Equity,165.0684
334,2018-03-15,Grofers,Consumer Internet,Online Grocery Shop,Gurugram,SoftBank,Private Equity,595.014
334,2018-03-15,Grofers,Consumer Internet,Online Grocery Shop,Gurugram,Tiger Global and Apoletto Managers.,Private Equity,595.014
335,2018-03-19,Fingerlix,Consumer Internet,Ready To cook Food Solution,Mumbai,Alteria Capital,Debt Funding,12.57207
336,2018-03-19,Karma Healthcare,Healthcare,Technology enabled equitable healthcare for India,Udaipur,1Crowd,Seed / Angel Funding,4.7985
336,2018-03-19,Karma Healthcare,Healthcare,Technology enabled equitable healthcare for India,Udaipur,Ankur Capital,Seed / Angel Funding,4.7985
337,2018-03-19,Zappfresh,Food & Beverages,Online Raw Meat E-tailer,Gurugram,Amit Burman,Seed / Angel Funding,28.791
337,2018-03-19,Zappfresh,Food & Beverages,Online Raw Meat E-tailer,Gurugram,SIDBI Venture Capital,Seed / Angel Funding,28.791
338,2018-03-19,CustomerSucessBox,Technology,Customer Success Software for B2B SaaS,Gurugram,Pi Ventures,Seed / Angel Funding,9.597
338,2018-03-19,CustomerSucessBox,Technology,Customer Success Software for B2B SaaS,Gurugram,Axilor Ventures,Seed / Angel Funding,9.597
339,2018-03-20,One Labs,Consumer Internet,Consumer Technology and Artificial Intelligence Based Aggregator App,Undiscolsed,Micromax Informatics Ltd,Private Equity,0.0
340,2018-03-21,GigIndia,Consumer Internet,Micro Jobs Provider For Students,Pune,Jessica Wong,Seed / Angel Funding,0.0
340,2018-03-21,GigIndia,Consumer Internet,Micro Jobs Provider For Students,Pune,Hiro Mashita,Seed / Angel Funding,0.0
340,2018-03-21,GigIndia,Consumer Internet,Micro Jobs Provider For Students,Pune,Xue Manzi and Yiyun Zhang.,Seed / Angel Funding,0.0
341,2018-03-22,Chargebee,Technology,Subscription Billing & Recurring Payments Software,Chennai,Insight Venture Partners,Private Equity,172.746
341,2018-03-22,Chargebee,Technology,Subscription Billing & Recurring Payments Software,Chennai,Accel Partners and Tiger Global Management.,Private Equity,172.746
342,2018-03-22,i2i Funding,Consumer Internet,Online loan platform,Noida,SucSEED Venture Partners,Seed / Angel Funding,7.370496
343,2018-03-22,Slang Labs,Technology,Voice-based assistant platform,Bengaluru,Endiya Partners,Seed / Angel Funding,11.90028
344,2018-03-22,UrbanPiper,Technology,Online ordering solution for restaurants and food chains,Bengaluru,Kumar Vembu,Seed / Angel Funding,0.0
344,2018-03-22,UrbanPiper,Technology,Online ordering solution for restaurants and food chains,Bengaluru,Axilor Ventures,Seed / Angel Funding,0.0
345,2018-03-26,Cash Suvidha,Consumer Internet,Online loan platform,Delhi,Initia Holdings,Seed / Angel Funding,9.597
345,2018-03-26,Cash Suvidha,Consumer Internet,Online loan platform,Delhi,Vipin Agarwal and others.,Seed / Angel Funding,9.597
346,2018-03-28,Roadcast,Technology,Fleet management and asset monitoring platform,Delhi,Undiscolsed,Private Equity,2.39925
347,2018-03-28,Smartcoin,Finance,Micro lending company,Bengaluru,Accion Venture Lab,Seed / Angel Funding,19.194
347,2018-03-28,Smartcoin,Finance,Micro lending company,Bengaluru,Unicorn India Ventures and ISME ACE.,Seed / Angel Funding,19.194
348,2018-03-27,The Print,Media,News portal,Delhi,Ratan Tata,Seed / Angel Funding,5.134395
349,2018-03-27,DriveU,Technology,Professional Car Drivers Hiring App,Bengaluru,Amit Singhal and Unitus Seed Fund,Private Equity,28.791
350,2018-03-29,Fynd,Consumer Internet,O2O fashion ecommerce platform,Mumbai,Google,Seed / Angel Funding,0.0
350,2018-03-29,Fynd,Consumer Internet,O2O fashion ecommerce platform,Mumbai,Kae Capital,Seed / Angel Funding,0.0
350,2018-03-29,Fynd,Consumer Internet,O2O fashion ecommerce platform,Mumbai,IIFL,Seed / Angel Funding,0.0
350,2018-03-29,Fynd,Consumer Internet,O2O fashion ecommerce platform,Mumbai,Singularity Ventures,Seed / Angel Funding,0.0
350,2018-03-29,Fynd,Consumer Internet,O2O fashion ecommerce platform,Mumbai,GrowX,Seed / Angel Funding,0.0
350,2018-03-29,Fynd,Consumer Internet,O2O fashion ecommerce platform,Mumbai,Tracxn Labs,Seed / Angel Funding,0.0
350,2018-03-29,Fynd,Consumer Internet,O2O fashion ecommerce platform,Mumbai,Venture Catalyst,Seed / Angel Funding,0.0
350,2018-03-29,Fynd,Consumer Internet,O2O fashion ecommerce platform,Mumbai,Patni family office and Axis Capital.,Seed / Angel Funding,0.0
351,2018-02-01,BigBasket,Consumer Internet,Online Grocery & Food Store,Bengaluru,Alibaba,Private Equity,2879.1
351,2018-02-01,BigBasket,Consumer Internet,Online Grocery & Food Store,Bengaluru,Helion Venture Partners,Private Equity,2879.1
351,2018-02-01,BigBasket,Consumer Internet,Online Grocery & Food Store,Bengaluru,Bessemer Venture Partners,Private Equity,2879.1
351,2018-02-01,BigBasket,Consumer Internet,Online Grocery & Food Store,Bengaluru,Ascent Capital,Private Equity,2879.1
352,2018-02-01,Zomato,Food and Beverages,Food Ordering and Restaurant Discovery,Gurugram,Ant Financials,Private Equity,1919.4
353,2018-02-05,Pratilipi,Publishing,E-Publishing,Bengaluru,Omidyar Network,Private Equity,41.2671
354,2018-02-05,Asia Institute Of Medical Science,Healthcare,Super-specialty Hospital,Faridabad,CDC Group Plc,Private Equity,201.537
355,2018-02-05,CollegeDekho,Consumer Internet,Online platform for Higher Education Services,Gurugram,Man Capital LLP,Private Equity,19.194
355,2018-02-05,CollegeDekho,Consumer Internet,Online platform for Higher Education Services,Gurugram,Girnar Software,Private Equity,19.194
355,2018-02-05,CollegeDekho,Consumer Internet,Online platform for Higher Education Services,Gurugram,Others,Private Equity,19.194
356,2018-02-06,Foodmemories,Consumer Internet,Online Food Marketplace,Ahemdabad,Bhavesh Manglani,Seed funding,0.0
356,2018-02-06,Foodmemories,Consumer Internet,Online Food Marketplace,Ahemdabad,Suraj Saharan,Seed funding,0.0
356,2018-02-06,Foodmemories,Consumer Internet,Online Food Marketplace,Ahemdabad,Darshan Upadhyay,Seed funding,0.0
356,2018-02-06,Foodmemories,Consumer Internet,Online Food Marketplace,Ahemdabad,Sanjay Notani & Others,Seed funding,0.0
357,2018-02-06,Healthi,Healthcare,Preventive Health Checkup,Bengaluru,Montane Ventures,Private Equity,29.7507
358,2018-02-07,Swiggy,Food and Beverages,Online Food Delivery,Bengaluru,Naspers,Private Equity,959.7
359,2018-02-08,Shape,Healthcare,"Online Portal for Diet,fitness and Beauty",Pune,Sandeep Mathur,Seed / Angle Funding,959.7
360,2018-02-08,Icertis,Consumer Internet,Enterprise Contract Management Platform,Pune,Meritech Capital Partners,Private Equity,479.85
361,2018-02-09,healthifyme,Healthcare,Mobile Weight Loss Coach,Bengaluru,Sistema Asia Fund,Private Equity,115.164
362,2018-02-09,MedTel,Healthcare,Virtual health clinics,Bhubaneswar,British and Indian Governments,Private Equity,0.0
363,2018-02-09,Rupeek,Consumer Internet,Online Gold Loan,Bengaluru,Accel Partners,Private Equity,65.54751
363,2018-02-09,Rupeek,Consumer Internet,Online Gold Loan,Bengaluru,Sequoia Capital,Private Equity,65.54751
364,2018-02-09,WebEngage,Technology,Marketing Cloud for consumer businesses,Mumbai,Social Capital,Private Equity,0.0
365,2018-02-12,Lendingkart,Finance,Online Lending Platform,Bengaluru,Fullerton Financial Holdings Pte Ltd & Others,Private Equity,834.939
366,2018-02-12,Wydr,Consumer Internet,B2B Marketplace,Gurugram,Bessemer Venture Partners,Private Equity,0.0
366,2018-02-12,Wydr,Consumer Internet,B2B Marketplace,Gurugram,Stellaris Venture Partners,Private Equity,0.0
366,2018-02-12,Wydr,Consumer Internet,B2B Marketplace,Gurugram,Axis Capital,Private Equity,0.0
366,2018-02-12,Wydr,Consumer Internet,B2B Marketplace,Gurugram,Singapore,Private Equity,0.0
366,2018-02-12,Wydr,Consumer Internet,B2B Marketplace,Gurugram,Jungle Venture Partners,Private Equity,0.0
367,2018-02-12,Cashify,E-Commerce,Online Selling,Gurugram,Trifecta Capital,Debt Funding,8.974049133
368,2018-02-13,holachef,Food and Beverages,Online Food Delivery,Mumbai,Ashok Kumar Gajera,Seed / Angle Funding,2.9865864
369,2018-02-13,Awaaz De,Technology,Mobile Solutions for Social Impact,Ahmedabad,Tribe Impact Capital LLP,Seed / Angle Funding,0.0
370,2018-02-13,IMAX Program,Ed-Tech,Individualised Progressive Learning Program,Bengaluru,Michael & Susan Dell Foundation,Private Equity,129.5595
370,2018-02-13,IMAX Program,Ed-Tech,Individualised Progressive Learning Program,Bengaluru,LGT Impact Ventures,Private Equity,129.5595
371,2018-02-14,Littlemore,Ed-Tech,Online Education Platform,Chennai,Kalpavriksh,Private Equity,28.791
372,2018-02-14,Toppr,Ed-Tech,Online Education Platform,Mumbai,Axis Capital Partners,Private Equity,0.9597
373,2018-02-14,Shirsa Labs,Ed-Tech,Integrated Kids Engagement Company,Mumbai,Dewang Neralla,Private Equity,4.7985
373,2018-02-14,Shirsa Labs,Ed-Tech,Integrated Kids Engagement Company,Mumbai,Mahesh Kothurkar,Private Equity,4.7985
373,2018-02-14,Shirsa Labs,Ed-Tech,Integrated Kids Engagement Company,Mumbai,Atul Agarwal,Private Equity,4.7985
374,2018-02-14,MoneyOnMobile,Technology,mobile payment platform,Mumbai,S7 Group,Private Equity,47.985
375,2018-02-15,PetSutra,Consumer Internet,Online Pet Care Products,Gurugram,Michael Patrick Hickey,Seed / Angel Funding,1.424521098
376,2018-02-15,Infibeam,E-Commerce,Online Retailing,Ahemadabad,Network 18,Private Equity,59.78931
377,2018-02-16,happay,Finance,Expense Management,Bengaluru,Sequoia and Jerry Yang,Seed / Angel Funding,2.39925
378,2018-02-16,Fincash,Finance,Fin-Tech,Mumbai,Mohammed Khan,Seed / Angel Funding,1.43955
378,2018-02-16,Fincash,Finance,Fin-Tech,Mumbai,Sameer Narayan & Others,Seed / Angel Funding,1.43955
379,2018-02-19,AyeFinance,Finance,Online Lending,Gurugram,Hinduja Leyland Finance,Private Equity,36.4686
379,2018-02-19,AyeFinance,Finance,Online Lending,Gurugram,IntelleGrow,Private Equity,36.4686
380,2018-02-20,Agricxlab,Agriculture,Agri-tech,Mumbai,Ankur Capital,Seed / Angel Funding,4.7985
381,2018-02-21,Udaan,E-Commerce,B2B Marketplace,Bengaluru,Lightspeed & Yuri Milner,Private Equity,479.85
382,2018-02-21,Capillary,IT,SaaS,Bengaluru,Wargburg Pincus,Private Equity,191.94
382,2018-02-21,Capillary,IT,SaaS,Bengaluru,Sequoia,Private Equity,191.94
383,2018-02-21,The Healthy Billions,Healthcare,Analytics,Gurugram,Blume Ventures,Private Equity,20.1537
383,2018-02-21,The Healthy Billions,Healthcare,Analytics,Gurugram,HealthQuad and Fireside Ventures,Private Equity,20.1537
384,2018-02-21,HighRadius,Technology,Cloud-based Software,Hyderabad,PNC,Private Equity,0.0
384,2018-02-21,HighRadius,Technology,Cloud-based Software,Hyderabad,Citi Ventures,Private Equity,0.0
385,2018-02-26,Avishkaar Box,Ed-Tech,Education,Delhi,Auxano Deals,Private Equity,7.4136825
386,2018-02-26,Planys Technologies,Technology,Robotic InspectionStartup,Chennai,Kris Gopalakrishnan,Private Equity,9.98088
386,2018-02-26,Planys Technologies,Technology,Robotic InspectionStartup,Chennai,Pratithi Investment Trust,Private Equity,9.98088
386,2018-02-26,Planys Technologies,Technology,Robotic InspectionStartup,Chennai,MEMG Family Office,Private Equity,9.98088
386,2018-02-26,Planys Technologies,Technology,Robotic InspectionStartup,Chennai,S Gopal,Private Equity,9.98088
387,2018-02-27,Lollypop,Technology,Digital Design,Bengaluru,Dr Devi Shetty,Seed / Angel Funding,0.0
388,2018-02-27,Trilyo,Technology,AI platform for hospitality industry,Mumbai,Startup Buddy,Seed / Angel Funding,2.39925
388,2018-02-27,Trilyo,Technology,AI platform for hospitality industry,Mumbai,Amit Manocha and others,Seed / Angel Funding,2.39925
389,2018-02-28,Gaana,Technology,Online Music Streaming,Gurugram,Tencent Holdings Ltd,Private Equity,1103.655
389,2018-02-28,Gaana,Technology,Online Music Streaming,Gurugram,Times Internet,Private Equity,1103.655
390,2018-02-28,Credy,IT,SaaS,Bengaluru,Y Combinator,Seed / Angel Funding,13.4358
390,2018-02-28,Credy,IT,SaaS,Bengaluru,Khosla Ventures,Seed / Angel Funding,13.4358
390,2018-02-28,Credy,IT,SaaS,Bengaluru,Vy Capital and others,Seed / Angel Funding,13.4358
391,2018-02-28,Predible Health,Healthcare,Cancer radiology,Bengaluru,Unitus Seed Fund,Seed/Angel Funding,0.0
392,2018-01-02,CleverTap,Technology,Mobile App Analytics,Mumbai,Recruit Holdings,Angel / Seed Funding,0.0
392,2018-01-02,CleverTap,Technology,Mobile App Analytics,Mumbai,Sequoia Capital India,Angel / Seed Funding,0.0
392,2018-01-02,CleverTap,Technology,Mobile App Analytics,Mumbai,Accel Partners,Angel / Seed Funding,0.0
393,2018-01-04,EarlySalary,Finance,Online Lending,Pune,Eight Roads Ventures India,Private,150.6729
394,2018-01-05,WOTU,E-commerce,Food and Beverages,Bengaluru,Claris Capital,Angel / Seed Funding,0.0
394,2018-01-05,WOTU,E-commerce,Food and Beverages,Bengaluru,Mumbai Angels Network,Angel / Seed Funding,0.0
395,2018-01-08,DAAKI,E-commerce,Sports Nutrition Supplement etailer,Bengaluru,Rohan Agila,Angel / Seed Funding,0.0
396,2018-01-09,Lendingkart,Finance,Online Lending,Ahmedabad,Nederlandse Financierings-Maatschappij voor Ontwikkelingslanden N.V.,Debt Funding,45.1059
397,2018-01-09,Kinsane Entertainment Inc,Entertainment,Digital Entertainment for Children,Mumbai,Undiscolsed,Seed/Angel Funding,23.9925
398,2018-01-10,Tapzo,Technology,Personal Assistant,Bengaluru,RuNet & Other,Private Equity,18.52221
399,2018-01-10,Appario Retail Pvt Ltd.,E-commerce,Retail,Delhi,Amazon-Patni JV,Private Equity,180.80748
400,2018-01-10,Samunnati,Finance,Agricultural Loan,Chennai,responsAbility,Private Equity,225.5295
400,2018-01-10,Samunnati,Finance,Agricultural Loan,Chennai,Elevar Equity and Accel Partners,Private Equity,225.5295
401,2018-01-10,Sahajanand Medical Technologies,Technology,Medical Devices,Surat,Morgan Stanley Private Equity Asia,Private Equity,347.69931
402,2018-01-12,Kuants,Technology,Algorithmic Trading,Gurgaon,Pankaj Chopra,Angel / Seed Funding,0.76776
402,2018-01-12,Kuants,Technology,Algorithmic Trading,Gurgaon,Ankush Gupta,Angel / Seed Funding,0.76776
403,2018-01-12,Razorpay,Technology,Payment Gateway,Bengaluru,Tiger Global,Private Equity,191.94
403,2018-01-12,Razorpay,Technology,Payment Gateway,Bengaluru,Y Combinator,Private Equity,191.94
404,2018-01-15,Streak,Technology,Algorithmic Trading,Bengaluru,Indian fintech fund,Angel / Seed Funding,3.4030962
404,2018-01-15,Streak,Technology,Algorithmic Trading,Bengaluru,Rainmatter,Angel / Seed Funding,3.4030962
405,2018-01-15,pi Ventures,Finance,Venture Capital,Bengaluru,Sunil Kant Munjal,Private Equity,239.925
405,2018-01-15,pi Ventures,Finance,Venture Capital,Bengaluru,Hero Electronixs corporate financing arm,Private Equity,239.925
405,2018-01-15,pi Ventures,Finance,Venture Capital,Bengaluru,Electronic Development Fund,Private Equity,239.925
406,2018-01-15,Newgen Software,Technology,IT,New Delhi,Goldman Sachs,Private Equity,191.94
406,2018-01-15,Newgen Software,Technology,IT,New Delhi,hedge fund & Others,Private Equity,191.94
407,2018-01-17,Rubix,Technology,Education,Pune,Polaris Fund,Private Equity,9.597
408,2018-01-18,ShareChat,Technology,Social,Bengaluru,Xiaomi Singapore,Private Equity,174.6654
408,2018-01-18,ShareChat,Technology,Social,Bengaluru,Shunwei Capital,Private Equity,174.6654
409,2018-01-22,Paperflite,Technology,IT,Chennai,The Chennai Angels,Angel / Seed Funding,3.8388
410,2018-01-22,HungerBox,Consumer Internet,Food and Beverages,Bangalore,Lionrock Capital,Private Equity,23.9925
411,2018-01-22,Skillate,Technology,Artificial Intellegence,Bengaluru,Incubate Fund India,Private Equity,0.0
411,2018-01-22,Skillate,Technology,Artificial Intellegence,Bengaluru,Anuj Agrawal,Private Equity,0.0
412,2018-01-22,OptaCredit,Finance,Alternative Lending,Chennai,DMI Finance,Private Equity,38.388
413,2018-01-22,AEON Learning,Technology,Education,Bengaluru,Dr. Ranjan Pai,Private Equity,30.7104
414,2018-01-23,Milkbasket,E-commerce,Online Grocery,Gurugram,Unilever Ventures,Private Equity,28.791
415,2018-01-24,NeoGrowth Credit,Finance,Digital Lending,Mumbai,LeapFrog Investments,Private Equity,451.059
415,2018-01-24,NeoGrowth Credit,Finance,Digital Lending,Mumbai,Aspada Investment,Private Equity,451.059
415,2018-01-24,NeoGrowth Credit,Finance,Digital Lending,Mumbai,Quona Capital,Private Equity,451.059
416,2018-01-24,Rao IIT Academy,Education,Coaching Services,Mumbai,Avendus Finance,Structured Debt,82.5342
417,2018-01-24,Aye Finance,Finance,Online Lending,Gurugram,IFMR Capital,Term Loan,59.88528
418,2018-01-25,Glassic,Ecommerce,Eyewear,Bengaluru,Chennai Angels,Angel / Seed Funding,0.0
418,2018-01-25,Glassic,Ecommerce,Eyewear,Bengaluru,Lead Angels,Angel / Seed Funding,0.0
418,2018-01-25,Glassic,Ecommerce,Eyewear,Bengaluru,LetsVenture,Angel / Seed Funding,0.0
419,2018-01-25,GreyAtom,Technology,Education,Mumbai,Pravega Ventures,Private Equity,9.597
420,2018-01-26,Axio,Healthcare,Hemostatic Dressing Solutions,Bengaluru,RNT Capital,Private Equity,71.0178
421,2018-01-29,eKincare,Healthcare,Technology,Hyderabad,Ventureast,Private Equity,14.3955
421,2018-01-29,eKincare,Healthcare,Technology,Hyderabad,Endiya Partners,Private Equity,14.3955
421,2018-01-29,eKincare,Healthcare,Technology,Hyderabad,Eight Roads Ventures,Private Equity,14.3955
421,2018-01-29,eKincare,Healthcare,Technology,Hyderabad,Touchstone Equities,Private Equity,14.3955
421,2018-01-29,eKincare,Healthcare,Technology,Hyderabad,BVR Mohan Reddy,Private Equity,14.3955
422,2018-01-29,The Wedding Brigade,Consumer internet,Online Services,Mumbai,Blume Ventures,Private Equity,9.597
423,2018-01-30,PeeSafe,Healthcare,Hygiene,Gurugram,Shivani Singh,Private Equity,9.597
423,2018-01-30,PeeSafe,Healthcare,Hygiene,Gurugram,Rahul Maroli,Private Equity,9.597
423,2018-01-30,PeeSafe,Healthcare,Hygiene,Gurugram,Mitesh Shah,Private Equity,9.597
423,2018-01-30,PeeSafe,Healthcare,Hygiene,Gurugram,Venture Catalysts,Private Equity,9.597
423,2018-01-30,PeeSafe,Healthcare,Hygiene,Gurugram,Alfa Capital,Private Equity,9.597
423,2018-01-30,PeeSafe,Healthcare,Hygiene,Gurugram,Green Shots Capital,Private Equity,9.597
423,2018-01-30,PeeSafe,Healthcare,Hygiene,Gurugram,Real Time Ventures.,Private Equity,9.597
424,2018-01-30,BrowserStack,Technology,Browser Testing,Mumbai,Accel Partners,Private Equity,479.85
425,2018-01-30,Scapic,Technology,Virtual Reality,Bengaluru,Axilor Ventures,Angel / Seed Funding,4.7985
425,2018-01-30,Scapic,Technology,Virtual Reality,Bengaluru,Newfort Capital,Angel / Seed Funding,4.7985
426,2018-01-30,MoneyOnMobile,Technology,Mobile Payment Platform,Mumbai,Undisclosed Investors,Private Equity,72.9372
427,2018-01-30,CureFit,Healthcare,Fitness,Bengaluru,HDFC Bank,Debt Funding,95.97
427,2018-01-30,CureFit,Healthcare,Fitness,Bengaluru,Axis Bank,Debt Funding,95.97
428,2018-01-31,iNurture,Technology,Education Solutions,Bengaluru,Ventureast,Private Equity,42.2268
429,2017-12-01,Strata Enviro,Technology,IoT based air pollution controller,Mumbai,Scale Minds,Private Equity,0.0
430,2017-12-05,Dunzo,Technology,Daily Task Management Mobile App,Bangalore,Google,Private Equity,118.0431
431,2017-12-05,Tata Housing,Real Estate,Residential Project,Mumbai,Hines,Private Equity,220.731
432,2017-12-05,HandyTrain,Technology,Mobile Learning Management Platform,Goa,NB Ventures,Private Equity,9.597
433,2017-12-05,Mobycy,Technology,Bicycle sharing Platform,Gurgaon,Undisclosed Investors,Seed/Angel Funding,4.7985
434,2017-12-06,Greenlight Planet,Technology,Off-grid solar products platform,Mumbai,Apis Partner,Private Equity,575.82
434,2017-12-06,Greenlight Planet,Technology,Off-grid solar products platform,Mumbai,Eight Roads Ventures,Private Equity,575.82
434,2017-12-06,Greenlight Planet,Technology,Off-grid solar products platform,Mumbai,Bamboo Capital Partners,Private Equity,575.82
435,2017-12-06,Fintobox,Technology,Child Learning & Development Platform,Chennai,Lightbox,Private Equity,67.179
436,2017-12-07,Mswipe,Technology,Mobile point of sale services provider,Mumbai,Eduardo Saverin,Private Equity,95.97
437,2017-12-07,The Label Life,E-Commerce,Home Decor and Online Fashion Portal,Mumbai,Kalpvriksh,Private Equity,29.7507
438,2017-12-07,Cygnus Hospitals,Healthcare,Super speciality Hospitals,Gurgaon,Somerset Indus Capital Ventures,Seed/Angel Funding,7.19775
439,2017-12-07,eShakti,Ecommerce,"""Women\\'s Fashion Clothing Online Platform""",Chennai,IDG Ventures,Debt Funding,22.0731
440,2017-12-08,Inshorts,Technology,Mobile News Curation App,Noida,Tiger Global,Private Equity,47.985
441,2017-12-11,Vahdam Tea,E-Commerce,Online Platform Selling Indian Tea Globally,Delhi,Singapore Angel Network,Private Equity,14.3955
441,2017-12-11,Vahdam Tea,E-Commerce,Online Platform Selling Indian Tea Globally,Delhi,Mumbai Angel,Private Equity,14.3955
442,2017-12-11,Logic Roots,Technology,Educational Platform to Learn Mathematics,Mumbai,Village Capital,Seed/Angel Funding,0.47985
443,2017-12-11,Project Mudra,Technology,Assisting Visually Impaired to learn through Braille,Bengaluru,Village Capital,Seed/Angel Funding,0.47985
444,2017-12-11,Furlenco,Technology,Furniture Rental Platform,Bengaluru,Aamir Khan,Debt Funding,11.5164
445,2017-12-12,I Can Stay,Technology,Hotel Aggregator Platform,Delhi,HT Media,Private Equity,17.2746
446,2017-12-12,Fracktal Works,Technology,Platform based on 3D printing and Digital Manufacturing,Bengaluru,Hyderabad Angels,Seed/Angel Funding,0.0
447,2017-12-12,Simility,Technology,Adaptive Fraud Intelligence Platform,Hyderabad,Accel Partners,Private Equity,167.9475
448,2017-12-12,Shopholix,E-Commerce,Fashion and Lifestyle Coupon Platform,Gurgaon,Munesh Khanna,Seed/Angel Funding,2.236101
449,2017-12-13,MindTickle,Technology,Gamification Platform to train Sales People,Pune,Canaan Partners,Private Equity,259.119
450,2017-12-13,Nazara Technologies,Technology,Mobile Games Development Firm,Mumbai,Rakesh Jhunjhunwala,Private Equity,259.119
451,2017-12-13,DocsApp,Technology,Mobile Application for Doctor Consultation,Bengaluru,Bessemer Venture Partners,Private Equity,69.0984
452,2017-12-13,Capita World,Technology,Artificial Intelligence Platform to Raise Funds,Mumbai,Mohan Tanksale,Private Equity,0.0
452,2017-12-13,Capita World,Technology,Artificial Intelligence Platform to Raise Funds,Mumbai,Kiran Shetty,Private Equity,0.0
452,2017-12-13,Capita World,Technology,Artificial Intelligence Platform to Raise Funds,Mumbai,Darshak Shah,Private Equity,0.0
452,2017-12-13,Capita World,Technology,Artificial Intelligence Platform to Raise Funds,Mumbai,Mandar Mhatre,Private Equity,0.0
453,2017-12-14,Tea Box,E-Commerce,Fresh Indian Tea Selling Platform across 112 countries,Bengaluru,RB Investments,Private Equity,67.179
454,2017-12-14,Transversal Technologies,Technology,Hyperlocal Video Information Sharing Platform,Bengaluru,Matrix Partners,Private Equity,57.582
455,2017-12-14,Curofy,Technology,Mobile App for Network of Doctors,Gurgaon,RoundGlass Partners LLC,Seed/Angel Funding,2.39925
456,2017-12-14,HomeLane,E-Commerce,Online Furniture Marketplace,Bengaluru,Accel Partners,Private Equity,95.97
456,2017-12-14,HomeLane,E-Commerce,Online Furniture Marketplace,Bengaluru,Sequoia Capital,Private Equity,95.97
456,2017-12-14,HomeLane,E-Commerce,Online Furniture Marketplace,Bengaluru,RB Investments,Private Equity,95.97
457,2017-12-14,WeDoSky,Technology,Provides Business Insights using Drone Imaginary,Delhi,Mumbai Angels Network,Private Equity,0.0
458,2017-12-15,Purplle,E-Commerce,Beauty Products Online Marketplace,Mumbai,Mountain Pain Capital,Seed/Angel Funding,5.153589
458,2017-12-15,Purplle,E-Commerce,Beauty Products Online Marketplace,Mumbai,Suncoast Investments,Seed/Angel Funding,5.153589
459,2017-12-15,Cash Suvidha,E-Commerce,Online Micro-Lending Platform,Delhi,Undiscolsed,Debt Funding,25.9119
460,2017-12-18,Sky Met Weather,Technology,Weather Forecast Platform,Noida,InsuResillience Investment Fund,Private Equity,0.0
461,2017-12-19,Springboard,Technology,Online Courses and Mentoring from Experts,Bengaluru,Costanoa,Private Equity,91.1715
461,2017-12-19,Springboard,Technology,Online Courses and Mentoring from Experts,Bengaluru,Learn Capital,Private Equity,91.1715
461,2017-12-19,Springboard,Technology,Online Courses and Mentoring from Experts,Bengaluru,Jyoti Bansal,Private Equity,91.1715
462,2017-12-19,Peel Works,Technology,SaaS based Big Data Analytics Platform,Mumbai,Unilever Ventures,Private Equity,0.0
463,2017-12-19,9Stacks,Technology,Online Poker Platform,Delhi,Swati Gupta,Private Equity,14.3955
463,2017-12-19,9Stacks,Technology,Online Poker Platform,Delhi,Purnima Khandelwal,Private Equity,14.3955
463,2017-12-19,9Stacks,Technology,Online Poker Platform,Delhi,Maheshwar Peri,Private Equity,14.3955
463,2017-12-19,9Stacks,Technology,Online Poker Platform,Delhi,Sanjay Singh,Private Equity,14.3955
464,2017-12-20,Your Quote,Technology,Vernacular and Video Content Platform,Bengaluru,Axilor Ventures,Private Equity,9.597
464,2017-12-20,Your Quote,Technology,Vernacular and Video Content Platform,Bengaluru,E-City VEntures Atul Goel,Private Equity,9.597
465,2017-12-20,Spandana Sphoorty,Finance,Micro finance institution providing small ticket unsecured loans to women,Hyderabad,"""Kedaraa Capital",Private Equity,187.1415
465,2017-12-20,Spandana Sphoorty,Finance,Micro finance institution providing small ticket unsecured loans to women,Hyderabad,"Ontario Teachers\\'""",Private Equity,187.1415
466,2017-12-21,Indus OS,Technology,Regional Operating System for Smartphones,Mumbai,Omidyar Network,Private Equity,38.388
467,2017-12-21,EasyEcom,E-Commerce,Ecommerce enabler platform,Bengaluru,Ambarish Gupta,Seed/Angel Funding,1.43955
467,2017-12-21,EasyEcom,E-Commerce,Ecommerce enabler platform,Bengaluru,Aneesh Reddy,Seed/Angel Funding,1.43955
467,2017-12-21,EasyEcom,E-Commerce,Ecommerce enabler platform,Bengaluru,Bold Ventures,Seed/Angel Funding,1.43955
467,2017-12-21,EasyEcom,E-Commerce,Ecommerce enabler platform,Bengaluru,Vona Investments,Seed/Angel Funding,1.43955
468,2017-12-21,IGP.com,E-Commerce,Online Gifting Platform,Uttar Pradesh,Venture Catalysts,Private Equity,0.0
469,2017-12-26,Specsmakers,E-Commerce,Online Spects Platform for Men and Women,Chennai,Eight Roads Ventures India,Private Equity,95.97
470,2017-12-27,Garage On Road,E-Commerce,Online vehicle service booking platform,Noida,Gaurav Gupta,Private Equity,0.0
471,2017-12-27,Foyr.com,Technology,Realty Tech Startup solving real life Interior Designing problems,Hyderabad,Jones Lang LaSalle,Private Equity,36.4686
472,2017-11-02,Prest Loans,Finance,Business & SME Loans provider,New Delhi,Manish Poddar,Seed Funding,5.47029
472,2017-11-02,Prest Loans,Finance,Business & SME Loans provider,New Delhi,Arun Garg,Seed Funding,5.47029
472,2017-11-02,Prest Loans,Finance,Business & SME Loans provider,New Delhi,Parmeshwar Sharma,Seed Funding,5.47029
473,2017-11-02,AadharAPI.com,Technology,Aadhaar-based API provider,Pune,CIO Angel Network,Seed Funding,0.0
474,2017-11-02,FreshBoxx,ECommerce,Online Grocery Store,Bangalore,Jayant Humbarwadi,Seed Funding,0.0
475,2017-11-03,Vagupu,Technology,Online Tutorial Marketplace,Bangalore,Undisclosed Investors,Seed Funding,9.597
476,2017-11-03,HalaPlay,Consumer Internet,Online Fantasy Games,Mumbai,Kae Capital Management,Seed Funding,0.0
476,2017-11-03,HalaPlay,Consumer Internet,Online Fantasy Games,Mumbai,Nazara Technologies,Seed Funding,0.0
477,2017-11-03,Kalpnik Technologies,Technology,VR based Spiritual platform,Bangalore,Venture Catalysts,Seed Funding,4.7985
478,2017-11-04,Hevo Data,Technology,Real time data analytics & reporting,Bangalore,IDG Ventures India,Private Equity,9.597
479,2017-11-06,Smart Karma,Technology,Financial Technology Research Platform,Bangalore,IDG Ventures India,Private Equity,0.0
480,2017-11-06,Leverage Edu,ECommerce,Online platform for Higher Education Services,New Delhi,Alok Mittal,Seed Funding,0.0
480,2017-11-06,Leverage Edu,ECommerce,Online platform for Higher Education Services,New Delhi,Deepak Jain,Seed Funding,0.0
480,2017-11-06,Leverage Edu,ECommerce,Online platform for Higher Education Services,New Delhi,Ritesh Malik,Seed Funding,0.0
480,2017-11-06,Leverage Edu,ECommerce,Online platform for Higher Education Services,New Delhi,Jim Schimdktke,Seed Funding,0.0
481,2017-11-07,Crayon Data,Technology,Customer Engagement Platform,New Delhi,Infosys co-founder Kris Gopalakrishnan,Seed Funding,0.0
482,2017-11-07,DocTalk,Technology,Doctor Patient Communication platform,Mumbai,Matrix Partners India,Private Equity,47.985
482,2017-11-07,DocTalk,Technology,Doctor Patient Communication platform,Mumbai,Khosla Ventures,Private Equity,47.985
483,2017-11-07,CoveIoT,Technology,Wearable tech and Internet of Things platform,Bangalore,Titan Co Ltd,Private Equity,47.985
483,2017-11-07,CoveIoT,Technology,Wearable tech and Internet of Things platform,Bangalore,Tata Groups watch and jewellery retailing firm,Private Equity,47.985
484,2017-11-08,TalentEdge,Technology,Distance Education Learning Platform,Bangalore,Lumis Partners,Private Equity,72.9372
485,2017-11-08,Fisdom,Finance,Mutual Fund Investment App,Bangalore,Quona Capital Management,Private Equity,28.791
486,2017-11-08,FarmLink,eCommerce,Online platform for Agricultural products,Mumbai,Pioneering Ventures,Private Equity,28.791
486,2017-11-08,FarmLink,eCommerce,Online platform for Agricultural products,Mumbai,Syngenta AG,Private Equity,28.791
487,2017-11-08,OpenApp,Technology,IoT based Tech Startup,Bangalore,Axilor Ventures,Private Equity,34.5492
487,2017-11-08,OpenApp,Technology,IoT based Tech Startup,Bangalore,Kumar Vembu,Private Equity,34.5492
488,2017-11-09,NoPaperForms,Technology,Enrolment Management Platform,Delhi,Info Edge,Seed Funding,8.368584
489,2017-11-09,Tilite Technologies Pvt. Ltd,Technology,Saas based Corporate Travel Management Solution,Bangalore,Matrix Partners,Seed Funding,0.0
490,2017-11-09,Mobiliz AR,Technology,Augmented Reality based Tech platform,Bangalore,IDG Ventures,Private Equity,0.0
490,2017-11-09,Mobiliz AR,Technology,Augmented Reality based Tech platform,Bangalore,IDFC-Parampara Fund,Private Equity,0.0
491,2017-11-10,Qubole,Technology,Big Data based analytics platform,Bangalore,Singtel,Private Equity,239.925
491,2017-11-10,Qubole,Technology,Big Data based analytics platform,Bangalore,Innov8,Private Equity,239.925
491,2017-11-10,Qubole,Technology,Big Data based analytics platform,Bangalore,Harmony Partners,Private Equity,239.925
492,2017-11-10,Happily Unmarried,ECommerce,Online Gifting platform,Nw Delhi,Wipro Consumer Care,Private Equity,0.0
493,2017-11-13,Universal Sportsbiz Pvt. Ltd,ECommerce,Celebrity fashion accessories and merchandise,Mumbai,Accel Partners,PrivateEquity,143.955
494,2017-11-14,Hungry Foal,Ecommerce,Healthy & Nutrition based snacks online platform,Gurgaon,GAIL India Ltd,Seed Funding,0.0
495,2017-11-14,Active AI,Technology,AI based FinTech platform,Bangalore,Vertex Ventures,Private Equity,79.17525
496,2017-11-15,Sumeru,Technology,Banking Software License Platform,Bangalore,Undisclosed Investors,Seed Funding,8.6373
497,2017-11-15,ElderAid Wellness,Health Care,Social Healthcare Enterprise,Bangalore,Rugmini Menon,Angel Funding,0.0
498,2017-11-15,Omnia Information,Technology,WiFi Analytics Platform,Delhi,Omidyar Network,Private Equity,28.791
499,2017-11-15,Josh Talks,Inspiration,Storytelling platform,Gurgaon,Girish Mathrubootham,Private Equity,0.0
499,2017-11-15,Josh Talks,Inspiration,Storytelling platform,Gurgaon,Apurva Chamaria,Private Equity,0.0
499,2017-11-15,Josh Talks,Inspiration,Storytelling platform,Gurgaon,Rohit Chanana,Private Equity,0.0
500,2017-11-15,Reniso,Technology,End-to-End property management for landlords living away,New Delhi,Nishit Sharma,Seed Funding,0.0
500,2017-11-15,Reniso,Technology,End-to-End property management for landlords living away,New Delhi,Alok Srivastava,Seed Funding,0.0
501,2017-11-17,Kanhaiya,Inspiration,Storytelling platform,Hyderabad,Undisclosed Investors,Seed/Angel Funding,1.9194
502,2017-11-17,Perspectico,Technology,Placement preparation and career growth training platform,Delhi,SSCBS Innovation,Seed/Angel Funding,0.0
502,2017-11-17,Perspectico,Technology,Placement preparation and career growth training platform,Delhi,Incubation Foundation (SIIF),Seed/Angel Funding,0.0
503,2017-11-20,ONN Bikes,Technology,Self riding bike rental program,Mumbai,Z Nation Lab,Seed/Angel Funding,6.641124
504,2017-11-21,Rapido,Technology,Bike and Taxi pooling online platform,Hyderabad,Skycatcher Fund,Seed/Angel Funding,3.1596203099999998
504,2017-11-21,Rapido,Technology,Bike and Taxi pooling online platform,Hyderabad,Aravind Sanka,Seed/Angel Funding,3.1596203099999998
505,2017-11-21,Heckyl,Technology,Big Data Analytics Platform,Mumbai,Notion Capital,Private Equity,25.9119
505,2017-11-21,Heckyl,Technology,Big Data Analytics Platform,Mumbai,IDG Ventures,Private Equity,25.9119
506,2017-11-21,Nuvepro,Technology,Managed Cloud Environment Solutions,Mumbai,1Crowd,Seed/Angel Funding,3.8388
507,2017-11-21,RedBook,Technology,AI based pharmacy drugs insights platform,Mumbai,Vida Ventures,Seed/Angel Funding,2.39925
507,2017-11-21,RedBook,Technology,AI based pharmacy drugs insights platform,Mumbai,Dr. Aniruddha Malpani,Seed/Angel Funding,2.39925
508,2017-11-21,Portea,Healthcare,Healthcare facilities at doorstep,Bangalore,Sabre Partners,Private Equity,249.522
508,2017-11-21,Portea,Healthcare,Healthcare facilities at doorstep,Bangalore,MEMG CDC,Private Equity,249.522
509,2017-11-21,Credit Mate,Technology,Vehicle loan approval platform,Mumbai,Paytm,Private Equity,0.0
510,2017-11-21,Epiq Capital,Finance,Tech based investor firm,Mumbai,Global Institutional Investors,Private Equity,1919.4
511,2017-11-22,MiStay,Technology,Online Hotel Reservation Platform,Bangalore,Axilor Ventures,Seed/Angel Funding,0.0
512,2017-11-23,WittyFeed,Storytelling,Viral Content and storytelling platform,Indore,Sandeep Aggarwal,Seed/Angel Funding,0.0
513,2017-11-24,IDG Ventures,Finance,Venture Capitalist,Bangalore,Uniliver Ventures,Private Equity,95.97
514,2017-11-24,TempGo,Technology,IoT and SaaS based transportation platform,Goa,Javelin StartupO Victory Fund,Seed/Angel Funding,2.39925
515,2017-11-27,Edelweiss,Finance,Diversified Financial,Mumbai,Undisclosed investors,Private Equity,2591.19
516,2017-11-27,ERA,Technology,Identity management platform,Mumbai,Amit Patni,Seed/Angel Funding,0.374283
517,2017-11-27,Smaaash,Technology,Virtual Reality based gaming platform,Mumbai,Sixth Sense Ventures,Private Equity,36.4686
518,2017-11-28,Chumbak,Lifestyle,Designer-led consumer products,Bangalore,Gaja Capital,Private Equity,124.761
519,2017-11-28,FR8,Technology,Online Truck aggregator platform,Chennai,IFMR Capital,Debt Funding,14.3955
520,2017-11-28,MobieFit,Healthcare,Health and fitness based mobile App,Goa,NB Ventures,Seed/Angel Funding,12.95595
520,2017-11-28,MobieFit,Healthcare,Health and fitness based mobile App,Goa,MediAssist,Seed/Angel Funding,12.95595
521,2017-11-28,Stanza Living,Technology,Student accommodation platform,Delhi,Matrix PArtners,Private Equity,19.194
521,2017-11-28,Stanza Living,Technology,Student accommodation platform,Delhi,Accel,Private Equity,19.194
522,2017-10-03,ChqBook,Consumer Internet,Home Loans Aggregation platform,Gurgaon,Startup Buddy,Seed Funding,0.0
522,2017-10-03,ChqBook,Consumer Internet,Home Loans Aggregation platform,Gurgaon,Apurva Chamaria,Seed Funding,0.0
522,2017-10-03,ChqBook,Consumer Internet,Home Loans Aggregation platform,Gurgaon,Sachin Arora,Seed Funding,0.0
522,2017-10-03,ChqBook,Consumer Internet,Home Loans Aggregation platform,Gurgaon,Bharat Gupta,Seed Funding,0.0
522,2017-10-03,ChqBook,Consumer Internet,Home Loans Aggregation platform,Gurgaon,Amit Manocha,Seed Funding,0.0
523,2017-10-03,HomeCapital,Consumer Internet,Home Loan Down payment assistance program,Mumbai,Venture Catalysts,Seed Funding,0.0
524,2017-10-03,Ola Cabs,Consumer Internet,App based cab hailing services,Bangalore,Tencent,Private Equity,1055.67
524,2017-10-03,Ola Cabs,Consumer Internet,App based cab hailing services,Bangalore,Softbank Group,Private Equity,1055.67
525,2017-10-04,Elanic,Consumer Internet,P2P platform for Fashion sales,Bangalore,Digital Garage,Seed Funding,0.0
526,2017-10-04,CollPoll,Consumer Internet,Education collaboration platform,Bangalore,Sprout Angels,Seed Funding,2.936682
527,2017-10-04,PhonePe,Consumer Internet,Digital Wallet,Bangalore,Flipkart,Private Equity,371.4039
528,2017-10-05,Little Black Book,Consumer Internet,Local Recommendations and Discoveries Platform,New Delhi,Blume Ventures,Private Equity,9.597
528,2017-10-05,Little Black Book,Consumer Internet,Local Recommendations and Discoveries Platform,New Delhi,IDG Ventures & Indian Angel Network,Private Equity,9.597
529,2017-10-05,Oorjan,Technology,rooftop solar platform,Mumbai,Globevestor,Seed Funding,4.31865
530,2017-10-05,Zefo,ECommerce,Ecommerce Portal for Used Goods,Bangalore,Sequoia India,Private Equity,88.2924
530,2017-10-05,Zefo,ECommerce,Ecommerce Portal for Used Goods,Bangalore,Helion Venture Partners,Private Equity,88.2924
530,2017-10-05,Zefo,ECommerce,Ecommerce Portal for Used Goods,Bangalore,Beenext,Private Equity,88.2924
531,2017-10-06,Yaantra,ECommerce,Mobile repair and Refurbishment platform,New Delhi,Carpediem Capital,Private Equity,29.7507
532,2017-10-06,Farm Taaza,Technology,Fresh Produce SCM company,Bangalore,Epsilon Venture Partners,Private Equity,76.776
532,2017-10-06,Farm Taaza,Technology,Fresh Produce SCM company,Bangalore,Tara India Fund IV and others,Private Equity,76.776
533,2017-10-06,Drivezy,Consumer Internet,Self Drive car and bike rental platform,Bangalore,Das Capital,Private Equity,95.97
533,2017-10-06,Drivezy,Consumer Internet,Self Drive car and bike rental platform,Bangalore,Axan Partners,Private Equity,95.97
533,2017-10-06,Drivezy,Consumer Internet,Self Drive car and bike rental platform,Bangalore,Das Capital and IT Farm,Private Equity,95.97
534,2017-10-06,Slice Pay,Consumer Internet,Student Micro-financing platform,Bangalore,Das Capital,Private Equity,19.194
534,2017-10-06,Slice Pay,Consumer Internet,Student Micro-financing platform,Bangalore,Simile Ventures,Private Equity,19.194
535,2017-10-09,Agrowave,Technology,Agriculture Supply Chain management solutions,Gurgaon,Daffodil Software,Seed Funding,0.0
536,2017-10-09,MyGubbi,eCommerce,Home Interior Designing Seller,Bangalore,Firoze Irani,Private Equity,25.9119
536,2017-10-09,MyGubbi,eCommerce,Home Interior Designing Seller,Bangalore,Vipul Parekh,Private Equity,25.9119
536,2017-10-09,MyGubbi,eCommerce,Home Interior Designing Seller,Bangalore,Ananda Kallugadde,Private Equity,25.9119
536,2017-10-09,MyGubbi,eCommerce,Home Interior Designing Seller,Bangalore,Rajesh K Murthy,Private Equity,25.9119
537,2017-10-09,IBSFintech,Technology,Treasury Risk Management Solution,Bangalore,Shailesh Haribhakti,Seed Funding,0.0
538,2017-10-09,Letsservice,Consumer Internet,Auto Service Logistics & SAAS platform,Bangalore,Aequs Group,Private Equity,0.0
539,2017-10-09,OneStepUp,Technology,Education Technology platform,New Delhi,Orient BlackSwan,Seed Funding,3.224592
540,2017-10-09,ThirdWatch,Technology,AI-powered anti-fraud solutions,Gurgaon,Rahul Agarwalla,Seed Funding,0.0
540,2017-10-09,ThirdWatch,Technology,AI-powered anti-fraud solutions,Gurgaon,Keshav Sanghi,Seed Funding,0.0
540,2017-10-09,ThirdWatch,Technology,AI-powered anti-fraud solutions,Gurgaon,Batlivala & Karani Securities,Seed Funding,0.0
541,2017-10-10,Parallel Dots,Technology,AI-powered deep learning solutions,Gurgaon,Multipoint Capital,Private Equity,13.4358
541,2017-10-10,Parallel Dots,Technology,AI-powered deep learning solutions,Gurgaon,,Private Equity,13.4358
542,2017-10-10,Easy Diner,Consumer Internet,online restaurant reservation platform,Gurgaon,Saama Capital and DSG Consumer Partners,Private Equity,43.1865
543,2017-10-11,Meesho,ECommerce,Online Reseller Network,Bangalore,SAIF Partners,Private Equity,29.7507
543,2017-10-11,Meesho,ECommerce,Online Reseller Network,Bangalore,YCombinator,Private Equity,29.7507
543,2017-10-11,Meesho,ECommerce,Online Reseller Network,Bangalore,Venture Highway,Private Equity,29.7507
544,2017-10-11,StanPlus,Logistics,Medical Transportation Services,Hyderabad,KStart Capital,Private Equity,10.5567
545,2017-10-12,UCLID,Technology,"Education Network for Institutions, teachers & Students",Hyderabad,Undisclosed investors,Seed Funding,2.255295
546,2017-10-13,Policy Bazaar,Consumer Internet,Online insurance policy aggregator,Gurgaon,Wellington Management,Private Equity,738.969
546,2017-10-13,Policy Bazaar,Consumer Internet,Online insurance policy aggregator,Gurgaon,DG Ventures India,Private Equity,738.969
546,2017-10-13,Policy Bazaar,Consumer Internet,Online insurance policy aggregator,Gurgaon,True North,Private Equity,738.969
547,2017-10-13,Gapoon,Consumer Internet,home maintenance services platform,Bangalore,Vida Ventures,Seed Funding,2.39925
547,2017-10-13,Gapoon,Consumer Internet,home maintenance services platform,Bangalore,Snehal Mantri,Seed Funding,2.39925
547,2017-10-13,Gapoon,Consumer Internet,home maintenance services platform,Bangalore,Anshu Bahadur,Seed Funding,2.39925
548,2017-10-13,Chaayos,eCommerce,Online Chai ordering platform,Gurgaon,Tiger Global Management,Private Equity,19.194
549,2017-10-16,KrazyBee,Consumer Internet,Micro-lending platform,Bangalore,Xiaomi Technologies,Private Equity,76.776
549,2017-10-16,KrazyBee,Consumer Internet,Micro-lending platform,Bangalore,Shunwei Capital,Private Equity,76.776
550,2017-10-16,Renew Buy,Consumer Internet,Online Insurance Aggregator,New Delhi,Amicus Capital,Private Equity,88.2924
551,2017-10-17,Fingerlix,Consumer Internet,Food Ordering Portal,Bangalore,Accel Partners,Private Equity,67.179
551,2017-10-17,Fingerlix,Consumer Internet,Food Ordering Portal,Bangalore,Zephyr Peacock,Private Equity,67.179
552,2017-10-18,Bank Bazaar,Consumer Internet,Online Financial Marketplace,Chennai,Experian,Private Equity,67.179
553,2017-10-18,Hasura,Technology,App building platform,Chennai,Nexus,Private Equity,0.0
553,2017-10-18,Hasura,Technology,App building platform,Chennai,GREE Ventures,Private Equity,0.0
554,2017-10-18,BlackBuck,Logistics,B2B Logistics provider,Bangalore,Innoven Capital,Private Equity,73.8969
555,2017-10-18,LenDen Club,Consumer Internet,Online peer-to-peer lending platform,Mumbai,Undisclosed Investor,Seed Funding,4.7985
556,2017-10-23,Toppr,Consumer Internet,Mobile based learning app,Mumbai,SAIF Partners,Private Equity,67.179
556,2017-10-23,Toppr,Consumer Internet,Mobile based learning app,Mumbai,Helion Ventures,Private Equity,67.179
556,2017-10-23,Toppr,Consumer Internet,Mobile based learning app,Mumbai,FIL Capital Management,Private Equity,67.179
557,2017-10-23,RAW Pressery,Food & Beverage,Cold pressed Juice maker,Mumbai,DSG Consumer Partners,Private Equity,57.582
557,2017-10-23,RAW Pressery,Food & Beverage,Cold pressed Juice maker,Mumbai,Sequoia Capital,Private Equity,57.582
557,2017-10-23,RAW Pressery,Food & Beverage,Cold pressed Juice maker,Mumbai,Saama Capital,Private Equity,57.582
558,2017-10-23,Cashe,Consumer Internet,app-only lending platform,Mumbai,IFMR Capital,Debt Funding,29.7507
559,2017-10-23,Park Easy,Consumer Internet,Machine learning based parking discovery,Kolkata,Rockstart Accelerator,Seed Funding,1.132446
560,2017-10-24,TagBox,Technology,Cold Chain monitoring solution,Bangalore,Indian Angel network,Seed Funding,0.0
560,2017-10-24,TagBox,Technology,Cold Chain monitoring solution,Bangalore,IAN Fund,Seed Funding,0.0
561,2017-10-24,FYRE,Food & Beverage,Herbal energy shot maker,Mumbai,Venture Catalysts,Seed Funding,4.7985
562,2017-10-24,ZipLoan,Consumer Internet,SME lending platform,New Delhi,Matrix Partners India,Private Equity,28.791
562,2017-10-24,ZipLoan,Consumer Internet,SME lending platform,New Delhi,WaterBridge Ventures,Private Equity,28.791
562,2017-10-24,ZipLoan,Consumer Internet,SME lending platform,New Delhi,Whiteboard Capital,Private Equity,28.791
562,2017-10-24,ZipLoan,Consumer Internet,SME lending platform,New Delhi,Sarbvir Singh,Private Equity,28.791
563,2017-10-24,Skillenza,Consumer Internet,Online Learning Platform,Bangalore,Blume Ventures,Seed Funding,6.929034
563,2017-10-24,Skillenza,Consumer Internet,Online Learning Platform,Bangalore,Indian Angel Network,Seed Funding,6.929034
564,2017-10-24,Chevon,Food & Beverage,Frozen Meat provider,Mumbai,Greenfield Advisory,Private Equity,0.0
565,2017-10-25,PropStory,Consumer Internet,Real Estate content portal,Gurgaon,Abhishek Bhatewara,Seed Funding,0.0
565,2017-10-25,PropStory,Consumer Internet,Real Estate content portal,Gurgaon,Vivek Shah,Seed Funding,0.0
565,2017-10-25,PropStory,Consumer Internet,Real Estate content portal,Gurgaon,Haitong Securities,Seed Funding,0.0
565,2017-10-25,PropStory,Consumer Internet,Real Estate content portal,Gurgaon,Suraj Saharan,Seed Funding,0.0
565,2017-10-25,PropStory,Consumer Internet,Real Estate content portal,Gurgaon,Paras Arora,Seed Funding,0.0
566,2017-10-25,SpotDraft,Consumer Internet,Contract Automation,Gurgaon,Hunch Ventures,Seed Funding,5.27835
566,2017-10-25,SpotDraft,Consumer Internet,Contract Automation,Gurgaon,Spiral Ventures,Seed Funding,5.27835
566,2017-10-25,SpotDraft,Consumer Internet,Contract Automation,Gurgaon,500 Startups,Seed Funding,5.27835
566,2017-10-25,SpotDraft,Consumer Internet,Contract Automation,Gurgaon,Singapore Angel Network,Seed Funding,5.27835
566,2017-10-25,SpotDraft,Consumer Internet,Contract Automation,Gurgaon,Citrus Payments,Seed Funding,5.27835
567,2017-10-26,Big Basket,eCommerce,Online Grocery portal,Bangalore,Helion Ventures Partners,Private Equity,47.985
568,2017-10-27,OfBusiness,Technology,B2B Finance & Fulfilment Network,Gurgaon,Kotak Mahindra Bank,Debt Funding,36.4686
569,2017-10-27,Olly Credit,Technology,Credit + payment mobile app,New Delhi,Incubate Fund,Seed Funding,0.0
569,2017-10-27,Olly Credit,Technology,Credit + payment mobile app,New Delhi,Sandesh Kirkire,Seed Funding,0.0
569,2017-10-27,Olly Credit,Technology,Credit + payment mobile app,New Delhi,Anand Kumar,Seed Funding,0.0
569,2017-10-27,Olly Credit,Technology,Credit + payment mobile app,New Delhi,Yogesh Chaudhary,Seed Funding,0.0
570,2017-10-28,CashFree,Technology,Payments Platform for Marketplaces and Fintechs,New Delhi,Y Combinator,Seed Funding,1.15164
571,2017-10-28,Ola Cabs,Consumer Internet,App based cab hailing services,Bangalore,ANI Technologies Pvt. Ltd,Private Equity,73.8969
572,2017-10-30,GoldFarm,Food & Beverage,Agriculture Technology,Coimbatore,Mahindra & Mahindra and Infuse Ventures,Private Equity,19.194
573,2017-10-31,NetMeds,ECommerce,Online Pharmacy,Chennai,TannCam Investment & Sistema Asia Fund,Private Equity,134.358
574,2017-10-31,MSE,Finance,Equity Stock Exchange,Mumbai,IL&FS,Private Equity,307.104
574,2017-10-31,MSE,Finance,Equity Stock Exchange,Mumbai,Trust Capital,Private Equity,307.104
574,2017-10-31,MSE,Finance,Equity Stock Exchange,Mumbai,Rosy Blue Securities,Private Equity,307.104
574,2017-10-31,MSE,Finance,Equity Stock Exchange,Mumbai,Radhakrishan Damani and Rakesh Jhunjhunwala,Private Equity,307.104
575,2017-09-01,Aahaa Stores,eCommece,Online B2B store for office supplies,Chennai,YourNest Angel Fund,Private Equity,9.597
576,2017-09-01,MFine,Consumer Internet,Online Doctor Discovery platform,Bangalore,Stellaris Venture Partners,Private Equity,14.3955
576,2017-09-01,MFine,Consumer Internet,Online Doctor Discovery platform,Bangalore,Mayur Abhaya,Private Equity,14.3955
576,2017-09-01,MFine,Consumer Internet,Online Doctor Discovery platform,Bangalore,Rohit MA,Private Equity,14.3955
577,2017-09-01,Canvera,Consumer Internet,Online Photography platform,Mumbai,InfoEdge,Private Equity,12.4761
578,2017-09-04,PrimaryIO,Technology,Application Performance Acceleration,Pune,Accel Partners,Private Equity,53.7432
578,2017-09-04,PrimaryIO,Technology,Application Performance Acceleration,Pune,Exfinity Ventures,Private Equity,53.7432
578,2017-09-04,PrimaryIO,Technology,Application Performance Acceleration,Pune,Partech Ventures,Private Equity,53.7432
579,2017-09-05,Shubh Loans,Consumer Internet,online lending platform,Bangalore,SRI Capital,Private Equity,14.3955
579,2017-09-05,Shubh Loans,Consumer Internet,online lending platform,Bangalore,BeeNext,Private Equity,14.3955
579,2017-09-05,Shubh Loans,Consumer Internet,online lending platform,Bangalore,Pravega Ventures,Private Equity,14.3955
580,2017-09-05,Nest Education,Technology,EduTech Platform,Gurgaon,Michael and Susan Dell Foundation,Seed Funding,5.7582
580,2017-09-05,Nest Education,Technology,EduTech Platform,Gurgaon,Anand Mahindra,Seed Funding,5.7582
581,2017-09-06,Lending Kart,Consumer Internet,Online Lending Platform,Ahmedabad,Bertelsmann India,Private Equity,103.16775
581,2017-09-06,Lending Kart,Consumer Internet,Online Lending Platform,Ahmedabad,Mayfield Capital,Private Equity,103.16775
581,2017-09-06,Lending Kart,Consumer Internet,Online Lending Platform,Ahmedabad,Saama Capital,Private Equity,103.16775
581,2017-09-06,Lending Kart,Consumer Internet,Online Lending Platform,Ahmedabad,Darrin Capital,Private Equity,103.16775
582,2017-09-06,GoFro,Consumer Internet,Online travel booking platform,New Delhi,HIS Co. Ltd,Private Equity,95.97
582,2017-09-06,GoFro,Consumer Internet,Online travel booking platform,New Delhi,MakeMyTrip,Private Equity,95.97
583,2017-09-06,OncoStem,Healthcare,Medical Diagnostic Solutions,Bangalore,Sequoia Capital India,Private Equity,57.582
583,2017-09-06,OncoStem,Healthcare,Medical Diagnostic Solutions,Bangalore,Artiman Ventures,Private Equity,57.582
584,2017-09-06,Power2SME,eCommerce,Buying Club for Small Businesses,Gurgaon,International Finance Corporation (IFC),Private Equity,249.522
584,2017-09-06,Power2SME,eCommerce,Buying Club for Small Businesses,Gurgaon,Inventus Capital Partners,Private Equity,249.522
584,2017-09-06,Power2SME,eCommerce,Buying Club for Small Businesses,Gurgaon,Accel Partners,Private Equity,249.522
584,2017-09-06,Power2SME,eCommerce,Buying Club for Small Businesses,Gurgaon,Kalaari Capital,Private Equity,249.522
584,2017-09-06,Power2SME,eCommerce,Buying Club for Small Businesses,Gurgaon,and Nandan Nilekani,Private Equity,249.522
584,2017-09-06,Power2SME,eCommerce,Buying Club for Small Businesses,Gurgaon,,Private Equity,249.522
585,2017-09-07,Credit Vidya,Consumer Internet,Online Credit scoring platform,Mumbai,Matrix Partners,Private Equity,47.985
586,2017-09-07,Tails Life,Consumer Internet,Pet care portal & mobile app,Bangalore,V Balakrishnan.,Private Equity,0.0
587,2017-09-07,OYO Rooms,Consumer Internet,Branded budget hotels marketplace,Gurgaon,SoftBank Group,Private Equity,2399.25
587,2017-09-07,OYO Rooms,Consumer Internet,Branded budget hotels marketplace,Gurgaon,Sequoia Capital India,Private Equity,2399.25
587,2017-09-07,OYO Rooms,Consumer Internet,Branded budget hotels marketplace,Gurgaon,Lightspeed Venture Partners,Private Equity,2399.25
587,2017-09-07,OYO Rooms,Consumer Internet,Branded budget hotels marketplace,Gurgaon,Greenoaks Capital,Private Equity,2399.25
587,2017-09-07,OYO Rooms,Consumer Internet,Branded budget hotels marketplace,Gurgaon,Hero Enterprise,Private Equity,2399.25
588,2017-09-07,Early Salary,Consumer Internet,Online Unsecured Lending platform,Pune,IFMR Capital,Debt Funding,7.48566
589,2017-09-07,MamaEarth,eCommerce,online babycare products marketplace,Gurgaon,Fireside Ventures,Seed Funding,0.0
590,2017-09-07,Seniority,eCommerce,Ecommerce portal for senior citizens,Pune,RPG Enterprises,Private Equity,9.597
591,2017-09-08,AYE Finance,Consumer Internet,Micro Lending Platform,New Delhi,Triodos Investment Management,Debt Funding,66.2193
591,2017-09-08,AYE Finance,Consumer Internet,Micro Lending Platform,New Delhi,,Debt Funding,66.2193
592,2017-09-08,Farmizen,Technology,Agre-Tech Mobile app,Bangalore,Venture Highway,Seed Funding,0.0
592,2017-09-08,Farmizen,Technology,Agre-Tech Mobile app,Bangalore,Alok Mittal,Seed Funding,0.0
592,2017-09-08,Farmizen,Technology,Agre-Tech Mobile app,Bangalore,Mohit Agarwal,Seed Funding,0.0
592,2017-09-08,Farmizen,Technology,Agre-Tech Mobile app,Bangalore,Anuj Gupta,Seed Funding,0.0
592,2017-09-08,Farmizen,Technology,Agre-Tech Mobile app,Bangalore,,Seed Funding,0.0
593,2017-09-11,Ecom Express,Logistics,Logistics Solutions provider,New Delhi,Warburg Pincus,Private Equity,287.91
594,2017-09-11,Call Health,Consumer Internet,Healthcare Services Aggregator,Hyderabad,Sachin Tendulkar,Private Equity,59.5014
594,2017-09-11,Call Health,Consumer Internet,Healthcare Services Aggregator,Hyderabad,P.V SIndhu,Private Equity,59.5014
594,2017-09-11,Call Health,Consumer Internet,Healthcare Services Aggregator,Hyderabad,Pullela Gopichand,Private Equity,59.5014
595,2017-09-12,Sattviko,eCommerce,Health Food etailer,New Delhi,Raman Roy,Seed Funding,0.0
595,2017-09-12,Sattviko,eCommerce,Health Food etailer,New Delhi,Arvind Uppal,Seed Funding,0.0
595,2017-09-12,Sattviko,eCommerce,Health Food etailer,New Delhi,Sonu Bhasin,Seed Funding,0.0
595,2017-09-12,Sattviko,eCommerce,Health Food etailer,New Delhi,G Ravishankar,Seed Funding,0.0
596,2017-09-12,3HCare,Consumer Internet,Healthcare services portal,New Delhi,Undisclosed Investor,Seed Funding,0.9597
597,2017-09-12,Tonbo Imaging,Technology,Imaging Technology for Armed Forces,Bangalore,WRV Capital,Private Equity,163.149
597,2017-09-12,Tonbo Imaging,Technology,Imaging Technology for Armed Forces,Bangalore,Qualcomm Ventures,Private Equity,163.149
597,2017-09-12,Tonbo Imaging,Technology,Imaging Technology for Armed Forces,Bangalore,Edelweiss Private Equity,Private Equity,163.149
597,2017-09-12,Tonbo Imaging,Technology,Imaging Technology for Armed Forces,Bangalore,Artiman Ventures,Private Equity,163.149
598,2017-09-12,Get My Parking,Consumer Internet,Smart Parking Enabler,New Delhi,IAN Fund,Private Equity,28.791
598,2017-09-12,Get My Parking,Consumer Internet,Smart Parking Enabler,New Delhi,Beenext,Private Equity,28.791
598,2017-09-12,Get My Parking,Consumer Internet,Smart Parking Enabler,New Delhi,Indian Angel Network,Private Equity,28.791
599,2017-09-13,WittyFeed,Technology,Content marketing platform,Indore,Anand Chandrasekaran,Seed Funding,0.0
599,2017-09-13,WittyFeed,Technology,Content marketing platform,Indore,Apurva Chamaria,Seed Funding,0.0
599,2017-09-13,WittyFeed,Technology,Content marketing platform,Indore,Ritesh Malik,Seed Funding,0.0
599,2017-09-13,WittyFeed,Technology,Content marketing platform,Indore,Ashish Toshniwal,Seed Funding,0.0
599,2017-09-13,WittyFeed,Technology,Content marketing platform,Indore,Ajeet Khurana,Seed Funding,0.0
600,2017-09-13,Glowroad,Consumer Internet,women focussed customer-to-customer reseller network,Bangalore,Accel Partners,Private Equity,19.194
600,2017-09-13,Glowroad,Consumer Internet,women focussed customer-to-customer reseller network,Bangalore,,Private Equity,19.194
601,2017-09-13,OYO Rooms,Consumer Internet,udget hotel marketplace,Gurgaon,China Lodging Group,Private Equity,95.97
602,2017-09-13,Unacademy,Consumer Internet,Online learning platform,Mumbai,Sequoia Capital India,Private Equity,110.3655
602,2017-09-13,Unacademy,Consumer Internet,Online learning platform,Mumbai,SAIF Partners,Private Equity,110.3655
602,2017-09-13,Unacademy,Consumer Internet,Online learning platform,Mumbai,Nexus Venture Partners and Blume Ventures,Private Equity,110.3655
602,2017-09-13,Unacademy,Consumer Internet,Online learning platform,Mumbai,,Private Equity,110.3655
603,2017-09-13,Heterogenous,Technology,Telecom & IoT platform,Chennai,Chennai Angels,Seed Funding,7.48566
603,2017-09-13,Heterogenous,Technology,Telecom & IoT platform,Chennai,Keiretsu Forum & Others,Seed Funding,7.48566
604,2017-09-14,Gurukul,Consumer Internet,co-working space provider,New Delhi,Rohit Nanda,Seed Funding,0.0
604,2017-09-14,Gurukul,Consumer Internet,co-working space provider,New Delhi,Rajit Nanda,Seed Funding,0.0
604,2017-09-14,Gurukul,Consumer Internet,co-working space provider,New Delhi,Smarak Bhuyan,Seed Funding,0.0
604,2017-09-14,Gurukul,Consumer Internet,co-working space provider,New Delhi,Sashwat Brahma,Seed Funding,0.0
604,2017-09-14,Gurukul,Consumer Internet,co-working space provider,New Delhi,,Seed Funding,0.0
605,2017-09-14,Smaaash,Technology,Virtual Reality gaming and entertainment platform,Mumbai,ECL Finance,Private Equity,422.268
606,2017-09-14,WheelStreet,Consumer Portal,Bike Rental Platform,Bangalore,Y Combinator,Seed Funding,1.15164
607,2017-09-14,Xprep,Consumer Internet,Online Tutoring Platform,New Delhi,Rising Stars,Private Equity,0.0
607,2017-09-14,Xprep,Consumer Internet,Online Tutoring Platform,New Delhi,Manish Amin,Private Equity,0.0
607,2017-09-14,Xprep,Consumer Internet,Online Tutoring Platform,New Delhi,Pallav Pandey,Private Equity,0.0
607,2017-09-14,Xprep,Consumer Internet,Online Tutoring Platform,New Delhi,Chavi Jafa,Private Equity,0.0
608,2017-09-18,The Moms Co,eCommerce,Pregnancy & Baby Care product etailer,Gurgaon,DSG Consumer Partners,Private Equity,9.597
608,2017-09-18,The Moms Co,eCommerce,Pregnancy & Baby Care product etailer,Gurgaon,Saama Capital,Private Equity,9.597
609,2017-09-19,Noticeboard,Technology,"mobile-first communication platform for on-field staff,",Bangalore,Shamik Sharma,Seed Funding,0.0
609,2017-09-19,Noticeboard,Technology,"mobile-first communication platform for on-field staff,",Bangalore,Aprameya Radhakrishna,Seed Funding,0.0
610,2017-09-19,High Radius,Technology,Integrated receivables software solutions,Hyderabad,Susquehanna Growth Equity LLC,Private Equity,479.85
611,2017-09-20,HWell24 Plus,Healthcare,Technology-Empowered Healthcare Solutions,Mumbai,Undisclosed Investors,Seed Funding,0.0
612,2017-09-21,SaveBC,Finance,financial services firm,Gaya,Incofin Investment Management.,Private Equity,57.582
613,2017-09-21,Gaming Monk,Consumer Internet,E-sports platform,New Delhi,AdvantEdge,Private Equity,0.0
614,2017-09-21,91SpringBoard,Consumer Internet,Co-working spaces,New Delhi,Sandway Investment Ltd,Private Equity,0.0
614,2017-09-21,91SpringBoard,Consumer Internet,Co-working spaces,New Delhi,Pearl Brook Holdings,Private Equity,0.0
614,2017-09-21,91SpringBoard,Consumer Internet,Co-working spaces,New Delhi,Silo Holdings and Al Nour,Private Equity,0.0
615,2017-09-21,Homergize,eCommerce,Home Furnishing & Building material marketplace,Bangalore,LG Chandrasekhar,Private Equity,9.597
616,2017-09-22,Yatra.com,eCommerce,Online Travel Agency,Gurgaon,InnoVen Capital India,Debt Funding,147.7938
617,2017-09-22,Ace Turtle,Technology,Omni-channel web commerce solutions provider,Bangalore,InnoVen Capital,Private Equity,0.0
618,2017-09-25,Vogo,Consumer Internet,Scooter Rental Platform,Bangalore,AV Thomas Group,Seed Funding,0.0
619,2017-09-25,Synup,Technology,SME Marketing Management Solution,Bangalore,Vertex Ventures,Private Equity,57.582
619,2017-09-25,Synup,Technology,SME Marketing Management Solution,Bangalore,Prime Venture Partners.,Private Equity,57.582
620,2017-09-25,Tinmen,Consumer Internet,Food Delivery platform,Hyderabad,Zomato Media Pvt. Ltd,Private Equity,0.0
621,2017-09-25,Cropin,Technology,Crop Technology Solutions,Bangalore,Beenext,Private Equity,0.0
622,2017-09-25,Rapido,Consumer Internet,Bike Aggregator Mobile App,Bangalore,Battery Road Digital Holdings LLC,Seed Funding,4.049934
623,2017-09-25,Sportobuddy,Consumer Internet,Sports & Sport related equipment portal,Mumbai,Mehul Shah,Seed Funding,1.43955
624,2017-09-26,Credifiable,Consumer Internet,Online consumer lending platform,Bangalore,Kae Capital,Private Equity,0.0
625,2017-09-26,Inclov,Consumer Internet,Matchmaking app for the differently abled,Gurgaon,Rajan Anandan,Seed Funding,0.0
625,2017-09-26,Inclov,Consumer Internet,Matchmaking app for the differently abled,Gurgaon,Jamil Khatri,Seed Funding,0.0
625,2017-09-26,Inclov,Consumer Internet,Matchmaking app for the differently abled,Gurgaon,Ravi Iyer,Seed Funding,0.0
625,2017-09-26,Inclov,Consumer Internet,Matchmaking app for the differently abled,Gurgaon,Raghav Bahl,Seed Funding,0.0
626,2017-09-26,Multibhashi,Consumer Internet,Language learning Mobile App,Bangalore,Aniruddha Malpani,Seed Funding,0.0
626,2017-09-26,Multibhashi,Consumer Internet,Language learning Mobile App,Bangalore,Startup Oasis,Seed Funding,0.0
627,2017-09-27,Transerve,Technology,Geospatial Technology-based SaaS solutions,Mumbai,IL&FS Investment Managers,Private Equity,15.3552
627,2017-09-27,Transerve,Technology,Geospatial Technology-based SaaS solutions,Mumbai,Omidyar Network.,Private Equity,15.3552
628,2017-09-27,Fashalot,Consumer Internet,O2O fashion discovery platform,Gurgaon,Capillary Technologies,Private Equity,0.0
628,2017-09-27,Fashalot,Consumer Internet,O2O fashion discovery platform,Gurgaon,Whiteboard Capital,Private Equity,0.0
628,2017-09-27,Fashalot,Consumer Internet,O2O fashion discovery platform,Gurgaon,YourNest Angel Fund,Private Equity,0.0
628,2017-09-27,Fashalot,Consumer Internet,O2O fashion discovery platform,Gurgaon,Rajul Garg,Private Equity,0.0
629,2017-09-27,Pitstop,Consumer Internet,Car repair and Servicing Platform,Bangalore,Blume Ventures,Private Equity,9.597
629,2017-09-27,Pitstop,Consumer Internet,Car repair and Servicing Platform,Bangalore,Goldbell Group,Private Equity,9.597
629,2017-09-27,Pitstop,Consumer Internet,Car repair and Servicing Platform,Bangalore,Anurag Srivastava,Private Equity,9.597
629,2017-09-27,Pitstop,Consumer Internet,Car repair and Servicing Platform,Bangalore,Shailesh Rao,Private Equity,9.597
629,2017-09-27,Pitstop,Consumer Internet,Car repair and Servicing Platform,Bangalore,Amiya Pathak,Private Equity,9.597
629,2017-09-27,Pitstop,Consumer Internet,Car repair and Servicing Platform,Bangalore,Rajesh Yohanan and Rahul Garg,Private Equity,9.597
630,2017-09-27,GoChoppers,Consumer Internet,Luxury Helicopter Tourism Services portal,Gurgaon,Rivergate Capital,Seed Funding,0.0
630,2017-09-27,GoChoppers,Consumer Internet,Luxury Helicopter Tourism Services portal,Gurgaon,,Seed Funding,0.0
631,2017-09-27,MyUpchar,Consumer Internet,Local Language Health Information portal,New Delhi,LetsVenture,Seed Funding,2.8791
632,2017-09-28,Aadyah,Technology,Defense Tech & Aerospace startup,Bangalore,Keiretsu Forum,Private Equity,9.597
633,2017-08-01,TouchKin,Technology,Predictive Care Platform,Bangalore,Kae Capital,Private Equity,12.4761
634,2017-08-02,Ethinos,Technology,Digital Marketing Agency,Mumbai,Triton Investment Advisors,Private Equity,0.0
635,2017-08-02,Leverage Edu,Consumer Internet,Online platform for Higher Education Services,New Delhi,Kashyap Deorah,Seed Funding,0.0
635,2017-08-02,Leverage Edu,Consumer Internet,Online platform for Higher Education Services,New Delhi,Anand Sankeshwar,Seed Funding,0.0
635,2017-08-02,Leverage Edu,Consumer Internet,Online platform for Higher Education Services,New Delhi,Deepak Jain,Seed Funding,0.0
635,2017-08-02,Leverage Edu,Consumer Internet,Online platform for Higher Education Services,New Delhi,Sadashiva NT,Seed Funding,0.0
635,2017-08-02,Leverage Edu,Consumer Internet,Online platform for Higher Education Services,New Delhi,Arjun Mehta,Seed Funding,0.0
635,2017-08-02,Leverage Edu,Consumer Internet,Online platform for Higher Education Services,New Delhi,Satish Kaul,Seed Funding,0.0
635,2017-08-02,Leverage Edu,Consumer Internet,Online platform for Higher Education Services,New Delhi,Anindya Ghose,Seed Funding,0.0
636,2017-08-02,Zepo,Consumer Internet,DIY Ecommerce platform,Mumbai,Kunal Shah,Seed Funding,4.7985
636,2017-08-02,Zepo,Consumer Internet,DIY Ecommerce platform,Mumbai,LetsVenture,Seed Funding,4.7985
636,2017-08-02,Zepo,Consumer Internet,DIY Ecommerce platform,Mumbai,Anupam Mittal,Seed Funding,4.7985
636,2017-08-02,Zepo,Consumer Internet,DIY Ecommerce platform,Mumbai,Hetal Sonpal,Seed Funding,4.7985
637,2017-08-02,Click2Clinic,Consumer Internet,healthcare service aggregator,Hyderabad,Narottam Thudi,Seed Funding,8.15745
637,2017-08-02,Click2Clinic,Consumer Internet,healthcare service aggregator,Hyderabad,Shireesh Palle,Seed Funding,8.15745
638,2017-08-03,SpeedBox,Logistics,On-Demand Logistics Service provider,Mumbai,Cismat Cargo Services Pvt. Ltd.,Seed Funding,2.8791
639,2017-08-03,Skill Connect,Consumer Internet,Recruitment Portal,Jaipur,Rajasthan Angel Investor Network,Seed Funding,0.0
640,2017-08-03,Chai Point,Consumer Internet,Tea Delivery Portal & offline stores,Bangalore,DSG Consumer Partners,Private Equity,0.0
640,2017-08-03,Chai Point,Consumer Internet,Tea Delivery Portal & offline stores,Bangalore,Eight Roads Ventures India,Private Equity,0.0
641,2017-08-03,Zoctr,Consumer Internet,Health Products & Services Aggregator,Mumbai,SIDBI,Private Equity,0.0
642,2017-08-04,Lime Tray,Technology,Restaurant Management Solutions,New Delhi,JSW Ventures,Private Equity,0.0
643,2017-08-04,CoutLoot,eCommerce,Fashion Resale Marketplace,Mumbai,Anuj Puri,Seed Funding,0.0
643,2017-08-04,CoutLoot,eCommerce,Fashion Resale Marketplace,Mumbai,Redcliffe Capital,Seed Funding,0.0
643,2017-08-04,CoutLoot,eCommerce,Fashion Resale Marketplace,Mumbai,Artha India Ventures,Seed Funding,0.0
643,2017-08-04,CoutLoot,eCommerce,Fashion Resale Marketplace,Mumbai,Siddharth Kothari,Seed Funding,0.0
643,2017-08-04,CoutLoot,eCommerce,Fashion Resale Marketplace,Mumbai,Apoorv Ranjan Sharma,Seed Funding,0.0
643,2017-08-04,CoutLoot,eCommerce,Fashion Resale Marketplace,Mumbai,,Seed Funding,0.0
644,2017-08-04,Box My Space,Logistics,Warehouse Aggregator,Mumbai,R. Jayakumar,Seed Funding,0.0
644,2017-08-04,Box My Space,Logistics,Warehouse Aggregator,Mumbai,Vaibhav Vohra,Seed Funding,0.0
644,2017-08-04,Box My Space,Logistics,Warehouse Aggregator,Mumbai,Aditya Vazirani,Seed Funding,0.0
644,2017-08-04,Box My Space,Logistics,Warehouse Aggregator,Mumbai,Rhea Vazirani,Seed Funding,0.0
644,2017-08-04,Box My Space,Logistics,Warehouse Aggregator,Mumbai,AVN Business Solutions,Seed Funding,0.0
644,2017-08-04,Box My Space,Logistics,Warehouse Aggregator,Mumbai,Dreamweaver Investments,Seed Funding,0.0
645,2017-08-05,Curatio,Healthcare,Skincare Speciality services,Chennai,Anicut Capital,Private Equity,0.0
646,2017-08-08,New Castle Technologies,Technology,Hospital Management Software,Chennai,Undisclosed investors,Seed Funding,2.332071
647,2017-08-08,My Forex Eye,Consumer Internet,foreign exchange services,New Delhi,Rahul Dev Kumar,Seed Funding,2.11134
647,2017-08-08,My Forex Eye,Consumer Internet,foreign exchange services,New Delhi,Rajesh Mahajan,Seed Funding,2.11134
647,2017-08-08,My Forex Eye,Consumer Internet,foreign exchange services,New Delhi,Ankit Sharma and others,Seed Funding,2.11134
648,2017-08-09,TruxApp,Logistics,Mobile based Logistics Service,New Delhi,Venugopal Dhoot,Seed Funding,29.7507
648,2017-08-09,TruxApp,Logistics,Mobile based Logistics Service,New Delhi,Ajay Bhatia,Seed Funding,29.7507
648,2017-08-09,TruxApp,Logistics,Mobile based Logistics Service,New Delhi,Tarun Khandelwal,Seed Funding,29.7507
648,2017-08-09,TruxApp,Logistics,Mobile based Logistics Service,New Delhi,Ganpat Singhvi,Seed Funding,29.7507
648,2017-08-09,TruxApp,Logistics,Mobile based Logistics Service,New Delhi,Mandhian family & Others,Seed Funding,29.7507
649,2017-08-09,CroFarm,Technology,Agriculture Supply Chain solutions,Gurgaon,Factor[e] Ventures,Seed Funding,7.514451
650,2017-08-09,DoodhWala,Consumer Internet,Online milk delivery,Bangalore,Tom Varkey,Seed Funding,0.0
651,2017-08-10,Stayabode,Consumer Internet,Co-Living space aggregator,Bangalore,Incubate Fund,Private Equity,0.0
651,2017-08-10,Stayabode,Consumer Internet,Co-Living space aggregator,Bangalore,Sanjay Shenoy,Private Equity,0.0
651,2017-08-10,Stayabode,Consumer Internet,Co-Living space aggregator,Bangalore,Mridul Upreti,Private Equity,0.0
651,2017-08-10,Stayabode,Consumer Internet,Co-Living space aggregator,Bangalore,,Private Equity,0.0
652,2017-08-11,Flipkart,eCommerce,Online Marketplace,Bangalore,Softbank,Private Equity,23992.5
653,2017-08-11,Moong Labs,Technology,Mobile games developer,New Delhi,Nazara Games,Private Equity,0.0
654,2017-08-11,Ola Cabs,Consumer Internet,App based cab aggregation Service,Gurgaon,Tekne Capital Management,Private Equity,345.492
655,2017-08-14,Sports Flashes,Consumer Internet,Sports Content Mobile App,New Delhi,Bennett,Private Equity,0.0
655,2017-08-14,Sports Flashes,Consumer Internet,Sports Content Mobile App,New Delhi,Coleman and Company Ltd (BCCL),Private Equity,0.0
655,2017-08-14,Sports Flashes,Consumer Internet,Sports Content Mobile App,New Delhi,,Private Equity,0.0
656,2017-08-14,Digilend,Technology,Personal Loans & EMI solutions platform,Mumbai,InCred Finance,Seed Funding,2.994264
656,2017-08-14,Digilend,Technology,Personal Loans & EMI solutions platform,Mumbai,Fullerton India Credit Company Ltd,Seed Funding,2.994264
657,2017-08-15,KNAB Finance,Consumer Internet,Unsecured Small Business Loans,Bangalore,InCred,Seed Funding,3.694845
657,2017-08-15,KNAB Finance,Consumer Internet,Unsecured Small Business Loans,Bangalore,Krishnakumar Natarajan,Seed Funding,3.694845
657,2017-08-15,KNAB Finance,Consumer Internet,Unsecured Small Business Loans,Bangalore,Ravi Bhardwaj,Seed Funding,3.694845
658,2017-08-17,Get Simpl,Consumer Internet,Payment Solution Mobile app,Mumbai,Green Visor Capital LP II,Seed Funding,0.0
658,2017-08-17,Get Simpl,Consumer Internet,Payment Solution Mobile app,Mumbai,IA Venture Strategies Fund II LP,Seed Funding,0.0
658,2017-08-17,Get Simpl,Consumer Internet,Payment Solution Mobile app,Mumbai,Boillot Family Trust,Seed Funding,0.0
658,2017-08-17,Get Simpl,Consumer Internet,Payment Solution Mobile app,Mumbai,Russell M Byrne,Seed Funding,0.0
658,2017-08-17,Get Simpl,Consumer Internet,Payment Solution Mobile app,Mumbai,The Oliver R. Grace,Seed Funding,0.0
658,2017-08-17,Get Simpl,Consumer Internet,Payment Solution Mobile app,Mumbai,Jr. Millennium Trust,Seed Funding,0.0
658,2017-08-17,Get Simpl,Consumer Internet,Payment Solution Mobile app,Mumbai,SF Capital Investments LP,Seed Funding,0.0
659,2017-08-20,Rootefy,eCommerce,Building material online store,New Delhi,Abhinav Gupta,Seed Funding,1.794639
659,2017-08-20,Rootefy,eCommerce,Building material online store,New Delhi,,Seed Funding,1.794639
660,2017-08-21,Uniphore,Technology,speech recognition startup,Chennai,IDG Ventures,Private Equity,65.2596
661,2017-08-21,Cerebroz,Consumer Internet,E-Tech platform,Vadodara,Undisclosed HNIs,Seed Funding,7.044198
662,2017-08-22,Flochat,Consumer Internet,instant messaging platform,Mumbai,iSquare Global,Seed Funding,0.0
662,2017-08-22,Flochat,Consumer Internet,instant messaging platform,Mumbai,,Seed Funding,0.0
663,2017-08-22,EasyGov,Consumer Internet,Govt service application portal,Noida,Social Alpha,Seed Funding,0.0
663,2017-08-22,EasyGov,Consumer Internet,Govt service application portal,Noida,Rajan Anandan,Seed Funding,0.0
663,2017-08-22,EasyGov,Consumer Internet,Govt service application portal,Noida,Rajeev Ahuja,Seed Funding,0.0
663,2017-08-22,EasyGov,Consumer Internet,Govt service application portal,Noida,Kshitij Arora,Seed Funding,0.0
664,2017-08-23,Milk Basket,Consumer Internet,Online Grocery platform,Gurgaon,Blume Ventures. Lenovo Capital and Incubator Group (LCIG),Seed Funding,0.0
665,2017-08-23,Dhruva,Technology,Cloud data protection and management solutions,Pune,Riverwood Capital,Private Equity,767.76
665,2017-08-23,Dhruva,Technology,Cloud data protection and management solutions,Pune,Sequoia Capital India,Private Equity,767.76
665,2017-08-23,Dhruva,Technology,Cloud data protection and management solutions,Pune,Nexus Venture Partners,Private Equity,767.76
665,2017-08-23,Dhruva,Technology,Cloud data protection and management solutions,Pune,Tenaya Capital,Private Equity,767.76
666,2017-08-23,Bombay Shaving Company,eCommerce,Men Grooming product etailer,New Delhi,Fireside Ventures,Private Equity,22.0731
667,2017-08-23,Awign,Technology,Operations and manpower outsourcing,Bangalore,IIT Ropar,Seed Funding,0.0
667,2017-08-23,Awign,Technology,Operations and manpower outsourcing,Bangalore,Imanpreet Singh Arora,Seed Funding,0.0
667,2017-08-23,Awign,Technology,Operations and manpower outsourcing,Bangalore,Sidharth Rozario,Seed Funding,0.0
667,2017-08-23,Awign,Technology,Operations and manpower outsourcing,Bangalore,Saurabh Abichandani,Seed Funding,0.0
667,2017-08-23,Awign,Technology,Operations and manpower outsourcing,Bangalore,Shikhar Gupta,Seed Funding,0.0
667,2017-08-23,Awign,Technology,Operations and manpower outsourcing,Bangalore,,Seed Funding,0.0
668,2017-08-23,Indiez,Technology,Software & Mobile app development platform,Bangalore,Haresh Chawla,Seed Funding,4.7985
669,2017-08-24,Ezetap,Technology,mPOS solutions provider,Bangalore,JS Capital Management,Private Equity,153.552
669,2017-08-24,Ezetap,Technology,mPOS solutions provider,Bangalore,Social Capital,Private Equity,153.552
669,2017-08-24,Ezetap,Technology,mPOS solutions provider,Bangalore,Horizons Ventures,Private Equity,153.552
669,2017-08-24,Ezetap,Technology,mPOS solutions provider,Bangalore,,Private Equity,153.552
670,2017-08-25,Ink Monk,Consumer Internet,Online printing marketplace,Chennai,VAMM Ventures,Seed Funding,7.19775
670,2017-08-25,Ink Monk,Consumer Internet,Online printing marketplace,Chennai,Raksul,Seed Funding,7.19775
670,2017-08-25,Ink Monk,Consumer Internet,Online printing marketplace,Chennai,Dena,Seed Funding,7.19775
671,2017-08-25,Medinfi,Consumer Internet,Online Doctor Discovery Platform,Bangalore,PBS Srinivas,Seed Funding,1.199625
671,2017-08-25,Medinfi,Consumer Internet,Online Doctor Discovery Platform,Bangalore,Vinod Martin,Seed Funding,1.199625
671,2017-08-25,Medinfi,Consumer Internet,Online Doctor Discovery Platform,Bangalore,,Seed Funding,1.199625
672,2017-08-28,Mobikon,Technology,Restaurant & Hotel CRM platform,Pune,Sistema Asia Fund,Private Equity,67.179
672,2017-08-28,Mobikon,Technology,Restaurant & Hotel CRM platform,Pune,C31 Ventures,Private Equity,67.179
672,2017-08-28,Mobikon,Technology,Restaurant & Hotel CRM platform,Pune,Qualgro.,Private Equity,67.179
673,2017-08-29,CureFit,Consumer Internet,End to End health and wellness platform.,Bangalore,Accel Partners,Private Equity,239.925
673,2017-08-29,CureFit,Consumer Internet,End to End health and wellness platform.,Bangalore,IDG Ventures,Private Equity,239.925
673,2017-08-29,CureFit,Consumer Internet,End to End health and wellness platform.,Bangalore,Kalaari Capital,Private Equity,239.925
673,2017-08-29,CureFit,Consumer Internet,End to End health and wellness platform.,Bangalore, UC-RNT fund,Private Equity,239.925
674,2017-08-29,Doxper,Technology,Healthtech IoT platform,Mumbai,idal Health,Seed Funding,7.19775
674,2017-08-29,Doxper,Technology,Healthtech IoT platform,Mumbai,growx ventures,Seed Funding,7.19775
674,2017-08-29,Doxper,Technology,Healthtech IoT platform,Mumbai,Capier Investments,Seed Funding,7.19775
674,2017-08-29,Doxper,Technology,Healthtech IoT platform,Mumbai,Globevestor & others,Seed Funding,7.19775
675,2017-08-29,Fieldassist,Technology,SAAS based sales force automation services,Gurgaon,Small Industries Development Bank of India (SIDBI),Debt Funding,0.0
676,2017-08-30,Treebo,Consumer Internet,Budget Hotel Aggregator platform,Bangalore,Ward Ferry Management and Karst Peak Capital,Private Equity,326.298
676,2017-08-30,Treebo,Consumer Internet,Budget Hotel Aggregator platform,Bangalore,,Private Equity,326.298
677,2017-08-30,MedGenome,Technology,Genomics Research and Diagnostics Solutions,Bangalore,Sequoia India,Private Equity,287.91
677,2017-08-30,MedGenome,Technology,Genomics Research and Diagnostics Solutions,Bangalore,Sofina s.a.,Private Equity,287.91
677,2017-08-30,MedGenome,Technology,Genomics Research and Diagnostics Solutions,Bangalore,Zodius Capital,Private Equity,287.91
677,2017-08-30,MedGenome,Technology,Genomics Research and Diagnostics Solutions,Bangalore,Kris Gopalakrishnan,Private Equity,287.91
677,2017-08-30,MedGenome,Technology,Genomics Research and Diagnostics Solutions,Bangalore,Lakshmi Narayanan,Private Equity,287.91
677,2017-08-30,MedGenome,Technology,Genomics Research and Diagnostics Solutions,Bangalore,,Private Equity,287.91
678,2017-07-01,Billion Loans,Consumer Internet,Peer to Peer Lending platform,Bangalore,Reliance Corporate Advisory Services Ltd,Seed Funding,9.597
679,2017-07-03,Ecolibriumenergy,Technology,Energy management solutions provider,Ahmedabad,Infuse Ventures,Private Equity,24.9522
679,2017-07-03,Ecolibriumenergy,Technology,Energy management solutions provider,Ahmedabad,JLL,Private Equity,24.9522
680,2017-07-04,Droom,eCommerce,Online marketplace for automobiles,Gurgaon,Asset Management (Asia) Ltd,Private Equity,191.94
680,2017-07-04,Droom,eCommerce,Online marketplace for automobiles,Gurgaon,Digital Garage Inc,Private Equity,191.94
681,2017-07-05,Jumbotail,eCommerce,online marketplace for food and grocery,Bangalore,Kalaari Capital,Private Equity,81.5745
681,2017-07-05,Jumbotail,eCommerce,online marketplace for food and grocery,Bangalore,Nexus India Capital Advisors,Private Equity,81.5745
682,2017-07-05,Moglix,eCommerce,B2B marketplace for Industrial products,Noida,International Finance Corporation,Private Equity,115.164
682,2017-07-05,Moglix,eCommerce,B2B marketplace for Industrial products,Noida,Rocketship,Private Equity,115.164
682,2017-07-05,Moglix,eCommerce,B2B marketplace for Industrial products,Noida,Accel Partners,Private Equity,115.164
682,2017-07-05,Moglix,eCommerce,B2B marketplace for Industrial products,Noida,Jungle Ventures,Private Equity,115.164
682,2017-07-05,Moglix,eCommerce,B2B marketplace for Industrial products,Noida,Shailesh Rao,Private Equity,115.164
682,2017-07-05,Moglix,eCommerce,B2B marketplace for Industrial products,Noida,Venture Highway,Private Equity,115.164
683,2017-07-05,Timesaverz,Consumer Internet,Hyperlocal home services provider,Mumbai,BCCL,Private Equity,9.597
684,2017-07-06,Minjar,Technology,Cloud Solutions provider,Bangalore,Blume Ventures,Seed Funding,0.0
684,2017-07-06,Minjar,Technology,Cloud Solutions provider,Bangalore,Contrarian Capital India Partners,Seed Funding,0.0
684,2017-07-06,Minjar,Technology,Cloud Solutions provider,Bangalore,Emergent Ventures India,Seed Funding,0.0
684,2017-07-06,Minjar,Technology,Cloud Solutions provider,Bangalore,Pallav Nadhani,Seed Funding,0.0
684,2017-07-06,Minjar,Technology,Cloud Solutions provider,Bangalore,Ashish Gupta,Seed Funding,0.0
684,2017-07-06,Minjar,Technology,Cloud Solutions provider,Bangalore,Sharad Sharma,Seed Funding,0.0
684,2017-07-06,Minjar,Technology,Cloud Solutions provider,Bangalore,Sirion Labs,Seed Funding,0.0
685,2017-07-06,MyCity4kids,Consumer Internet,parenting blog and kids\\xe2\\x80\\x99 events discovery platform,Gurgaon,Undiscolsed,Seed Funding,0.0
686,2017-07-07,Clip App,Consumer Internet,Digital Media Video platform,Bangalore,India Quotient,Seed Funding,9.597
686,2017-07-07,Clip App,Consumer Internet,Digital Media Video platform,Bangalore,Shunwei Capital,Seed Funding,9.597
687,2017-07-07,Upwardly.in,Consumer Internet,MF investment platform,Bangalore,Sreeram Iyer,Seed Funding,0.0
687,2017-07-07,Upwardly.in,Consumer Internet,MF investment platform,Bangalore,Suvo Sarkar,Seed Funding,0.0
687,2017-07-07,Upwardly.in,Consumer Internet,MF investment platform,Bangalore,Anita Gupta,Seed Funding,0.0
687,2017-07-07,Upwardly.in,Consumer Internet,MF investment platform,Bangalore,Likemind Ventures,Seed Funding,0.0
688,2017-07-10,Autorox.co,Technology,Workshop Management Software Platform,Hyderabad,Mitsui & Co.,Private Equity,28.791
689,2017-07-11,Fabogo,Consumer Internet,Salon & Spa Aggregation & Discovery platform,Pune,Dunamis Ventures Pte Ltd,Private Equity,21.59325
690,2017-07-11,Flickstree,Consumer Internet,Video Content Discovery Platform,Mumbai,Venture Catalysts,Seed Funding,4.453008
690,2017-07-11,Flickstree,Consumer Internet,Video Content Discovery Platform,Mumbai,Sourav Ganguly,Seed Funding,4.453008
690,2017-07-11,Flickstree,Consumer Internet,Video Content Discovery Platform,Mumbai,Ankit Aditya,Seed Funding,4.453008
690,2017-07-11,Flickstree,Consumer Internet,Video Content Discovery Platform,Mumbai,Moksh Sports Ventures,Seed Funding,4.453008
691,2017-07-11,Design Cafe,Consumer Internet,Online Interior Design platform,Bangalore,Fireside Ventures,Seed Funding,0.0
691,2017-07-11,Design Cafe,Consumer Internet,Online Interior Design platform,Bangalore,Apurva Salarpuria,Seed Funding,0.0
691,2017-07-11,Design Cafe,Consumer Internet,Online Interior Design platform,Bangalore,Sidharth Pansari,Seed Funding,0.0
691,2017-07-11,Design Cafe,Consumer Internet,Online Interior Design platform,Bangalore,Sprout Capital,Seed Funding,0.0
692,2017-07-12,Innoviti,Technology,Digital payments solutions,Bangalore,SBI-FMO Fund,Private Equity,177.5445
692,2017-07-12,Innoviti,Technology,Digital payments solutions,Bangalore,Bessemer Venture Partners,Private Equity,177.5445
692,2017-07-12,Innoviti,Technology,Digital payments solutions,Bangalore,Catamaran Ventures,Private Equity,177.5445
693,2017-07-12,VDeliver,Logistics,Door Step Delivery platform,Hyderabad,Corvus Ventures,Private Equity,0.0
693,2017-07-12,VDeliver,Logistics,Door Step Delivery platform,Hyderabad,MAPE Advisory Group,Private Equity,0.0
694,2017-07-12,Bottr.me,Technology,Chatbot creation tool,Bangalore,500 Startups,Seed Funding,0.0
694,2017-07-12,Bottr.me,Technology,Chatbot creation tool,Bangalore,Purvi Capital,Seed Funding,0.0
694,2017-07-12,Bottr.me,Technology,Chatbot creation tool,Bangalore,Rajan Anandan,Seed Funding,0.0
694,2017-07-12,Bottr.me,Technology,Chatbot creation tool,Bangalore,Abhishek Gupta,Seed Funding,0.0
695,2017-07-12,Arcatron,Technology,Next Gen Mobility device manufacturer,Pune,Indian Angel Network,Seed Funding,0.0
696,2017-07-14,QwikSpec,Technology,Construction site operations and analytics platform,Bangalore,Brigade Innovations LLP,Seed Funding,5.18238
696,2017-07-14,QwikSpec,Technology,Construction site operations and analytics platform,Bangalore,TV Mohandas Pai,Seed Funding,5.18238
696,2017-07-14,QwikSpec,Technology,Construction site operations and analytics platform,Bangalore,Suhail Rahman,Seed Funding,5.18238
696,2017-07-14,QwikSpec,Technology,Construction site operations and analytics platform,Bangalore,Bobby Reddy,Seed Funding,5.18238
696,2017-07-14,QwikSpec,Technology,Construction site operations and analytics platform,Bangalore,M George Oommen,Seed Funding,5.18238
697,2017-07-14,Chumbak,eCommerce,Designer consumer products Marketplace,Bangalore,Blacksoil Capital Pvt. Ltd,Private Equity,16.3149
698,2017-07-17,Increff,Technology,Sales Solutions for Fashion Brands,Bangalore,Sequoia Capital,Seed Funding,19.194
698,2017-07-17,Increff,Technology,Sales Solutions for Fashion Brands,Bangalore,Grey Orange,Seed Funding,19.194
698,2017-07-17,Increff,Technology,Sales Solutions for Fashion Brands,Bangalore,Rajesh Ramaiah,Seed Funding,19.194
698,2017-07-17,Increff,Technology,Sales Solutions for Fashion Brands,Bangalore,Anshuman Das,Seed Funding,19.194
698,2017-07-17,Increff,Technology,Sales Solutions for Fashion Brands,Bangalore,Rishi Das,Seed Funding,19.194
699,2017-07-17,Vayana,Technology,Enterprise Banking Solutions,Pune,IDG Ventures India Advisors,Private Equity,38.388
699,2017-07-17,Vayana,Technology,Enterprise Banking Solutions,Pune,Jungle Ventures,Private Equity,38.388
700,2017-07-18,MObiquest,Technology,Mobile Services & Solutions,Noida,One97 Communication Ltd,Private Equity,0.0
701,2017-07-18,Ambee,Consumer Internet,Ambulance Aggregation Services,Hyderabad,Uber Technologies Inc,Seed Funding,0.0
701,2017-07-18,Ambee,Consumer Internet,Ambulance Aggregation Services,Hyderabad,Amaya Capital LLP,Seed Funding,0.0
702,2017-07-18,Ideal Insurance,Consumer Internet,Online Insurance platform,Kolkata,Xelpmoc,Seed Funding,0.0
703,2017-07-18,Hypernova Interactive,Technology,Mobile games creator,Bangalore,Kae Capital,Seed Funding,0.0
704,2017-07-19,Rentomojo,Consumer Internet,Consumer Leasing Platform,Bangalore,ain Capital Ventures,Private Equity,95.97
704,2017-07-19,Rentomojo,Consumer Internet,Consumer Leasing Platform,Bangalore,Renaud Laplanche,Private Equity,95.97
705,2017-07-19,AirCTO,Consumer Internet,AI powered recruitment platform,Bangalore,Francesco Cara,Seed Funding,0.0
706,2017-07-19,Playablo,Technology,Gamified Learning App,Bangalore,ABI-Showatech (India) Ltd,Seed Funding,5.7582
707,2017-07-20,Trupay,Technology,Online payments platform,Gurgaon,Kae Capital,Seed Funding,6.7179
707,2017-07-20,Trupay,Technology,Online payments platform,Gurgaon,M&S Partners,Seed Funding,6.7179
707,2017-07-20,Trupay,Technology,Online payments platform,Gurgaon,,Seed Funding,6.7179
708,2017-07-21,Brick2Wall,eCommerce,Online Marketplace for Construction Material,Gurgaon,Subramani Somasundaram,Seed Funding,1.9194
708,2017-07-21,Brick2Wall,eCommerce,Online Marketplace for Construction Material,Gurgaon,Sundeep Sahni,Seed Funding,1.9194
708,2017-07-21,Brick2Wall,eCommerce,Online Marketplace for Construction Material,Gurgaon,Mayank Mittal & Others,Seed Funding,1.9194
709,2017-07-21,FableStreet,eCommerce,Women Work wear etailer,New Delhi,Harmeet Bajaj,Seed Funding,0.0
709,2017-07-21,FableStreet,eCommerce,Women Work wear etailer,New Delhi,Pameela P,Seed Funding,0.0
709,2017-07-21,FableStreet,eCommerce,Women Work wear etailer,New Delhi,Fusiontech Ventures & Others,Seed Funding,0.0
710,2017-07-21,Monsoon Fintech,Technology,Machine Learning Access platform,New Delhi,Sunil Kalra,Seed Funding,0.0
710,2017-07-21,Monsoon Fintech,Technology,Machine Learning Access platform,New Delhi,Aditya Singh,Seed Funding,0.0
710,2017-07-21,Monsoon Fintech,Technology,Machine Learning Access platform,New Delhi,Rishi Srivastava,Seed Funding,0.0
710,2017-07-21,Monsoon Fintech,Technology,Machine Learning Access platform,New Delhi,Rajan Anandan,Seed Funding,0.0
711,2017-07-21,MonkeyBox,Consumer Internet,Healthy Food Delivery Platform,Bangalore,Blume Ventures,Seed Funding,0.0
711,2017-07-21,MonkeyBox,Consumer Internet,Healthy Food Delivery Platform,Bangalore,NB Ventures,Seed Funding,0.0
711,2017-07-21,MonkeyBox,Consumer Internet,Healthy Food Delivery Platform,Bangalore,Nspira,Seed Funding,0.0
712,2017-07-25,Noticeboard,Consumer Internet,Mobile-first Enterprise communication platform,Bangalore,Stellaris Venture Partners,Private Equity,11.5164
712,2017-07-25,Noticeboard,Consumer Internet,Mobile-first Enterprise communication platform,Bangalore,,Private Equity,11.5164
713,2017-07-25,Byju's,Consumer Internet,Mobile Learning App,Bangalore,Tencent Holdings,Private Equity,335.895
714,2017-07-26,Creator's Gurukul,Others,Co-Working Space Provider,New Delhi,Yuvraj Singh,Seed Funding,0.0
715,2017-07-26,Fab Hotels,Consumer Internet,Budget hotels brand & Aggregator Platform,New Delhi,Goldman Sachs,Private Equity,239.925
716,2017-07-26,ThinkerBell,Consumer Internet,Assisted Learning Startup,Bangalore,Indian Angel Network,Seed Funding,1.9194
716,2017-07-26,ThinkerBell,Consumer Internet,Assisted Learning Startup,Bangalore,Anand Mahindra,Seed Funding,1.9194
717,2017-07-27,1mg,eCommerce,Online Pharmacy,Gurgaon,HBM Healthcare Investments,Private Equity,143.955
717,2017-07-27,1mg,eCommerce,Online Pharmacy,Gurgaon,Maverick Capital Ventures,Private Equity,143.955
717,2017-07-27,1mg,eCommerce,Online Pharmacy,Gurgaon,Sequoia India,Private Equity,143.955
717,2017-07-27,1mg,eCommerce,Online Pharmacy,Gurgaon,Omidyar Network and Kae Capital,Private Equity,143.955
718,2017-07-28,Jhakaas,Consumer Internet,App-based Aggregator of Offline Businesses,Mumbai,Amen Dhyllon,Seed Funding,0.0
719,2017-07-28,BigStylist,Consumer Internet,Beauty Services Marketplace,Mumbai,Info Edge (India) Ltd,Private Equity,11.99625
720,2017-07-28,Gympik.com,Consumer Internet,online marketplace for discovering fitness centres,Bangalore,RoundGlass Partners,Seed Funding,0.0
721,2017-06-01,Tripeur,Technology,Mobile based travel ERP platform,Bangalore,Grace Grace Techno Ventures LLP,Seed Funding,0.0
721,2017-06-01,Tripeur,Technology,Mobile based travel ERP platform,Bangalore,Rajul Garg & Other undisclosed investors,Seed Funding,0.0
722,2017-06-02,RentOnGo,eCommerce,"Online Marketplace for Renting Bikes, Electronics & Appliances",Bangalore,TVS Motor Company,Seed Funding,2.245698
723,2017-06-05,Goomo,Consumer Internet,Online Travel & Holiday Booking platform,Mumbai,Emerging India,Private Equity,479.85
724,2017-06-05,MaxMyWealth,Consumer Internet,Online Wealth Management & Savings platform,Mumbai,lockchain ecosystem Global Advisors,Private Equity,0.0
724,2017-06-05,MaxMyWealth,Consumer Internet,Online Wealth Management & Savings platform,Mumbai,Horseferry,Private Equity,0.0
725,2017-06-06,Spinny,eCommerce,Online Used Car marketplace,Gurgaon,Blume Ventures,Private Equity,9.597
725,2017-06-06,Spinny,eCommerce,Online Used Car marketplace,Gurgaon,Indian Angel Network,Private Equity,9.597
725,2017-06-06,Spinny,eCommerce,Online Used Car marketplace,Gurgaon,Kunal Shah,Private Equity,9.597
725,2017-06-06,Spinny,eCommerce,Online Used Car marketplace,Gurgaon,Sandeep Tandon,Private Equity,9.597
726,2017-06-06,Healthbuds,Consumer Internet,Healthcare Discovery & booking platform,Kolkata,Arun Patodia,Seed Funding,0.0
726,2017-06-06,Healthbuds,Consumer Internet,Healthcare Discovery & booking platform,Kolkata,Bharat Kedia,Seed Funding,0.0
727,2017-06-06,Ftcash,Consumer Internet,Mobile Payments platform,Mumbai,500 Startups,Private Equity,0.0
727,2017-06-06,Ftcash,Consumer Internet,Mobile Payments platform,Mumbai,IvyCap Ventures,Private Equity,0.0
728,2017-06-06,BHIVE Workspace,Consumer Internet,co-working spaces,Bangalore,Blume Ventures,Private Equity,11.5164
729,2017-06-06,wayForward,Consumer Internet,Mobile app for Mental Health,New Delhi,Harsh Mahajan,Seed Funding,9.597
729,2017-06-06,wayForward,Consumer Internet,Mobile app for Mental Health,New Delhi,Farhan Naqvi,Seed Funding,9.597
729,2017-06-06,wayForward,Consumer Internet,Mobile app for Mental Health,New Delhi,Sreepathy Viswanathan,Seed Funding,9.597
730,2017-06-06,GyanDhan,Consumer Internet,Education Marketplace,New Delhi,Sundaram Finance Holdings,Private Equity,0.0
731,2017-06-06,Hungry Foal,Consumer Internet,For profit Social Venture,Gurgaon,SBI (Stand Up India Scheme),Private Equity,0.0
732,2017-06-07,ZipLoan,Consumer Internet,Online lending platform,New Delhi,WaterBridge Ventures,Seed Funding,6.23805
733,2017-06-07,GrowFitter,Consumer Internet,health and fitness discovery platform,Mumbai,SQue Capital,Seed Funding,5.7582
734,2017-06-08,Stratfit,Consumer Internet,Health coaching programs,Hyderabad,Bodhtree Consulting Limited,Seed Funding,2.226504
735,2017-06-08,Multiplier Solutions,Technology,CRM Software for Healthcare space,Hyderabad,Norwest Venture Partners,Private Equity,14.3955
736,2017-06-08,ABI Health,Technology,Unified Digital Health Platform,Bangalore,Norwest Venture Partners,Private Equity,14.3955
737,2017-06-08,Stockal,Consumer Internet,App-based Investment advisory Services,Bangalore,Mohan Alexander,Seed Funding,3.35895
737,2017-06-08,Stockal,Consumer Internet,App-based Investment advisory Services,Bangalore,R. Natarajan,Seed Funding,3.35895
737,2017-06-08,Stockal,Consumer Internet,App-based Investment advisory Services,Bangalore,Vikrant Varshney,Seed Funding,3.35895
737,2017-06-08,Stockal,Consumer Internet,App-based Investment advisory Services,Bangalore,Amit Sinha,Seed Funding,3.35895
738,2017-06-09,Guidoo,Consumer Internet,Travel & adventure planning platform,Mumbai,Pawan Borle,Seed Funding,2.8791
738,2017-06-09,Guidoo,Consumer Internet,Travel & adventure planning platform,Mumbai,Nirmal Singh,Seed Funding,2.8791
738,2017-06-09,Guidoo,Consumer Internet,Travel & adventure planning platform,Mumbai,Manish Prasad,Seed Funding,2.8791
738,2017-06-09,Guidoo,Consumer Internet,Travel & adventure planning platform,Mumbai,Vineet Varma,Seed Funding,2.8791
738,2017-06-09,Guidoo,Consumer Internet,Travel & adventure planning platform,Mumbai,Nick Haulkoury,Seed Funding,2.8791
738,2017-06-09,Guidoo,Consumer Internet,Travel & adventure planning platform,Mumbai,Abhai S. Rao,Seed Funding,2.8791
739,2017-06-09,eSahai.in,Consumer Internet,ambulance aggregator and medical taxi provider,Hyderabad,Dr Ramesh Ayyala,Seed Funding,2.39925
739,2017-06-09,eSahai.in,Consumer Internet,ambulance aggregator and medical taxi provider,Hyderabad,Satya Muthyala,Seed Funding,2.39925
740,2017-06-12,Loanmeet,Consumer Internet,Online peer-to-peer lending platform,Bangalore,Cao Yibin,Seed Funding,0.0
740,2017-06-12,Loanmeet,Consumer Internet,Online peer-to-peer lending platform,Bangalore,Huang Wei,Seed Funding,0.0
740,2017-06-12,Loanmeet,Consumer Internet,Online peer-to-peer lending platform,Bangalore,Madhusudan E,Seed Funding,0.0
740,2017-06-12,Loanmeet,Consumer Internet,Online peer-to-peer lending platform,Bangalore,,Seed Funding,0.0
741,2017-06-12,LendingKart,Consumer Internet,Online Lending platform,Ahmedabad,Yes Bank,Debt Funding,74.8566
742,2017-06-12,Boxx.ai,Technology,Artificial Intelligence,Bangalore,Unicorn India Ventures,Private Equity,4.7985
742,2017-06-12,Boxx.ai,Technology,Artificial Intelligence,Bangalore,Venky Krishnakumar,Private Equity,4.7985
742,2017-06-12,Boxx.ai,Technology,Artificial Intelligence,Bangalore,Suresh Shankar,Private Equity,4.7985
742,2017-06-12,Boxx.ai,Technology,Artificial Intelligence,Bangalore,Vivek Bhargava,Private Equity,4.7985
743,2017-06-12,PeeSafe.in,Healthcare,Hygiene care product manufacturer,New Delhi,Venture Catalysts,Private Equity,9.597
743,2017-06-12,PeeSafe.in,Healthcare,Hygiene care product manufacturer,New Delhi,Alfa Capital,Private Equity,9.597
743,2017-06-12,PeeSafe.in,Healthcare,Hygiene care product manufacturer,New Delhi,Green Shots Capital,Private Equity,9.597
743,2017-06-12,PeeSafe.in,Healthcare,Hygiene care product manufacturer,New Delhi,Real Time Ventures,Private Equity,9.597
744,2017-06-12,Vista Rooms,Consumer Internet,Online rooms aggregation platform,Mumbai,Artha India Ventures,Seed Funding,7.447272
744,2017-06-12,Vista Rooms,Consumer Internet,Online rooms aggregation platform,Mumbai,Singularity Holdings,Seed Funding,7.447272
744,2017-06-12,Vista Rooms,Consumer Internet,Online rooms aggregation platform,Mumbai,Rajan Anandan,Seed Funding,7.447272
744,2017-06-12,Vista Rooms,Consumer Internet,Online rooms aggregation platform,Mumbai,Girish Mathrubootham,Seed Funding,7.447272
745,2017-06-12,CoverFox,Consumer Internet,Online insurance brokerage platform,Mumbai,Transamerica,Private Equity,143.955
746,2017-06-13,HyperTrack,Technology,Location tracking solutions,New Delhi,Nexus Venture Partners,Private Equity,0.0
746,2017-06-13,HyperTrack,Technology,Location tracking solutions,New Delhi,Founders Fund,Private Equity,0.0
747,2017-06-13,Goodera,Technology,CSR and sustainability management platform,Bangalore,Nexus Venture Partners,Private Equity,52.7835
747,2017-06-13,Goodera,Technology,CSR and sustainability management platform,Bangalore,Omidyar Network,Private Equity,52.7835
748,2017-06-13,Digit,Technology,Tech driven Insurance platform,Bangalore,Fairfax Holdings,Private Equity,0.0
749,2017-06-14,Ola,Consumer Internet,Cab Aggregation App,Bangalore,Tekne Capital Management LLC,Private Equity,479.85
750,2017-06-14,Vanitycask,Consumer Internet,Beauty products discovery platform,Mumbai,RB Investments,Seed Funding,0.0
751,2017-06-14,MrNeeds,Consumer Internet,Micro Food Delivery platform,Noida,undisclosed investors,Seed Funding,4.7985
752,2017-06-15,MoneyTap,Consumer Internet,Money Lending platform,Bangalore,Sequoia India,Private Equity,118.0431
752,2017-06-15,MoneyTap,Consumer Internet,Money Lending platform,Bangalore,NEA,Private Equity,118.0431
752,2017-06-15,MoneyTap,Consumer Internet,Money Lending platform,Bangalore,Prime Venture Partners,Private Equity,118.0431
753,2017-06-16,Goodbox,eCommerce,Mobile SAAS ECommerce platform for SMEs,Bangalore,Nexus Venture Partners,Private Equity,9.597
753,2017-06-16,Goodbox,eCommerce,Mobile SAAS ECommerce platform for SMEs,Bangalore,Mekin Maheshwari,Private Equity,9.597
754,2017-06-16,Fincash,Consumer Internet,Personal Finance platform,Mumbai,Mohammed Khan,Seed Funding,0.9597
754,2017-06-16,Fincash,Consumer Internet,Personal Finance platform,Mumbai,Sameer Narayan & Others,Seed Funding,0.9597
755,2017-06-16,PortDesk,Technology,Maritime Solutions,Noida,Alphard Maritime Group,Seed Funding,19.194
756,2017-06-16,EdgeFx,eCommerce,DIY project Kits seller,Hyderabad,Cross Border Angels & Experts,Seed Funding,0.0
756,2017-06-16,EdgeFx,eCommerce,DIY project Kits seller,Hyderabad,Rajasthan Angel Innovators Network,Seed Funding,0.0
756,2017-06-16,EdgeFx,eCommerce,DIY project Kits seller,Hyderabad,The Chennai Angels,Seed Funding,0.0
757,2017-06-16,EazyDiner,Consumer Internet,Online Restaurant Reservation Platform,Gurgaon,YouWeCan Ventures,Seed Funding,0.0
758,2017-06-16,HealthIntel,Healthcare,Online Pharmacy,New Delhi,BLIP Initiatives,Seed Funding,0.0
759,2017-06-19,Unbxd,Technology,Cloud-based product discovery platform,Bangalore,Eight Roads Ventures,Private Equity,119.9625
760,2017-06-19,DarwinBox,Technology,Enterprise human resources management platform,Hyderabad,Lightspeed India Partners,Private Equity,38.388
760,2017-06-19,DarwinBox,Technology,Enterprise human resources management platform,Hyderabad,Endiya Partners,Private Equity,38.388
760,2017-06-19,DarwinBox,Technology,Enterprise human resources management platform,Hyderabad,3one4 Capital Advisors LLP,Private Equity,38.388
760,2017-06-19,DarwinBox,Technology,Enterprise human resources management platform,Hyderabad,Startupxseed Ventures LLP,Private Equity,38.388
761,2017-06-20,ForeverShop,Consumer Internet,Mobile based ecommerce platform,Bangalore,91maker.com,Seed Funding,2.8791
762,2017-06-20,Insider.in,Consumer Internet,Events Ticketing platform,Mumbai,Paytm,Private Equity,49.9044
763,2017-06-21,Fynd,eCommerce,Fashion etailer,Mumbai,IIFL Seed Ventures,Private Equity,23.0328
763,2017-06-21,Fynd,eCommerce,Fashion etailer,Mumbai,Kae Capital,Private Equity,23.0328
763,2017-06-21,Fynd,eCommerce,Fashion etailer,Mumbai,FJ Labs,Private Equity,23.0328
763,2017-06-21,Fynd,eCommerce,Fashion etailer,Mumbai,Singularity Ventures,Private Equity,23.0328
763,2017-06-21,Fynd,eCommerce,Fashion etailer,Mumbai,GrowX,Private Equity,23.0328
763,2017-06-21,Fynd,eCommerce,Fashion etailer,Mumbai,Tracxn Labs,Private Equity,23.0328
763,2017-06-21,Fynd,eCommerce,Fashion etailer,Mumbai,Axis Capital,Private Equity,23.0328
764,2017-06-21,Grow Fit,Consumer Internet,Health-Tech platform,Bangalore,Manipal Education and Medical Group (MEMG),Private Equity,43.1865
764,2017-06-21,Grow Fit,Consumer Internet,Health-Tech platform,Bangalore,SAR Group,Private Equity,43.1865
764,2017-06-21,Grow Fit,Consumer Internet,Health-Tech platform,Bangalore,The Grover Trust,Private Equity,43.1865
765,2017-06-21,Fabulyst,Technology,Artificial Intelligence based platform,Hyderabad,iBhubs,Seed Funding,2.063355
766,2017-06-21,mSwipe,Technology,Point-of-Sale services,Mumbai,UC-RNT Fund,Private Equity,297.507
766,2017-06-21,mSwipe,Technology,Point-of-Sale services,Mumbai,Matrix Partners,Private Equity,297.507
766,2017-06-21,mSwipe,Technology,Point-of-Sale services,Mumbai,alcon Edge Capital,Private Equity,297.507
766,2017-06-21,mSwipe,Technology,Point-of-Sale services,Mumbai,DSG Consumer Partners,Private Equity,297.507
767,2017-06-21,OneAssist,Consumer Internet,Credit card fraud protection,Mumbai,Sequoia Capital,Private Equity,0.0
768,2017-06-22,Julia Computing,Technology,Open Source Language for Data Science and Machine Learning,Bangalore,General Catalyst,Private Equity,44.1462
768,2017-06-22,Julia Computing,Technology,Open Source Language for Data Science and Machine Learning,Bangalore,Founder Collective,Private Equity,44.1462
769,2017-06-22,Kissht,Consumer Internet,Consumer Lending platform,Mumbai,Endiya Partners,Private Equity,19.194
769,2017-06-22,Kissht,Consumer Internet,Consumer Lending platform,Mumbai,Ventureast,Private Equity,19.194
770,2017-06-22,Explore Life traveling,Consumer Internet,Local homes booking platform,Bangalore,Mekin Maheshwari,Seed Funding,4.7985
770,2017-06-22,Explore Life traveling,Consumer Internet,Local homes booking platform,Bangalore,Bharat Vijay,Seed Funding,4.7985
770,2017-06-22,Explore Life traveling,Consumer Internet,Local homes booking platform,Bangalore,Krish Seshadri,Seed Funding,4.7985
770,2017-06-22,Explore Life traveling,Consumer Internet,Local homes booking platform,Bangalore,Amar Arsikere,Seed Funding,4.7985
771,2017-06-23,Loantap,Consumer Internet,Lending platform for salaried professionals,Mumbai,Kae Capital,Private Equity,38.388
771,2017-06-23,Loantap,Consumer Internet,Lending platform for salaried professionals,Mumbai,India Quotient,Private Equity,38.388
771,2017-06-23,Loantap,Consumer Internet,Lending platform for salaried professionals,Mumbai,IFMR,Private Equity,38.388
771,2017-06-23,Loantap,Consumer Internet,Lending platform for salaried professionals,Mumbai,and MAS Financial Services Ltd,Private Equity,38.388
772,2017-06-23,Voxweb,Consumer Internet,Mobile based social networking platform,Mumbai,Undisclosed investors,Seed Funding,9.597
773,2017-06-26,HUG Innovations,Technology,Gesture based Smartwatch manufacturer,Hyderabad,Mohit Srivastav,Private Equity,47.985
773,2017-06-26,HUG Innovations,Technology,Gesture based Smartwatch manufacturer,Hyderabad,Kishore Ganji,Private Equity,47.985
773,2017-06-26,HUG Innovations,Technology,Gesture based Smartwatch manufacturer,Hyderabad,Venkat Vallabhaneni,Private Equity,47.985
773,2017-06-26,HUG Innovations,Technology,Gesture based Smartwatch manufacturer,Hyderabad,Rajeev Menon,Private Equity,47.985
774,2017-06-26,Flipkart,eCommerce,Online marketplace,Bangalore,Naspers,Private Equity,681.387
775,2017-06-26,V Resorts,Consumer Internet,Holiday & Vacation resort aggregator,Noida,Seedfund,Private Equity,38.388
775,2017-06-26,V Resorts,Consumer Internet,Holiday & Vacation resort aggregator,Noida,RB International,Private Equity,38.388
776,2017-06-27,Stashfin,Consumer Internet,Personal Finance App,New Delhi,Snow Leopard Ventures,Private Equity,47.985
776,2017-06-27,Stashfin,Consumer Internet,Personal Finance App,New Delhi,Alto Partners,Private Equity,47.985
777,2017-06-27,Formcept,Consumer Internet,Unified Data Analysis platform,Bangalore,Gujarat Venture Finance Ltd,Private Equity,0.0
778,2017-06-27,Spares Hub,eCommerce,Automobile parts marketplace,Pune,The Chennai Angels,Seed Funding,2.984667
778,2017-06-27,Spares Hub,eCommerce,Automobile parts marketplace,Pune,Anthill Scale Ventures,Seed Funding,2.984667
778,2017-06-27,Spares Hub,eCommerce,Automobile parts marketplace,Pune,Esvee Technologies Inc,Seed Funding,2.984667
778,2017-06-27,Spares Hub,eCommerce,Automobile parts marketplace,Pune,Inc95 Consulting,Seed Funding,2.984667
779,2017-06-28,FiTraQ,Consumer Internet,Fitness Centre Discovery Platform,New Delhi,Aparup Sengupta,Seed Funding,0.0
779,2017-06-28,FiTraQ,Consumer Internet,Fitness Centre Discovery Platform,New Delhi,Devendra Reddy,Seed Funding,0.0
779,2017-06-28,FiTraQ,Consumer Internet,Fitness Centre Discovery Platform,New Delhi,,Seed Funding,0.0
780,2017-06-28,Rubique,Consumer Internet,Online Marketplace for financial products,Mumbai,Kalaari Capital,Private Equity,28.791
780,2017-06-28,Rubique,Consumer Internet,Online Marketplace for financial products,Mumbai,Udayan Goyal,Private Equity,28.791
781,2017-06-28,Niki.ai,Consumer Internet,AI Based Personal Assistant,Bangalore,SAP.iO,Private Equity,19.194
781,2017-06-28,Niki.ai,Consumer Internet,AI Based Personal Assistant,Bangalore,Unilazer Ventures,Private Equity,19.194
782,2017-06-29,Fitpass,Consumer Internet,Online Fitness Marketplace,New Delhi,Abhinav Bindra,Private Equity,9.597
782,2017-06-29,Fitpass,Consumer Internet,Online Fitness Marketplace,New Delhi,Gaurav Marya,Private Equity,9.597
783,2017-06-29,ZingHR,Technology,"digital employee solutions,",Mumbai,Zeta,Private Equity,0.0
784,2017-06-30,Tagos Design,Technology,in-video discovery platform,Bangalore,Undisclosed Investors,Private Equity,47.985
785,2017-06-30,UrbanClap,Consumer Internet,Mobile Services Marketplace,Gurgaon,Vy Capital,Private Equity,201.537
785,2017-06-30,UrbanClap,Consumer Internet,Mobile Services Marketplace,Gurgaon,SAIF Partners,Private Equity,201.537
785,2017-06-30,UrbanClap,Consumer Internet,Mobile Services Marketplace,Gurgaon,Accel Partner,Private Equity,201.537
785,2017-06-30,UrbanClap,Consumer Internet,Mobile Services Marketplace,Gurgaon,Bessemer Venture Partners,Private Equity,201.537
786,2017-05-01,Ace2three,Consumer Internet,Online Rummy playing Website,Hyderabad,Clairvest Group,Private Equity,707.2989
787,2017-05-01,Power2SME,eCommerce,Buying portal for SMEs,Gurgaon,International Finance Corporation,Private Equity,95.97
788,2017-05-02,Innovapptive,Technology,Enterprise Mobility Solutions,Hyderabad,Hyderabad Angels,Seed Funding,14.3955
789,2017-05-02,4tigo,Logistics,Truck Network company,Bangalore,Accel Partners,Private Equity,95.97
789,2017-05-02,4tigo,Logistics,Truck Network company,Bangalore,Nandan Nilekani,Private Equity,95.97
789,2017-05-02,4tigo,Logistics,Truck Network company,Bangalore,,Private Equity,95.97
790,2017-05-02,SMECorner,Consumer Internet,Online Platform for small business loans,Mumbai,Dutch government fund,Private Equity,0.0
791,2017-05-02,ZippServe,Consumer Internet,Real estate risk assessment platform,Bangalore,undisclosed investors,Seed Funding,3.74283
792,2017-05-03,Ola,Consumer Internet,Cab Aggregation App,Bangalore,Falcon Edge Capital,Private Equity,1002.8865
792,2017-05-03,Ola,Consumer Internet,Cab Aggregation App,Bangalore, Capital Advisers,Private Equity,1002.8865
793,2017-05-03,Sumeru,Technology,Software & Mobile development services,Bangalore,undisclosed investors,Seed Funding,9.597
794,2017-05-04,Healthians,Consumer Internet,Online Diagnostics and wellness platform,New Delhi,Asuka Holdings,Private Equity,0.0
794,2017-05-04,Healthians,Consumer Internet,Online Diagnostics and wellness platform,New Delhi,YouWeCan Ventures,Private Equity,0.0
794,2017-05-04,Healthians,Consumer Internet,Online Diagnostics and wellness platform,New Delhi,Beenext,Private Equity,0.0
794,2017-05-04,Healthians,Consumer Internet,Online Diagnostics and wellness platform,New Delhi,Beenos,Private Equity,0.0
794,2017-05-04,Healthians,Consumer Internet,Online Diagnostics and wellness platform,New Delhi,M&S Partners,Private Equity,0.0
795,2017-05-05,HealthMir,Consumer Internet,AI-based health content platform,New Delhi,Nimit Panigrahi,Seed Funding,0.0
796,2017-05-05,Uactive,Consumer Internet,Health-based social networking & discovery App,Mumbai,Hinduja family,Seed Funding,0.0
797,2017-05-05,i-lend,Consumer Internet,Peer-to-peer lending platform,Hyderabad,50K Ventures,Seed Funding,0.0
798,2017-05-05,Good Methods Global,Technology,Cloud Based Practice Management Software,Trivandrum,Accel Partners,Private Equity,0.0
799,2017-05-05,Balance App,Consumer Internet,Money Savings & Management App,Bangalore,Rainmatter,Seed Funding,2.236101
800,2017-05-08,YepMe,eCommerce,Private Label Fashion etailer,Gurgaon,Rainbow Digital Services Pvt. Ltd,Private Equity,6.7179
800,2017-05-08,YepMe,eCommerce,Private Label Fashion etailer,Gurgaon,ILearnFinance Academy Pvt. Ltd.,Private Equity,6.7179
801,2017-05-08,Nightstay,Consumer Internet,Last minute hotel booking mobile app,New Delhi,Indian Angels Network,Seed Funding,0.0
801,2017-05-08,Nightstay,Consumer Internet,Last minute hotel booking mobile app,New Delhi,LetsVenture,Seed Funding,0.0
802,2017-05-08,Devourin,Technology,Restaurant Automation Solution,Pune,Deepak Nathani,Seed Funding,0.0
803,2017-05-08,MyGreens,Food & Beverage,Cold-press Juices manufacturer,New Delhi,Ajay Relan,Seed Funding,9.597
803,2017-05-08,MyGreens,Food & Beverage,Cold-press Juices manufacturer,New Delhi,LetsVenture,Seed Funding,9.597
804,2017-05-08,Ace Turtle,Technology,Omni-Channel Platform,Bangalore,Vertex Ventures,Private Equity,47.985
804,2017-05-08,Ace Turtle,Technology,Omni-Channel Platform,Bangalore,C31 Ventures,Private Equity,47.985
805,2017-05-08,CureFit,Technology,Health-Tech Platform,Bangalore,Trifecta Capital Advisors LLP,Private Equity,30.7104
805,2017-05-08,CureFit,Technology,Health-Tech Platform,Bangalore,Prathithi Investment Trust,Private Equity,30.7104
805,2017-05-08,CureFit,Technology,Health-Tech Platform,Bangalore,RNT Capital,Private Equity,30.7104
805,2017-05-08,CureFit,Technology,Health-Tech Platform,Bangalore,Gokul Rajaram,Private Equity,30.7104
805,2017-05-08,CureFit,Technology,Health-Tech Platform,Bangalore,Aditya Agarwal,Private Equity,30.7104
805,2017-05-08,CureFit,Technology,Health-Tech Platform,Bangalore,Ruchi Sanghvi & others,Private Equity,30.7104
806,2017-05-09,Curie Labs,Technology,Energy Analytics startup,New Delhi,Satoshi Studios,Seed Funding,0.47985
807,2017-05-09,Uncanny Vision,Technology,Computer Vision on Embedded Systems,Bangalore,Anand Chandrasekaran,Seed Funding,0.0
808,2017-05-09,Anchanto,Technology,Ecommerce Fulfilment and Technology Platform,Pune,Luxasia Group,Private Equity,0.0
809,2017-05-09,Sequretek,Technology,IT Security & Data Management Services,Mumbai,GVFL,Private Equity,0.0
809,2017-05-09,Sequretek,Technology,IT Security & Data Management Services,Mumbai,Unicorn India Ventures,Private Equity,0.0
810,2017-05-10,Lucideus,Technology,Cyber Security Startup,New Delhi,Vellayan Subbiah,Seed Funding,0.0
810,2017-05-10,Lucideus,Technology,Cyber Security Startup,New Delhi,Jonathan Boutelle,Seed Funding,0.0
810,2017-05-10,Lucideus,Technology,Cyber Security Startup,New Delhi,Rajan Anandan,Seed Funding,0.0
810,2017-05-10,Lucideus,Technology,Cyber Security Startup,New Delhi, Rahul Chawla,Seed Funding,0.0
810,2017-05-10,Lucideus,Technology,Cyber Security Startup,New Delhi,Salil Donde,Seed Funding,0.0
810,2017-05-10,Lucideus,Technology,Cyber Security Startup,New Delhi,Amit Ranjan,Seed Funding,0.0
810,2017-05-10,Lucideus,Technology,Cyber Security Startup,New Delhi,Govind Rajan & Others,Seed Funding,0.0
811,2017-05-10,Vidooly,Consumer Internet,Video Intelligence platform,Noida,Times Internet,Private Equity,13.4358
811,2017-05-10,Vidooly,Consumer Internet,Video Intelligence platform,Noida,GVFL,Private Equity,13.4358
812,2017-05-10,Shopclues,eCommerce,Online marketplace,Gurgaon,InnoVen Capital,Private Equity,73.8969
813,2017-05-10,Fourth Ambit,Consumer Internet,Community Building platform,Bangalore,1Crowd,Seed Funding,5.7582
814,2017-05-10,Chymera VR,Technology,Advertising Platform for Virtual Reality,Bangalore,Varsha Rao,Seed Funding,0.0
814,2017-05-10,Chymera VR,Technology,Advertising Platform for Virtual Reality,Bangalore,Surojit Chatterjee,Seed Funding,0.0
814,2017-05-10,Chymera VR,Technology,Advertising Platform for Virtual Reality,Bangalore,Nirav Choksi & Others,Seed Funding,0.0
815,2017-05-11,Early Salary,Consumer Internet,Online lending platform,Pune,DG Ventures India,Private Equity,38.388
815,2017-05-11,Early Salary,Consumer Internet,Online lending platform,Pune,Dewan Housing Finance Corp,Private Equity,38.388
816,2017-05-11,Book My Diamond,eCommerce,Diamond B2B eTailer,Mumbai,Chirag Nikunj Sheth & Others,Seed Funding,0.0
817,2017-05-11,ION Energy,Technology,Clean Tech Startup,Mumbai,Aakrit Vaish,Seed Funding,0.0
817,2017-05-11,ION Energy,Technology,Clean Tech Startup,Mumbai,Swapan Rajdev,Seed Funding,0.0
817,2017-05-11,ION Energy,Technology,Clean Tech Startup,Mumbai,Sushill Jiwarajka,Seed Funding,0.0
818,2017-05-12,Legal Raasta,Consumer Internet,Legal Services to SMEs & Individuals,New Delhi,Impanix Capital,Private Equity,47.985
819,2017-05-12,Log 9 Materials,Technology,NanoTech product developer,Bangalore,GEMs,Seed Funding,0.0
820,2017-05-12,Remit Guru,Consumer Internet,Digital money transfer platform,Mumbai,Infibeam,Private Equity,4.472202
820,2017-05-12,Remit Guru,Consumer Internet,Digital money transfer platform,Mumbai,CCavenue,Private Equity,4.472202
821,2017-05-12,Aequm,eCommerce,Cloud ECommerce platform,Bangalore,undisclosed investors,Seed Funding,9.597
822,2017-05-15,Zapty,Technology,Project Management tool,Bangalore,IdeaSpring Capital,Seed Funding,4.7985
823,2017-05-15,Vernacular.ai,Technology,Multi-lingual AI Platform for Businesses,Bangalore,Kstart Capital,Seed Funding,0.0
824,2017-05-16,Niki.ai,Technology,AI-based chatbot,Bangalore,SAP,Private Equity,0.0
825,2017-05-16,Telr,Technology,Online Payment Gateway,Mumbai,Innovations East,Private Equity,28.791
826,2017-05-16,Fynd,eCommerce,Fashion ECommerce Portal,Mumbai,Rocketship,Private Equity,4.7985
827,2017-05-17,Genie,Consumer Internet,hyperlocal delivery and logistics mobile app,Chennai,undisclosed investors,Seed Funding,2.39925
828,2017-05-17,Paysense,Consumer Internet,Online Lending platform,Mumbai,Jungle Ventures,Private Equity,50.8641
829,2017-05-18,The Good Life,ECommerce,Online Luxury Tea etailer,Mumbai,Ayesha Takia Azmi,Seed Funding,9.597
829,2017-05-18,The Good Life,ECommerce,Online Luxury Tea etailer,Mumbai,Abu Farhan Azmi,Seed Funding,9.597
830,2017-05-18,PumpKart,eCommerce,Online Water Pumps etailer,Chandigarh,Dr. Ritesh Malik,Seed Funding,0.0
831,2017-05-18,Paytm,ECommerce,Mobile Wallet & ECommerce platform,Bangalore,SoftBank Group,Private Equity,13435.8
832,2017-05-19,EzCred,Consumer Internet,Consumer Lending Platform,Bangalore,Dheeraj Pandey,Seed Funding,9.597
832,2017-05-19,EzCred,Consumer Internet,Consumer Lending Platform,Bangalore,Rajesh Yohannan,Seed Funding,9.597
832,2017-05-19,EzCred,Consumer Internet,Consumer Lending Platform,Bangalore,Akash Garg,Seed Funding,9.597
833,2017-05-19,HealthSutra,Food & Beverage,Health Food Maker,Hyderabad,Ankur Capital,Seed Funding,0.0
833,2017-05-19,HealthSutra,Food & Beverage,Health Food Maker,Hyderabad,Hyderabad Angels,Seed Funding,0.0
834,2017-05-20,YepMe,eCommerce,Private Fashion Brand etailer,New Delhi,Gokaldas Exports Ltd,Private Equity,0.0
835,2017-05-22,Delhivery,Logistics,ECommerce Logistics provider,New Delhi,Fosun International,Private Equity,287.91
836,2017-05-22,ZipGrid,Consumer Internet,"Cashless, paperless solutions for Housing societies",Mumbai,JLL,Seed Funding,4.7985
836,2017-05-22,ZipGrid,Consumer Internet,"Cashless, paperless solutions for Housing societies",Mumbai,1Crowd,Seed Funding,4.7985
837,2017-05-23,TravelSpice,ECommerce,Travel ECommerce portal,Hyderabad,Eagle10 Ventures,Seed Funding,0.0
838,2017-05-23,Magicpin,Consumer Internet,Hyperlocal discovery platform,Gurgaon,Lightspeed Venture Partners,Private Equity,63.3402
838,2017-05-23,Magicpin,Consumer Internet,Hyperlocal discovery platform,Gurgaon,Vy Capital,Private Equity,63.3402
838,2017-05-23,Magicpin,Consumer Internet,Hyperlocal discovery platform,Gurgaon,,Private Equity,63.3402
839,2017-05-23,The Print,Consumer Internet,News Portal,New Delhi,Ratan Tata,Seed Funding,0.0
839,2017-05-23,The Print,Consumer Internet,News Portal,New Delhi,Nandan Nilekani,Seed Funding,0.0
839,2017-05-23,The Print,Consumer Internet,News Portal,New Delhi,Uday Kotak,Seed Funding,0.0
839,2017-05-23,The Print,Consumer Internet,News Portal,New Delhi,Vijay Shekhar Sharma,Seed Funding,0.0
839,2017-05-23,The Print,Consumer Internet,News Portal,New Delhi,Kiran Mazumdar-Shaw,Seed Funding,0.0
839,2017-05-23,The Print,Consumer Internet,News Portal,New Delhi,Rajiv C Mody,Seed Funding,0.0
840,2017-05-23,Box8,Consumer Internet,Food Delivery Platform,Mumbai,Trifecta Capital,Private Equity,9.597
841,2017-05-24,GenNext Students,Consumer Internet,Online Tutoring Services,Mumbai,Undisclosed Investors,Seed Funding,5.56626
842,2017-05-25,Aye Finance,Finance,Non-Banking Financial Company,Gurgaon,Blue Orchard,Private Equity,76.776
843,2017-05-26,WhatsLoan,Consumer Internet,Online Lending mobile app,Bangalore,Lahiri Musics family office,Seed Funding,0.0
844,2017-05-29,Cube Consumer Services,Consumer Internet,Finance management Mobile app,Mumbai,Undiscolsed,Seed Funding,0.0
845,2017-05-29,Nivesh,Consumer Internet,Online MF investment platform,Noida,PV Sahad,Seed Funding,0.0
845,2017-05-29,Nivesh,Consumer Internet,Online MF investment platform,Noida,Sandeep Shroff,Seed Funding,0.0
845,2017-05-29,Nivesh,Consumer Internet,Online MF investment platform,Noida,Rahul Gupta,Seed Funding,0.0
846,2017-05-29,Wowflux,Technology,image Processing solution,New Delhi,Undisclosed Investors,Seed Funding,0.0
847,2017-05-29,Collateral Medical,eCommerce,Online Medical equipment supplier,Mumbai,Carpediem Capital,Private Equity,33.5895
848,2017-05-30,Loadshare,Logistics,Express Logistics Network,Bangalore,Matrix Partners,Seed Funding,0.0
849,2017-05-30,SimpliLend,Consumer Internet,Online lending platform,New Delhi,Undisclosed Investors,Seed Funding,0.0
850,2017-05-30,Supr Daily,Consumer Internet,Subscription based delivery platform,Mumbai,Soma Capital,Private Equity,14.3955
850,2017-05-30,Supr Daily,Consumer Internet,Subscription based delivery platform,Mumbai,Great Oaks Ventures,Private Equity,14.3955
850,2017-05-30,Supr Daily,Consumer Internet,Subscription based delivery platform,Mumbai,122 West Ventures,Private Equity,14.3955
851,2017-05-30,Swiggy,Consumer Internet,Online food delivery platform,Bangalore,Nasper,Private Equity,767.76
851,2017-05-30,Swiggy,Consumer Internet,Online food delivery platform,Bangalore,Accel India,Private Equity,767.76
851,2017-05-30,Swiggy,Consumer Internet,Online food delivery platform,Bangalore,SAIF Partners,Private Equity,767.76
851,2017-05-30,Swiggy,Consumer Internet,Online food delivery platform,Bangalore,Bessemer Venture Partners,Private Equity,767.76
851,2017-05-30,Swiggy,Consumer Internet,Online food delivery platform,Bangalore,Harmony Partners,Private Equity,767.76
851,2017-05-30,Swiggy,Consumer Internet,Online food delivery platform,Bangalore,Norwest Venture Partners,Private Equity,767.76
852,2017-05-31,SastaSundar,eCommerce,Online Pharmacy,Kolkata,Rohto Pharmaceutical,Private Equity,47.985
853,2017-05-31,Magicpin,Consumer Internet,Hyperlocal Discovery & Rewards platform,Gurgaon,Lightspeed India Partners,Private Equity,67.179
853,2017-05-31,Magicpin,Consumer Internet,Hyperlocal Discovery & Rewards platform,Gurgaon,Waterbridge Ventures,Private Equity,67.179
854,2017-04-01,Cashe,Consumer Internet,Online & Mobile based Lending platform,Mumbai,Mathew Cyriac,Private Equity,36.4686
854,2017-04-01,Cashe,Consumer Internet,Online & Mobile based Lending platform,Mumbai,Florintree Advisors,Private Equity,36.4686
854,2017-04-01,Cashe,Consumer Internet,Online & Mobile based Lending platform,Mumbai,,Private Equity,36.4686
855,2017-04-03,Eruditus,Education,Executive Education Provider,Mumbai,Bertelsmann India,Private Equity,78.6954
856,2017-04-03,TestBook,Consumer Internet,Online Test Preparation Platform,Mumbai,Matrix Partners India,Private Equity,0.0
857,2017-04-03,Healthcare at Home,Healthcare,Home Healthcare Provider,Noida,Quadria Capital Advisors,Private Equity,383.88
858,2017-04-03,Tyre Express,Technology,Enterprise IoT solutions For Tyre Performance,Mumbai,Rohitash Gupta,Seed Funding,0.0
859,2017-04-03,SmartCoin,Consumer Internet,Micro Lending platform,Bangalore,Unicorn India Ventures & Others,Private Equity,0.0
860,2017-04-04,WayCool,Food & Beverage,Fresh-Produce Distribution Platform,Chennai,Aspada Investments,Private Equity,25.9119
861,2017-04-04,Perfios,Technology,Fin-Tech Solutions,Bangalore,Bessemer Venture Partners,Private Equity,58.5417
862,2017-04-04,Whatfix,Technology,Interactive Tech-Support Guides,Bangalore,Stellaris Venture Partners,Private Equity,35.41293
862,2017-04-04,Whatfix,Technology,Interactive Tech-Support Guides,Bangalore,Helion Venture Partners,Private Equity,35.41293
862,2017-04-04,Whatfix,Technology,Interactive Tech-Support Guides,Bangalore,Powerhouse Ventures,Private Equity,35.41293
862,2017-04-04,Whatfix,Technology,Interactive Tech-Support Guides,Bangalore,Gokul Rajaram,Private Equity,35.41293
862,2017-04-04,Whatfix,Technology,Interactive Tech-Support Guides,Bangalore,Girish Mathrubootham,Private Equity,35.41293
862,2017-04-04,Whatfix,Technology,Interactive Tech-Support Guides,Bangalore,Aneesh Reddy,Private Equity,35.41293
862,2017-04-04,Whatfix,Technology,Interactive Tech-Support Guides,Bangalore,Vispi Daver,Private Equity,35.41293
863,2017-04-04,ElastiRun,Technology,App based Logistics & Distribution platform,Pune,Kalaari Capital,Private Equity,67.179
863,2017-04-04,ElastiRun,Technology,App based Logistics & Distribution platform,Pune,Norwest Venture Partners,Private Equity,67.179
864,2017-04-04,Trukky,Consumer Internet,Online Truck Aggregator & Booking platform,Ahmedabad,Keyur Joshi,Seed Funding,4.7985
864,2017-04-04,Trukky,Consumer Internet,Online Truck Aggregator & Booking platform,Ahmedabad,Pavan Bakeri,Seed Funding,4.7985
865,2017-04-04,Konsult App,Consumer Internet,App based Doctor Consulting platform,New Delhi,Koen Bouwers,Seed Funding,4.7985
865,2017-04-04,Konsult App,Consumer Internet,App based Doctor Consulting platform,New Delhi,Lomesh Agarwal,Seed Funding,4.7985
865,2017-04-04,Konsult App,Consumer Internet,App based Doctor Consulting platform,New Delhi,Jeroen Mensen,Seed Funding,4.7985
865,2017-04-04,Konsult App,Consumer Internet,App based Doctor Consulting platform,New Delhi,Pablo van den Bosch & Others,Seed Funding,4.7985
866,2017-04-05,Credit Sudhaar,Consumer Internet,Credit Score Improvement platform,Mumbai,Deepak Kulkarni,Seed Funding,0.0
866,2017-04-05,Credit Sudhaar,Consumer Internet,Credit Score Improvement platform,Mumbai,Sandeep Pangal,Seed Funding,0.0
867,2017-04-05,Fingerlix,Consumer Internet,Food Delivery Platform,Mumbai,Zephyr Peacock India,Private Equity,28.791
868,2017-04-05,DataWeave,Technology,Business Intelligence Solutions,Bangalore,FreakOut Group,Private Equity,0.0
868,2017-04-05,DataWeave,Technology,Business Intelligence Solutions,Bangalore,Blume Ventures,Private Equity,0.0
868,2017-04-05,DataWeave,Technology,Business Intelligence Solutions,Bangalore,Herb Madan,Private Equity,0.0
868,2017-04-05,DataWeave,Technology,Business Intelligence Solutions,Bangalore,WaterBridge Ventures,Private Equity,0.0
869,2017-04-06,Medwell Ventures,Healthcare,Home-Based Healthcare provider,Bangalore,Mahindra Partners,Private Equity,201.537
869,2017-04-06,Medwell Ventures,Healthcare,Home-Based Healthcare provider,Bangalore,Eight Roads Ventures,Private Equity,201.537
869,2017-04-06,Medwell Ventures,Healthcare,Home-Based Healthcare provider,Bangalore,F-Prime Capital Partners,Private Equity,201.537
870,2017-04-06,Mech Mocha,Consumer Internet,Mobile gaming startup,Bangalore,Accel Partners,Private Equity,47.985
870,2017-04-06,Mech Mocha,Consumer Internet,Mobile gaming startup,Bangalore,Shunwei Capital,Private Equity,47.985
871,2017-04-07,Startup Buddy,Consumer Internet,Startup Support Platform,Gurgaon,YouWeCan Ventures,Seed Funding,0.0
871,2017-04-07,Startup Buddy,Consumer Internet,Startup Support Platform,Gurgaon,,Seed Funding,0.0
872,2017-04-07,QorQI,Healthcare,Online Healthcare provider,Noida,Paytm,Seed Funding,0.0
873,2017-04-07,Twenty Two Motors,Technology,Smart Scooter manufacturer,Gurgaon,Ishwar Singh,Seed Funding,0.0
873,2017-04-07,Twenty Two Motors,Technology,Smart Scooter manufacturer,Gurgaon,Farhaan Shabbir,Seed Funding,0.0
874,2017-04-07,PharmEasy,eCommerce,Online Pharmacy,Mumbai,Bessemer Venture Partners,Private Equity,172.746
874,2017-04-07,PharmEasy,eCommerce,Online Pharmacy,Mumbai,Orios Venture Partners,Private Equity,172.746
874,2017-04-07,PharmEasy,eCommerce,Online Pharmacy,Mumbai,Trifecta Capital,Private Equity,172.746
874,2017-04-07,PharmEasy,eCommerce,Online Pharmacy,Mumbai,,Private Equity,172.746
875,2017-04-08,WonderChef,eCommerce,Online marketplace for kitchen products,Mumbai,Labruyere Eberl\\xc3\\xa9,Private Equity,0.0
876,2017-04-08,FastFox,Consumer Internet,Online rental discovery platform,Gurgaon,Lightspeed India Partners,Private Equity,44.1462
876,2017-04-08,FastFox,Consumer Internet,Online rental discovery platform,Gurgaon,Blume Ventures,Private Equity,44.1462
876,2017-04-08,FastFox,Consumer Internet,Online rental discovery platform,Gurgaon,CyberAgent Ventures,Private Equity,44.1462
876,2017-04-08,FastFox,Consumer Internet,Online rental discovery platform,Gurgaon,GrowX Ventures,Private Equity,44.1462
876,2017-04-08,FastFox,Consumer Internet,Online rental discovery platform,Gurgaon,IMJ Investment Partners,Private Equity,44.1462
877,2017-04-10,Omnify,Technology,SaaS platform for SMEs,Bangalore,Rajan Anandan,Seed Funding,1.43955
877,2017-04-10,Omnify,Technology,SaaS platform for SMEs,Bangalore,L.D Sharma,Seed Funding,1.43955
877,2017-04-10,Omnify,Technology,SaaS platform for SMEs,Bangalore,Saurabh Arora,Seed Funding,1.43955
878,2017-04-10,Capital Float,Consumer Internet,Online Lending Platform for SME,Bangalore,Mahindra and Mahindra Financial Services,Private Equity,22.0731
879,2017-04-11,Ninjacart,eCommerce,B2B agri-marketing platform,Bangalore,Accel Partners,Private Equity,52.7835
879,2017-04-11,Ninjacart,eCommerce,B2B agri-marketing platform,Bangalore,Nandan Nilekanis NRJN Trust,Private Equity,52.7835
879,2017-04-11,Ninjacart,eCommerce,B2B agri-marketing platform,Bangalore,Mistletoe,Private Equity,52.7835
879,2017-04-11,Ninjacart,eCommerce,B2B agri-marketing platform,Bangalore,Qualcomm Ventures,Private Equity,52.7835
879,2017-04-11,Ninjacart,eCommerce,B2B agri-marketing platform,Bangalore,M&S Partners,Private Equity,52.7835
880,2017-04-11,MergerWare,Technology,Software solutions for M&As,Bangalore,Philippe Bouchet,Seed Funding,0.9597
881,2017-04-11,Sports Flashes,Consumer Internet,Online Sports portal & Mobile app,New Delhi,Sushil Kumar,Seed Funding,0.0
881,2017-04-11,Sports Flashes,Consumer Internet,Online Sports portal & Mobile app,New Delhi,Sandeep Singh,Seed Funding,0.0
882,2017-04-12,Clovia,eCommerce,Online lingerie & Sleepwear etailer,New Delhi,Ivycap Ventures Advisors,Private Equity,38.388
882,2017-04-12,Clovia,eCommerce,Online lingerie & Sleepwear etailer,New Delhi,Singularity Ventures and Ravi Dhariwal,Private Equity,38.388
883,2017-04-12,Emiza,Logistics,Third Party Logistics provider,Mumbai,Mayfield,Private Equity,43.1865
883,2017-04-12,Emiza,Logistics,Third Party Logistics provider,Mumbai,Nishant Rao,Private Equity,43.1865
883,2017-04-12,Emiza,Logistics,Third Party Logistics provider,Mumbai,Dileep Nath,Private Equity,43.1865
884,2017-04-12,HackerEarth,Consumer Internet,Online Skill Assessment Platform,Bangalore,DHI Group Inc,Private Equity,43.1865
884,2017-04-12,HackerEarth,Consumer Internet,Online Skill Assessment Platform,Bangalore,Prime Venture Partners,Private Equity,43.1865
884,2017-04-12,HackerEarth,Consumer Internet,Online Skill Assessment Platform,Bangalore,Beenext,Private Equity,43.1865
884,2017-04-12,HackerEarth,Consumer Internet,Online Skill Assessment Platform,Bangalore,Beenos,Private Equity,43.1865
884,2017-04-12,HackerEarth,Consumer Internet,Online Skill Assessment Platform,Bangalore,Digital Garage,Private Equity,43.1865
884,2017-04-12,HackerEarth,Consumer Internet,Online Skill Assessment Platform,Bangalore,BizReach,Private Equity,43.1865
885,2017-04-12,Squadrun,Technology,Software-As-a-Service Platform,Noida,Blume Ventures,Private Equity,20.1537
885,2017-04-12,Squadrun,Technology,Software-As-a-Service Platform,Noida,Contrarian Capital,Private Equity,20.1537
885,2017-04-12,Squadrun,Technology,Software-As-a-Service Platform,Noida,91springboard,Private Equity,20.1537
885,2017-04-12,Squadrun,Technology,Software-As-a-Service Platform,Noida,Emergent Ventures,Private Equity,20.1537
885,2017-04-12,Squadrun,Technology,Software-As-a-Service Platform,Noida,Abstract Ventures,Private Equity,20.1537
885,2017-04-12,Squadrun,Technology,Software-As-a-Service Platform,Noida,Anthill Ventures,Private Equity,20.1537
885,2017-04-12,Squadrun,Technology,Software-As-a-Service Platform,Noida,Axilor Ventures,Private Equity,20.1537
886,2017-04-12,Tinmen,Consumer Internet,Food Delivery Platform,Hyderabad,MAPE Advisory Group,Seed Funding,0.0
886,2017-04-12,Tinmen,Consumer Internet,Food Delivery Platform,Hyderabad,R Ramaraj,Seed Funding,0.0
886,2017-04-12,Tinmen,Consumer Internet,Food Delivery Platform,Hyderabad,Corvus Ventures,Seed Funding,0.0
887,2017-04-12,ScoutMyTrip,Consumer Internet,Online Travel planner,Mumbai,Z Nation Lab,Seed Funding,0.0
888,2017-04-13,SafetyKart,eCommerce,Safety & Hygiene Products etailer,Gurgaon,Redcliffe Capital,Private Equity,0.0
889,2017-04-13,WeAreHolidays,Consumer Internet,Travel Packages & Planner marketplace,Gurgaon,Urrshila Kerkar,Private Equity,73.8969
889,2017-04-13,WeAreHolidays,Consumer Internet,Travel Packages & Planner marketplace,Gurgaon,,Private Equity,73.8969
890,2017-04-14,Ola Cabs,Consumer Internet,Cab Aggregator App,Bangalore,SIMI Pacific Pte,Private Equity,2495.22
891,2017-04-15,Myly,Consumer Internet,Mobile App for Schools,Jaipur,mall Industries Development Bank of India (SIDBI),Seed Funding,2.97507
892,2017-04-17,CrediHealth,Consumer Internet,Online Medical Assistance platform,Gurgaon,Tolaram Inc,Private Equity,14.3955
892,2017-04-17,CrediHealth,Consumer Internet,Online Medical Assistance platform,Gurgaon,Mountain Pine Capital,Private Equity,14.3955
893,2017-04-17,Navia Life Care,Technology,Health Technology platform,New Delhi,Benori Ventures LLP,Seed Funding,0.0
894,2017-04-17,Raw Pressery,Food & Beverages,Raw Pressed Juices manufacturer,Mumbai,Jacqueline Fernandez,Seed Funding,0.0
895,2017-04-17,Snackible,Food & Beverages,Healthy Snacks manufacturer,Mumbai,Nibhrant Shah,Seed Funding,1.679475
895,2017-04-17,Snackible,Food & Beverages,Healthy Snacks manufacturer,Mumbai,Anandbir Singh,Seed Funding,1.679475
895,2017-04-17,Snackible,Food & Beverages,Healthy Snacks manufacturer,Mumbai,Anirudh Sheth,Seed Funding,1.679475
895,2017-04-17,Snackible,Food & Beverages,Healthy Snacks manufacturer,Mumbai,Pratik Singhi,Seed Funding,1.679475
895,2017-04-17,Snackible,Food & Beverages,Healthy Snacks manufacturer,Mumbai,Vikram Mehta,Seed Funding,1.679475
895,2017-04-17,Snackible,Food & Beverages,Healthy Snacks manufacturer,Mumbai,Murali Nair,Seed Funding,1.679475
896,2017-04-17,Be U Salons,Consumer Internet,Online Salon discovery & Booking Services,New Delhi,Gaurav Kachru,Seed Funding,5.95014
896,2017-04-17,Be U Salons,Consumer Internet,Online Salon discovery & Booking Services,New Delhi,Sundeep Singh Sahni,Seed Funding,5.95014
896,2017-04-17,Be U Salons,Consumer Internet,Online Salon discovery & Booking Services,New Delhi,Jatin Aneja,Seed Funding,5.95014
896,2017-04-17,Be U Salons,Consumer Internet,Online Salon discovery & Booking Services,New Delhi,Arun Malhotra,Seed Funding,5.95014
897,2017-04-17,Simulanis,Consumer Internet,eLearning & Skills Development plat,New Delhi,Village Capital,Seed Funding,0.0
898,2017-04-17,LendingKart,Consumer Internet,Lending platform for small businesses,Ahmedabad,Anicut Capital,Private Equity,44.62605
899,2017-04-18,Innefu Security Consulting,Technology,Cyber Security solutions using AI,New Delhi,IndiaNivesh Venture Capital Fund,Private Equity,19.194
900,2017-04-18,Whodat,Technology,Markerless AR platform,Bangalore,Ideaspring Capital,Private Equity,5.7582
901,2017-04-18,Absentia VR,Technology,Virtual Reality Startup,Bangalore,Exfinity Venture Partners,Private Equity,11.99625
902,2017-04-19,IOTrek,Technology,IoT Platform for Bus,New Delhi,Undisclosed Investor,Seed Funding,1.487535
903,2017-04-20,HolaChef,Consumer Internet,Online Food Delivery,Mumbai,SIDBI Venture Capital Ltd,Private Equity,28.791
903,2017-04-20,HolaChef,Consumer Internet,Online Food Delivery,Mumbai,Kalaari Capital,Private Equity,28.791
904,2017-04-20,Wooplr,eCommerce,Social Commerce Fashion platform,Bangalore,Ankit Nagori,Private Equity,0.0
905,2017-04-21,Video Ken,Consumer Internet,Video Based Collaborative Learning,Bangalore,Ravi Garikipati,Seed Funding,9.597
905,2017-04-21,Video Ken,Consumer Internet,Video Based Collaborative Learning,Bangalore,Surot Chatterjee,Seed Funding,9.597
905,2017-04-21,Video Ken,Consumer Internet,Video Based Collaborative Learning,Bangalore,Ashish Agrawal,Seed Funding,9.597
905,2017-04-21,Video Ken,Consumer Internet,Video Based Collaborative Learning,Bangalore,LG Chandrasekhar,Seed Funding,9.597
905,2017-04-21,Video Ken,Consumer Internet,Video Based Collaborative Learning,Bangalore,Sashi Reddi,Seed Funding,9.597
906,2017-04-24,Faasos,Food & Beverage,QSR chain and online food delivery,Pune,Ligthbox Ventures II,Private Equity,60.4611
906,2017-04-24,Faasos,Food & Beverage,QSR chain and online food delivery,Pune,Lightbox Expansion Fund,Private Equity,60.4611
906,2017-04-24,Faasos,Food & Beverage,QSR chain and online food delivery,Pune,Sequoia Capital India,Private Equity,60.4611
906,2017-04-24,Faasos,Food & Beverage,QSR chain and online food delivery,Pune,RuNet South Asia,Private Equity,60.4611
906,2017-04-24,Faasos,Food & Beverage,QSR chain and online food delivery,Pune,RB Investments,Private Equity,60.4611
907,2017-04-24,Oyo Rooms,Consumer Internet,Branded Budget Hotels Aggregator,Gurgaon,SoftBank Vision Fund,Private Equity,2399.25
907,2017-04-24,Oyo Rooms,Consumer Internet,Branded Budget Hotels Aggregator,Gurgaon,Lightspeed Venture Partners,Private Equity,2399.25
907,2017-04-24,Oyo Rooms,Consumer Internet,Branded Budget Hotels Aggregator,Gurgaon,Sequoia Capital India Advisors,Private Equity,2399.25
907,2017-04-24,Oyo Rooms,Consumer Internet,Branded Budget Hotels Aggregator,Gurgaon,Greenoaks Capital Partners,Private Equity,2399.25
908,2017-04-24,Toppr,Consumer Internet,Learning mobile app for students,Mumbai,WGG International,Private Equity,30.7104
909,2017-04-24,Niramai,Healthcare,Breast Cancer Screening Solutions,Bangalore,pi Ventures,Seed Funding,0.0
909,2017-04-24,Niramai,Healthcare,Breast Cancer Screening Solutions,Bangalore,Axilor Ventures,Seed Funding,0.0
909,2017-04-24,Niramai,Healthcare,Breast Cancer Screening Solutions,Bangalore,500 Startups,Seed Funding,0.0
909,2017-04-24,Niramai,Healthcare,Breast Cancer Screening Solutions,Bangalore,Binny Bansal,Seed Funding,0.0
910,2017-04-25,The Office Pass,Consumer Internet,CoWorking Spaces booking platform,Gurgaon,Arun Tadanki,Seed Funding,2.351265
910,2017-04-25,The Office Pass,Consumer Internet,CoWorking Spaces booking platform,Gurgaon,Aditya Verma,Seed Funding,2.351265
911,2017-04-25,UrbanClap,Consumer Internet,Mobile Services Marketplace,Gurgaon,Trifecta Capital,Private Equity,29.7507
912,2017-04-26,Awfis,Consumer Internet,Collaborative co-Working Spaces,Mumbai,Sequoia India,Private Equity,191.94
913,2017-04-26,Myra,Consumer Internet,Online Pharmacy,Bangalore,Times Internet,Private Equity,0.0
913,2017-04-26,Myra,Consumer Internet,Online Pharmacy,Bangalore,Matrix Partners,Private Equity,0.0
914,2017-04-26,Flytxt,Technology,Customer data analytics software,Mumbai,DAH Beteiligungs GmbH,Private Equity,105.567
915,2017-04-26,Howdy Ventures,Consumer Internet,Public and Private Events creation app,Chennai,S. Xavier Britto,Seed Funding,14.3955
916,2017-04-26,StalkBuyLove,eCommerce,Online fashion marketplace,New Delhi,Trifecta Capital,Private Equity,9.597
917,2017-04-26,ZipGo,Consumer Internet,Bus Pooling services platform,Bangalore,Orios Ventures Partners,Private Equity,0.0
917,2017-04-26,ZipGo,Consumer Internet,Bus Pooling services platform,Bangalore,Team Builder Ventures,Private Equity,0.0
917,2017-04-26,ZipGo,Consumer Internet,Bus Pooling services platform,Bangalore,Omidyar Networks,Private Equity,0.0
918,2017-04-27,Scootsy,Consumer Internet,On-Demand Food Delivery,Mumbai,Agnus Capital,Private Equity,34.5492
918,2017-04-27,Scootsy,Consumer Internet,On-Demand Food Delivery,Mumbai,Khattar Holdings,Private Equity,34.5492
919,2017-04-27,Autobix,Technology,Software Solutions for Auto Dealership,Pune,GardX International,Seed Funding,0.0
920,2017-04-27,eShiksha,Technology,Education Institution Management Solutions,Jaipur,Cross Border Angels & Experts,Seed Funding,0.0
921,2017-04-27,iNurture,Consumer Internet,Online Educational courses,Bangalore,BlackSoil Capital Pvt. Ltd,Private Equity,14.3955
922,2017-04-28,Sepalika,Consumer Internet,Healthcare related content platform,New Delhi,Accel Partners,Seed Funding,7.19775
923,2017-04-28,Mintwalk,Consumer Internet,Financial advisory mobile app,Mumbai,Poshika Financial Ecosystem,Seed Funding,0.0
924,2017-04-29,Qriyo,Consumer Internet,Tutor Discovery & Booking platform,Jaipur,NB Ventures,Private Equity,0.0
925,2017-03-01,Ola,Consumer Internet,App based cab aggregator,Bangalore,SoftBank Group Corp,Private Equity,3167.01
926,2017-03-01,Belong,Consumer Internet,Online Jon Portal,Bangalore,Sequoia Capital India,Private Equity,95.97
927,2017-03-01,Seenit,Consumer Internet,AI based Fashion Search Portal,Kolkata,Calcutta Angels Network (CAN),Seed Funding,0.0
927,2017-03-01,Seenit,Consumer Internet,AI based Fashion Search Portal,Kolkata,Augment Ventures,Seed Funding,0.0
928,2017-03-01,Paalak,ECommerce,Fresh Produce Selling portal,New Delhi,Vishwadeep Bajaj,Seed Funding,0.0
928,2017-03-01,Paalak,ECommerce,Fresh Produce Selling portal,New Delhi,Harsh Kundra,Seed Funding,0.0
928,2017-03-01,Paalak,ECommerce,Fresh Produce Selling portal,New Delhi,Nandkumar Rane,Seed Funding,0.0
928,2017-03-01,Paalak,ECommerce,Fresh Produce Selling portal,New Delhi,LN Buddharaju,Seed Funding,0.0
928,2017-03-01,Paalak,ECommerce,Fresh Produce Selling portal,New Delhi,Anupam Tyagi,Seed Funding,0.0
929,2017-03-02,Celes Care,Consumer Internet,Women Healthcare & Information portal,Hyderabad,Ventureast,Private Equity,14.3955
929,2017-03-02,Celes Care,Consumer Internet,Women Healthcare & Information portal,Hyderabad,Endiya Partners,Private Equity,14.3955
929,2017-03-02,Celes Care,Consumer Internet,Women Healthcare & Information portal,Hyderabad,Eight Roads Ventures,Private Equity,14.3955
929,2017-03-02,Celes Care,Consumer Internet,Women Healthcare & Information portal,Hyderabad,F-Prime Capital Partners,Private Equity,14.3955
930,2017-03-02,Karomi,Technology,Packaging Artwork Management software,Chennai,Ideaspring Capital,Seed Funding,4.7985
931,2017-03-02,Red Carpet,Consumer Internet,Micro Lending platform,Gurgaon,Lightspeed Venture Partners,Private Equity,23.9925
932,2017-03-02,Kreate Konnect,Technology,End-to-End Seller e-commerce solutions Provider,Vadodara,Langoor,Seed Funding,0.0
933,2017-03-02,CreditMantri,Consumer Internet,Online Credit score & lending platform,Chennai,Quona Capital,Private Equity,72.9372
934,2017-03-03,Lets Endorse,Consumer Internet,Online Ecosystem of social innovators,Bangalore,Chandigarh Angels Network,Seed Funding,0.0
934,2017-03-03,Lets Endorse,Consumer Internet,Online Ecosystem of social innovators,Bangalore,Social Alpha and other unnamed angel investors,Seed Funding,0.0
935,2017-03-03,Tydy,Technology,Employee Onboarding and Engagement platform,Bangalore,Bhupen Shah,Seed Funding,2.639175
935,2017-03-03,Tydy,Technology,Employee Onboarding and Engagement platform,Bangalore,Jayesh Parekh,Seed Funding,2.639175
935,2017-03-03,Tydy,Technology,Employee Onboarding and Engagement platform,Bangalore,Sanjay Sathe,Seed Funding,2.639175
936,2017-03-03,Nactus,Consumer Internet,Professional Tutors discovery & booking mobile app,Jaipur,Sandeep Aggarwal,Seed Funding,0.0
936,2017-03-03,Nactus,Consumer Internet,Professional Tutors discovery & booking mobile app,Jaipur,Gautam Chhaochharia,Seed Funding,0.0
936,2017-03-03,Nactus,Consumer Internet,Professional Tutors discovery & booking mobile app,Jaipur,R Balachandar,Seed Funding,0.0
937,2017-03-03,Oho Shop,Technology,eCommerce Mobile App Builder,Ahmedabad,Bennett,Private Equity,64.2999
937,2017-03-03,Oho Shop,Technology,eCommerce Mobile App Builder,Ahmedabad,Coleman and Company Ltd,Private Equity,64.2999
938,2017-03-03,Emojifi,Consumer Internet,Mobile App for live emoji,Hyderabad,Undisclosed angel investors,Seed Funding,0.0
939,2017-03-03,Paytm Marketplace,ECommerce,ECommerce Marketplace,Bangalore,Alibaba,Private Equity,1919.4
940,2017-03-04,iGenetics,Healthcare,Health Diagnostic Solutions,Mumbai,CDC Group Plc,Private Equity,187.1415
941,2017-03-06,Juno Clinic,Consumer Internet,Online Counseling Platform,Mumbai,Atul Nishar,Seed Funding,11.5164
942,2017-03-06,Summerlabel,Consumer Internet,Fashion and Lifestyle discovery platform,Gurgaon,Aneesh Seth,Seed Funding,1.43955
942,2017-03-06,Summerlabel,Consumer Internet,Fashion and Lifestyle discovery platform,Gurgaon,Tushar Mittal,Seed Funding,1.43955
943,2017-03-06,PickMe,Consumer Internet,Gadget Insurance & Repair Services platform,Mumbai,SIDBI Venture Capital Fund,Private Equity,17.17863
944,2017-03-07,Agrostar,Technology,Direct-to-Farmer Mobile-Based Retail platform,Pune,Accel Partners,Private Equity,95.97
945,2017-03-07,Zapr,Technology,"DSP, TV Analytics & Cross-Platform advertising",Bangalore,Star India Pvt Ltd,Private Equity,95.97
946,2017-03-07,Data Resolve,Technology,Cyber Security Solutions,Noida,IDFC Parampara Early Stage Opportunities Fund,Private Equity,9.597
947,2017-03-07,Book Servicing,Consumer Internet,Online Vehicle Services Booking platform,New Delhi,National Science and Technology Entrepreneurship Development Board,Seed Funding,0.28791
948,2017-03-07,Blowhorn,Consumer Internet,Intra-City Logistics provider,Bangalore,IDG Ventures India,Private Equity,35.02905
948,2017-03-07,Blowhorn,Consumer Internet,Intra-City Logistics provider,Bangalore,Michael & Susan Dell Foundation,Private Equity,35.02905
948,2017-03-07,Blowhorn,Consumer Internet,Intra-City Logistics provider,Bangalore,Draper Associates,Private Equity,35.02905
948,2017-03-07,Blowhorn,Consumer Internet,Intra-City Logistics provider,Bangalore,Unitus Seed Fund,Private Equity,35.02905
949,2017-03-08,Rivigo,Logistics,Technology Enabled Logistics Company,Gurgaon,Private Sector Banks (Debt Funding),Private Equity,143.955
950,2017-03-08,PipeCandy,Technology,Intelligent Sales Prospecting Platform,Chennai,IDG ventures,Seed Funding,10.5567
950,2017-03-08,PipeCandy,Technology,Intelligent Sales Prospecting Platform,Chennai,Axilor Ventures,Seed Funding,10.5567
950,2017-03-08,PipeCandy,Technology,Intelligent Sales Prospecting Platform,Chennai,Emergent Ventures,Seed Funding,10.5567
950,2017-03-08,PipeCandy,Technology,Intelligent Sales Prospecting Platform,Chennai,Indian Angel Network,Seed Funding,10.5567
951,2017-03-08,Supr Daily,Consumer Internet,Subscription based Home Delivery Platform,Mumbai,Y Combinator,Seed Funding,1.15164
952,2017-03-08,Parentune,Consumer Internet,Online Community for Parents,Gurgaon,Kae Capital,Private Equity,0.0
952,2017-03-08,Parentune,Consumer Internet,Online Community for Parents,Gurgaon,SEGNEL Ventures,Private Equity,0.0
953,2017-03-09,AppBrowzer,Consumer Internet,Instant Mobile Apps Store,Bangalore,Deepak Gurnani,Seed Funding,4.7985
954,2017-03-09,MagicBricks,Consumer Internet,Online Real Estate Portal,Mumbai,Times Internet Ltd,Private Equity,43.1865
955,2017-03-10,PeeBuddy,Healthcare,Female Hygiene product manufacturer,New Delhi,Indian Angel Network,Seed Funding,4.251471
956,2017-03-10,iOrderFresh,ECommerce,Online fresh fruits and grocery store,New Delhi,Singapore Angel Network,Seed Funding,0.0
957,2017-03-10,Lavelle Networks,Technology,SDN Solutions,Bangalore,Ideaspring Capital,Seed Funding,5.7582
958,2017-03-10,PropertyShare,Consumer Internet,Fractional Proerty Ownership & Rental platform,Bangalore,Asuka,Seed Funding,0.0
958,2017-03-10,PropertyShare,Consumer Internet,Fractional Proerty Ownership & Rental platform,Bangalore,Pravega Ventures,Seed Funding,0.0
958,2017-03-10,PropertyShare,Consumer Internet,Fractional Proerty Ownership & Rental platform,Bangalore,BEENEXT,Seed Funding,0.0
959,2017-03-14,MyDermacy,Consumer Internet,Online Dermatology consultation platform,New Delhi,Cyber Carrier,Private Equity,0.0
960,2017-03-15,LatestOne,eCommerce,Tech Accessories e-tailer,Hyderabad,Florintree,Private Equity,32.14995
960,2017-03-15,LatestOne,eCommerce,Tech Accessories e-tailer,Hyderabad,Mathew Cyriac,Private Equity,32.14995
960,2017-03-15,LatestOne,eCommerce,Tech Accessories e-tailer,Hyderabad,Chidambaram Palaniappan,Private Equity,32.14995
960,2017-03-15,LatestOne,eCommerce,Tech Accessories e-tailer,Hyderabad,Bharat Sheth,Private Equity,32.14995
961,2017-03-15,Frapperz,Consumer Internet,On-demand home services provider,Kolkata,Undisclosed Investor,Seed Funding,0.9597
962,2017-03-16,mPaani,Consumer Internet,Loyalty rewards app,Mumbai,IDG Ventures,Private Equity,12.95595
962,2017-03-16,mPaani,Consumer Internet,Loyalty rewards app,Mumbai,Blume Ventures,Private Equity,12.95595
962,2017-03-16,mPaani,Consumer Internet,Loyalty rewards app,Mumbai,Saha Fund,Private Equity,12.95595
962,2017-03-16,mPaani,Consumer Internet,Loyalty rewards app,Mumbai,,Private Equity,12.95595
963,2017-03-16,ShilpMIS,Technology,Virtual Reality platform,Surat,Puneet Gupta,Seed Funding,0.0
963,2017-03-16,ShilpMIS,Technology,Virtual Reality platform,Surat,Nimitt Desai & Others,Seed Funding,0.0
964,2017-03-16,POPxo,Consumer Internet,Digital Media publication for women,New Delhi,GREE Ventures,Private Equity,29.7507
964,2017-03-16,POPxo,Consumer Internet,Digital Media publication for women,New Delhi,Kalaari Capital and IDG Ventures India,Private Equity,29.7507
964,2017-03-16,POPxo,Consumer Internet,Digital Media publication for women,New Delhi,Summit Media,Private Equity,29.7507
964,2017-03-16,POPxo,Consumer Internet,Digital Media publication for women,New Delhi,Atul Goel,Private Equity,29.7507
964,2017-03-16,POPxo,Consumer Internet,Digital Media publication for women,New Delhi,and Gurpreet Singh,Private Equity,29.7507
965,2017-03-16,Fitso,Consumer Internet,Fitness Mobile App,Gurgaon,Sujeet Kumar,Seed Funding,1.9194
965,2017-03-16,Fitso,Consumer Internet,Fitness Mobile App,Gurgaon,Bhupender Singh,Seed Funding,1.9194
965,2017-03-16,Fitso,Consumer Internet,Fitness Mobile App,Gurgaon,Yashish Dhaiya,Seed Funding,1.9194
966,2017-03-17,FarMart,Technology,Farming rental equipment provider,Gurgaon,Indian Angel Network,Seed Funding,0.0
967,2017-03-21,Flipkart,eCommerce,ECommerce Marketplace,Bangalore,Microsoft,Private Equity,13435.8
967,2017-03-21,Flipkart,eCommerce,ECommerce Marketplace,Bangalore,eBay,Private Equity,13435.8
967,2017-03-21,Flipkart,eCommerce,ECommerce Marketplace,Bangalore,Tencent Holdings,Private Equity,13435.8
968,2017-03-21,Airpay,Technology,Online payment Gateway,Mumbai,Kalaari Capital,Private Equity,35.22099
968,2017-03-21,Airpay,Technology,Online payment Gateway,Mumbai,Rakesh and Rajesh Jhunjhunwala,Private Equity,35.22099
969,2017-03-21,MyGlamm,Consumer Internet,On-Demand Beauty Services,Mumbai,LOccitane,Private Equity,50.8641
970,2017-03-22,The Mons Co.,eCommerce,Pregnancy & Baby Care etailer,New Delhi,Shripad Nadkarni,Seed Funding,0.0
970,2017-03-22,The Mons Co.,eCommerce,Pregnancy & Baby Care etailer,New Delhi,Nandu Nandkishore,Seed Funding,0.0
971,2017-03-22,Haqdarshak,Consumer Internet,Tech-Enabled Social Enterprise,Bangalore,Ravi Saxena,Seed Funding,1.833027
971,2017-03-22,Haqdarshak,Consumer Internet,Tech-Enabled Social Enterprise,Bangalore,Sandeep Raju,Seed Funding,1.833027
971,2017-03-22,Haqdarshak,Consumer Internet,Tech-Enabled Social Enterprise,Bangalore,,Seed Funding,1.833027
972,2017-03-23,Ixigo,Consumer Internet,Online Travel Search Engine,Gurgaon,Sequoia Capital,Private Equity,143.955
972,2017-03-23,Ixigo,Consumer Internet,Online Travel Search Engine,Gurgaon,Kinzon Capital,Private Equity,143.955
973,2017-03-23,Markets and Markets,Technology,Marketing Research Company,Pune,FTV Capital,Private Equity,537.432
973,2017-03-23,Markets and Markets,Technology,Marketing Research Company,Pune,Zodius Capital,Private Equity,537.432
974,2017-03-24,Bizom,Technology,supply chain automation platform,Bangalore,Ojas Ventures,Seed Funding,3.666054
975,2017-03-24,BabyonBoard,Consumer Internet,Parenting Mobile App,Bangalore,Mahavir Sharma,Seed Funding,0.0
975,2017-03-24,BabyonBoard,Consumer Internet,Parenting Mobile App,Bangalore,Vishal Jain,Seed Funding,0.0
975,2017-03-24,BabyonBoard,Consumer Internet,Parenting Mobile App,Bangalore,Rohit Sethi,Seed Funding,0.0
975,2017-03-24,BabyonBoard,Consumer Internet,Parenting Mobile App,Bangalore,Gaurav Luniya,Seed Funding,0.0
976,2017-03-24,Delhivery,Technology,Tech enabled Fulfilment & Logistics Solutions,New Delhi,Carlyle Group,Private Equity,959.7
976,2017-03-24,Delhivery,Technology,Tech enabled Fulfilment & Logistics Solutions,New Delhi,Tiger Global,Private Equity,959.7
977,2017-03-27,Sport Flashes,Consumer Internet,Sports Based Online Media portal,New Delhi,Vikas Bajaj,Seed Funding,0.0
977,2017-03-27,Sport Flashes,Consumer Internet,Sports Based Online Media portal,New Delhi,Amit Kharbanda,Seed Funding,0.0
977,2017-03-27,Sport Flashes,Consumer Internet,Sports Based Online Media portal,New Delhi,,Seed Funding,0.0
978,2017-03-28,Fynd,ECommerce,Online fashion marketplace,Mumbai,Venture Catalysts,Private Equity,4.7985
979,2017-03-28,Wigzo,Technology,Enterprise Automation suite,New Delhi,3one4 capital,Private Equity,0.0
980,2017-03-28,DoneThing,Consumer Internet,On-demand Personal Assistant service,Gurgaon,Brand Capital,Private Equity,2.8791
981,2017-03-29,Zapyle,ECommerce,Luxury Fashion Marketplace,Bangalore,Undisclosed Investors,Seed Funding,0.0
982,2017-03-29,Ithaka,Consumer Internet,Vacation Trip Planning platform,Mumbai,Ankit Gupta,Seed Funding,3.119025
982,2017-03-29,Ithaka,Consumer Internet,Vacation Trip Planning platform,Mumbai,Puneet Motihar,Seed Funding,3.119025
983,2017-03-29,perpule,eCommerce,Self-Checkout ECommerce App,Bangalore,KStart Capital,Seed Funding,6.23805
984,2017-03-29,Byju's,Consumer Internet,Online Education Platform,Bangalore,Verlinvest,Private Equity,0.0
985,2017-03-29,Licious,ECommerce,Online Meat Ordering platform,Bangalore,Mayfield India,Private Equity,95.97
985,2017-03-29,Licious,ECommerce,Online Meat Ordering platform,Bangalore,3one4 Capital,Private Equity,95.97
985,2017-03-29,Licious,ECommerce,Online Meat Ordering platform,Bangalore,Sistema Asia Fund,Private Equity,95.97
985,2017-03-29,Licious,ECommerce,Online Meat Ordering platform,Bangalore,Neoplux Technology Fund,Private Equity,95.97
986,2017-03-29,Medinfi,Consumer Internet,Doctor & Hospital search Platform,Bangalore,Vinod Martin,Seed Funding,0.47985
986,2017-03-29,Medinfi,Consumer Internet,Doctor & Hospital search Platform,Bangalore,Hemant Kaul,Seed Funding,0.47985
986,2017-03-29,Medinfi,Consumer Internet,Doctor & Hospital search Platform,Bangalore,Prof. Ram Kumar Kakani & Others,Seed Funding,0.47985
987,2017-03-30,Indus OS,Technology,Mobile OS creator,Mumbai,JSW Ventures,Private Equity,0.0
987,2017-03-30,Indus OS,Technology,Mobile OS creator,Mumbai,VenturEast,Private Equity,0.0
988,2017-03-30,Emflux Motors,Technology,Electric Motorcycle manufacturer,Bangalore,Meher Roy,Seed Funding,0.0
988,2017-03-30,Emflux Motors,Technology,Electric Motorcycle manufacturer,Bangalore,Nikhil Arora,Seed Funding,0.0
988,2017-03-30,Emflux Motors,Technology,Electric Motorcycle manufacturer,Bangalore,Meet Kanodia,Seed Funding,0.0
988,2017-03-30,Emflux Motors,Technology,Electric Motorcycle manufacturer,Bangalore,Krit Sankalp,Seed Funding,0.0
988,2017-03-30,Emflux Motors,Technology,Electric Motorcycle manufacturer,Bangalore,Nitish Singh,Seed Funding,0.0
988,2017-03-30,Emflux Motors,Technology,Electric Motorcycle manufacturer,Bangalore,Risabh Gupta,Seed Funding,0.0
989,2017-03-30,Klinic App,Consumer Internet,Pathology & Diagnostic Tests Portal,Gurgaon,Om Chaudhry,Seed Funding,0.0
990,2017-03-31,Jhakaas,Consumer Internet,Offline Business Aggregator App,Mumbai,Malini Patel,Seed Funding,1.487535
990,2017-03-31,Jhakaas,Consumer Internet,Offline Business Aggregator App,Mumbai,Stelcore Management Services,Seed Funding,1.487535
990,2017-03-31,Jhakaas,Consumer Internet,Offline Business Aggregator App,Mumbai,Anjani Prasad,Seed Funding,1.487535
991,2017-03-31,Oriano Solar,Technology,Turnkey Solar Solutions,Mumbai,Samridhi Fund,Private Equity,28.791
992,2017-03-31,BigBasket,ECommerce,Online Grocer,Bangalore,Trifecta Capital,Private Equity,67.179
993,2017-03-31,Rooter,Consumer Internet,Sports engagement platform,New Delhi,Intex Technologies,Private Equity,0.0
994,2017-03-31,FalconBrick,Technology,Real-Estate Workflow mobile app,Bangalore,Satveer Thakral,Seed Funding,0.0
994,2017-03-31,FalconBrick,Technology,Real-Estate Workflow mobile app,Bangalore,LetsVenture,Seed Funding,0.0
994,2017-03-31,FalconBrick,Technology,Real-Estate Workflow mobile app,Bangalore,Mumbai Angels,Seed Funding,0.0
995,2017-03-31,Icertis,Technology,ERP solutions provider,Pune,B Capital Group,Private Equity,239.925
995,2017-03-31,Icertis,Technology,ERP solutions provider,Pune,Ignition Partners,Private Equity,239.925
995,2017-03-31,Icertis,Technology,ERP solutions provider,Pune,Greycroft,Private Equity,239.925
995,2017-03-31,Icertis,Technology,ERP solutions provider,Pune,e.ventures,Private Equity,239.925
995,2017-03-31,Icertis,Technology,ERP solutions provider,Pune, Eight Roads Ventures,Private Equity,239.925
996,2017-02-02,Clodura,Technology,Intelligent Sales Assistant,Pune,Undisclosed Investors,Seed Funding,0.0
997,2017-02-03,Stockroom.io,Consumer Internet,Curated Platform for Developers,Hyderabad,Satya D Sinha,Seed Funding,0.0
997,2017-02-03,Stockroom.io,Consumer Internet,Curated Platform for Developers,Hyderabad,Gyanendra Singh,Seed Funding,0.0
998,2017-02-06,Capital Float,Consumer Internet,Online lending platform,Bangalore,IFMR Capital Finance,Private Equity,23.9925
999,2017-02-06,iManageMyHotel,Technology,Hotel Management Solution,Kolkata,Jaarvis Accelerator,Seed Funding,0.0
1000,2017-02-07,Inner Hour,Consumer Internet,Online Counselling Platform,Mumbai,Batlivala & Karani Securities,Seed Funding,4.31865
1000,2017-02-07,Inner Hour,Consumer Internet,Online Counselling Platform,Mumbai,Venture Works,Seed Funding,4.31865
1001,2017-02-07,Travel Triangle,Consumer Internet,Online travel agent marketplace,Noida,RB Investments,Private Equity,95.97
1001,2017-02-07,Travel Triangle,Consumer Internet,Online travel agent marketplace,Noida,SAIF Partners,Private Equity,95.97
1001,2017-02-07,Travel Triangle,Consumer Internet,Online travel agent marketplace,Noida,Bessemer Venture Partners,Private Equity,95.97
1002,2017-02-08,Wandertrails,Consumer Internet,"Online Travel, Adventure & Activities Portal",Bangalore,Earlsfield Capital,Seed Funding,9.597
1003,2017-02-08,Zenatix,Technology,IoT Based Energy Monitoring & Control,Gurgaon,pi Ventures,Private Equity,11.5164
1003,2017-02-08,Zenatix,Technology,IoT Based Energy Monitoring & Control,Gurgaon,Blume Ventures,Private Equity,11.5164
1004,2017-02-08,Cartrade,Consumer Internet,Automobile Classifieds Portal,Mumbai,Temasek Holdings,Private Equity,527.835
1005,2017-02-08,MindYourFleet,Technology,Car Rental Software Solutions,Noida,Japan Vyas,Seed Funding,0.0
1005,2017-02-08,MindYourFleet,Technology,Car Rental Software Solutions,Noida,Tarun Adlakha,Seed Funding,0.0
1006,2017-02-08,Edurev,Consumer Internet,Online Education Portal,Gurgaon,Facebook FB Start programme,Seed Funding,0.38388
1007,2017-02-09,Voonik,ECommerce,Women Apparel & Lifestyle etailer,Bangalore,RB Investments,Private Equity,57.582
1007,2017-02-09,Voonik,ECommerce,Women Apparel & Lifestyle etailer,Bangalore,Sequoia Capital,Private Equity,57.582
1008,2017-02-09,1Crowd,Finance,Startup Crowd-funding platform,Mumbai,Ganesh Natarajan,Seed Funding,0.0
1009,2017-02-09,Wooplr,ECommerce,Women Fashion Portal,Bangalore,Sistema Asia Fund,Private Equity,76.776
1009,2017-02-09,Wooplr,ECommerce,Women Fashion Portal,Bangalore,Amereus Group,Private Equity,76.776
1009,2017-02-09,Wooplr,ECommerce,Women Fashion Portal,Bangalore,Helion Ventures,Private Equity,76.776
1010,2017-02-10,48East,ECommerce,Online Food Delivery Platform,Bangalore,Al Dhaheri family,Private Equity,4.7985
1011,2017-02-10,Redesyn,Consumer Internet,Tech Enabler for Artists,Mumbai,ThinQbate,Seed Funding,0.0
1012,2017-02-13,Sigtuple,Technology,Medical Automation platform,Bangalore,Accel Partners,Private Equity,55.6626
1012,2017-02-13,Sigtuple,Technology,Medical Automation platform,Bangalore,IDG Ventures,Private Equity,55.6626
1012,2017-02-13,Sigtuple,Technology,Medical Automation platform,Bangalore,Endiya Partners,Private Equity,55.6626
1012,2017-02-13,Sigtuple,Technology,Medical Automation platform,Bangalore,pi Ventures,Private Equity,55.6626
1012,2017-02-13,Sigtuple,Technology,Medical Automation platform,Bangalore,VH Capital,Private Equity,55.6626
1012,2017-02-13,Sigtuple,Technology,Medical Automation platform,Bangalore,Axilor Partners,Private Equity,55.6626
1013,2017-02-13,Flutura,Technology,Decision Sciences Analytics Solutions,Bangalore,Vertex Ventures,Private Equity,71.9775
1013,2017-02-13,Flutura,Technology,Decision Sciences Analytics Solutions,Bangalore,Lumis Partners,Private Equity,71.9775
1014,2017-02-13,Wassup,Consumer Internet,On Demand Laundry & Dry Cleaning Services,Chennai,Anil Jain & other HNIs,Private Equity,30.7104
1015,2017-02-13,Better Mortgage,Consumer Internet,Mortgage Offering Platform,Gurgaon,Kleiner Perkins,Private Equity,143.955
1015,2017-02-13,Better Mortgage,Consumer Internet,Mortgage Offering Platform,Gurgaon,Goldman Sachs,Private Equity,143.955
1015,2017-02-13,Better Mortgage,Consumer Internet,Mortgage Offering Platform,Gurgaon,Pine Brook,Private Equity,143.955
1016,2017-02-13,Nurturey,Consumer Internet,Parenting Mobile App,New Delhi,Mohit Joshi & Others,Seed Funding,3.16701
1017,2017-02-13,Fyle,Technology,Expense Management Solution,Bangalore,Pravega Ventures,Seed Funding,3.8388
1018,2017-02-14,GoBumpr,Consumer Internet,Online Bike & Car Services provider,Chennai,Mahalingam K,Seed Funding,2.8791
1018,2017-02-14,GoBumpr,Consumer Internet,Online Bike & Car Services provider,Chennai,Girish Mathrubootham,Seed Funding,2.8791
1019,2017-02-14,CCAvenue,Consumer Internet,Online Payment Gateway,Mumbai,Infibeam,Private Equity,214.9728
1020,2017-02-14,Connaizen,Technology,Data Analytics platform,New Delhi,Vikram Sud,Seed Funding,0.0
1021,2017-02-15,Innov8,Consumer Internet,Co-Working Space Platform,New Delhi,Vijay Shekhar Sharma,Seed Funding,0.0
1021,2017-02-15,Innov8,Consumer Internet,Co-Working Space Platform,New Delhi,Rajan Anandan,Seed Funding,0.0
1021,2017-02-15,Innov8,Consumer Internet,Co-Working Space Platform,New Delhi,Kunal Shah,Seed Funding,0.0
1021,2017-02-15,Innov8,Consumer Internet,Co-Working Space Platform,New Delhi,Girish Mathrubootham,Seed Funding,0.0
1021,2017-02-15,Innov8,Consumer Internet,Co-Working Space Platform,New Delhi,Punit Soni,Seed Funding,0.0
1021,2017-02-15,Innov8,Consumer Internet,Co-Working Space Platform,New Delhi,Anand Chandrasekaran,Seed Funding,0.0
1021,2017-02-15,Innov8,Consumer Internet,Co-Working Space Platform,New Delhi,Sunil Kalra,Seed Funding,0.0
1021,2017-02-15,Innov8,Consumer Internet,Co-Working Space Platform,New Delhi,Utsav Somani,Seed Funding,0.0
1021,2017-02-15,Innov8,Consumer Internet,Co-Working Space Platform,New Delhi,Vishal Gondal,Seed Funding,0.0
1021,2017-02-15,Innov8,Consumer Internet,Co-Working Space Platform,New Delhi,Vikram Limaye,Seed Funding,0.0
1022,2017-02-15,ZestMoney,Consumer Internet,Online Consumer Lending platform,Bangalore,PayU,Private Equity,62.3805
1022,2017-02-15,ZestMoney,Consumer Internet,Online Consumer Lending platform,Bangalore,Ribbit Capital,Private Equity,62.3805
1022,2017-02-15,ZestMoney,Consumer Internet,Online Consumer Lending platform,Bangalore,Omidyar Network,Private Equity,62.3805
1023,2017-02-15,AirZaar,Technology,Drone operations management platform,Missourie,Quake Capital,Seed Funding,3.35895
1024,2017-02-16,Truebil,Consumer Internet,Online Marketplace for Used Cars,Mumbai,Shunwei Capital,Private Equity,28.791
1025,2017-02-16,YourStory,Consumer Internet,Online Media,Bangalore,Kalaari Capital Partners,Private Equity,28.791
1025,2017-02-16,YourStory,Consumer Internet,Online Media,Bangalore,Qualcomm,Private Equity,28.791
1025,2017-02-16,YourStory,Consumer Internet,Online Media,Bangalore,3ONE4 Capital Advisors,Private Equity,28.791
1025,2017-02-16,YourStory,Consumer Internet,Online Media,Bangalore,UC-RNT,Private Equity,28.791
1026,2017-02-17,Imaginate,Technology,AR & VR platform,Hyderabad,SRI Capital,Seed Funding,4.7985
1027,2017-02-17,The Ken,Consumer Internet,Online Media Platform,Bangalore,Aprameya Radhakrishna,Seed Funding,3.8388
1027,2017-02-17,The Ken,Consumer Internet,Online Media Platform,Bangalore,Deepak Natraj,Seed Funding,3.8388
1027,2017-02-17,The Ken,Consumer Internet,Online Media Platform,Bangalore,Girish Mathrubootham,Seed Funding,3.8388
1027,2017-02-17,The Ken,Consumer Internet,Online Media Platform,Bangalore,Mahesh Murthy,Seed Funding,3.8388
1027,2017-02-17,The Ken,Consumer Internet,Online Media Platform,Bangalore,Pallav Nadhani,Seed Funding,3.8388
1027,2017-02-17,The Ken,Consumer Internet,Online Media Platform,Bangalore,Pavan Ongole,Seed Funding,3.8388
1027,2017-02-17,The Ken,Consumer Internet,Online Media Platform,Bangalore,Sandeep Mathur,Seed Funding,3.8388
1027,2017-02-17,The Ken,Consumer Internet,Online Media Platform,Bangalore,Vijay Shekhar Sharma & Others,Seed Funding,3.8388
1028,2017-02-17,Urban Ladder,ECommerce,Online Furniture Store,Bangalore,Kalaari Capital,Private Equity,145.8744
1028,2017-02-17,Urban Ladder,ECommerce,Online Furniture Store,Bangalore,SAIF Partners,Private Equity,145.8744
1028,2017-02-17,Urban Ladder,ECommerce,Online Furniture Store,Bangalore,Steadview Capital,Private Equity,145.8744
1028,2017-02-17,Urban Ladder,ECommerce,Online Furniture Store,Bangalore,Sequoia Capital,Private Equity,145.8744
1029,2017-02-17,Aisle,Consumer Internet,Online match-making app,Bangalore,Konglo Ventures,Seed Funding,0.0
1029,2017-02-17,Aisle,Consumer Internet,Online match-making app,Bangalore,White Unicorn Ventures,Seed Funding,0.0
1029,2017-02-17,Aisle,Consumer Internet,Online match-making app,Bangalore,LetsVenture,Seed Funding,0.0
1030,2017-02-17,TownScript,Consumer Internet,DIY event registration and ticketing portal,Pune,BookMyShow,Private Equity,0.0
1031,2017-02-17,Leopetra,eCommerce,Solution provider for pet needs,Mumbai,Facebook FBStart,Seed Funding,0.38388
1032,2017-02-18,Blood n Care,Consumer Internet,First Aid care app,Gurgaon,Facebook FBStart,Seed Funding,0.38388
1033,2017-02-20,Flipkart,eCommerce,Online Marketplace,Bangalore,Bennett,Private Equity,371.4039
1033,2017-02-20,Flipkart,eCommerce,Online Marketplace,Bangalore,Coleman and Co. Ltd (BCCL),Private Equity,371.4039
1034,2017-02-21,True Balance,Consumer Internet,Mobile balance Checking App,Gurgaon,Softbank Ventures Korea,Private Equity,143.955
1034,2017-02-21,True Balance,Consumer Internet,Mobile balance Checking App,Gurgaon,IMM Investment,Private Equity,143.955
1035,2017-02-22,Vebbler,Consumer Internet,Photo Sharing for Groups,Bangalore,Facebook FBStart,Seed Funding,0.38388
1036,2017-02-23,Get My Parking,Consumer Internet,Smart Parking Platform,New Delhi,Indian Angel Network (IAN),Private Equity,10.5567
1036,2017-02-23,Get My Parking,Consumer Internet,Smart Parking Platform,New Delhi,BEENEXT,Private Equity,10.5567
1036,2017-02-23,Get My Parking,Consumer Internet,Smart Parking Platform,New Delhi,The Chennai Angels,Private Equity,10.5567
1036,2017-02-23,Get My Parking,Consumer Internet,Smart Parking Platform,New Delhi,Sunil Munjal,Private Equity,10.5567
1037,2017-02-23,Lets Reap,Consumer Internet,B2B Mobile App for Pharmacies,Mumbai,Kunal Shah,Seed Funding,0.0
1037,2017-02-23,Lets Reap,Consumer Internet,B2B Mobile App for Pharmacies,Mumbai,Sandeep Tandon,Seed Funding,0.0
1037,2017-02-23,Lets Reap,Consumer Internet,B2B Mobile App for Pharmacies,Mumbai,Nitin Saluja,Seed Funding,0.0
1037,2017-02-23,Lets Reap,Consumer Internet,B2B Mobile App for Pharmacies,Mumbai,Gagan Goyal,Seed Funding,0.0
1038,2017-02-24,Oglas,Consumer Internet,Mobile Advertising App,Noida,Pankaj Rungta,Seed Funding,0.0
1038,2017-02-24,Oglas,Consumer Internet,Mobile Advertising App,Noida,Yogesh Agarwal,Seed Funding,0.0
1039,2017-02-27,Staydobe,Consumer Internet,Co-Living Spaces Aggregator,Bangalore,Ishan Manaktala,Seed Funding,0.0
1040,2017-02-27,Biryani By Kilo,Consumer Internet,Online Food Ordering & Delivery Portal,Gurgaon,Chandigarh Angels,Seed Funding,3.598875
1040,2017-02-27,Biryani By Kilo,Consumer Internet,Online Food Ordering & Delivery Portal,Gurgaon,Ashish Gupta,Seed Funding,3.598875
1040,2017-02-27,Biryani By Kilo,Consumer Internet,Online Food Ordering & Delivery Portal,Gurgaon,Rohit,Seed Funding,3.598875
1040,2017-02-27,Biryani By Kilo,Consumer Internet,Online Food Ordering & Delivery Portal,Gurgaon,Ashish Chand,Seed Funding,3.598875
1040,2017-02-27,Biryani By Kilo,Consumer Internet,Online Food Ordering & Delivery Portal,Gurgaon,Sunil Singh & Others,Seed Funding,3.598875
1041,2017-02-27,Johari Shop,ECommerce,Online Jewellery etailer,Bangalore,Undisclosed Investors,Seed Funding,0.902118
1042,2017-02-28,NeoStencil,Consumer Internet,Live Online Coaching Classes,New Delhi,Brand Capital,Private Equity,9.597
1042,2017-02-28,NeoStencil,Consumer Internet,Live Online Coaching Classes,New Delhi,Paragon Trust,Private Equity,9.597
1043,2017-02-28,Blackbuck,Logistics,Online freight aggregator,Bangalore,Sands Capital,Private Equity,671.79
1043,2017-02-28,Blackbuck,Logistics,Online freight aggregator,Bangalore,IFC,Private Equity,671.79
1043,2017-02-28,Blackbuck,Logistics,Online freight aggregator,Bangalore,Accel Partners,Private Equity,671.79
1043,2017-02-28,Blackbuck,Logistics,Online freight aggregator,Bangalore,Flipkart,Private Equity,671.79
1043,2017-02-28,Blackbuck,Logistics,Online freight aggregator,Bangalore,Sanjiv Rangrass,Private Equity,671.79
1044,2017-01-02,TaxSutra,Consumer Internet,Online Tax Filing platform,Pune,TV Mohandas Pai,Seed Funding,3.512502
1044,2017-01-02,TaxSutra,Consumer Internet,Online Tax Filing platform,Pune,V Balakrishnan,Seed Funding,3.512502
1044,2017-01-02,TaxSutra,Consumer Internet,Online Tax Filing platform,Pune,PV Srinivasan,Seed Funding,3.512502
1045,2017-01-03,TempoGo,Technology,IoT & SAAS Solutions for Transportation Industry,Panaji,K2 Capital,Seed Funding,7.917525
1046,2017-01-03,GoFynd,ecommerce,Fashion ecommerce portal,Mumbai,Anand Chandrasekaran,Seed Funding,0.0
1046,2017-01-03,GoFynd,ecommerce,Fashion ecommerce portal,Mumbai,Rajiv Mehta,Seed Funding,0.0
1046,2017-01-03,GoFynd,ecommerce,Fashion ecommerce portal,Mumbai,Ramakant Sharma,Seed Funding,0.0
1047,2017-01-03,Vow Car Clinic,Consumer Internet,Online/App Based Car cleaning service provider,Gurgaon,Vishal Malik,Seed Funding,0.0
1048,2017-01-04,LearnTron,Technology,Blended Learning Delivery App for Schools & Corporates,Chennai,Kae Capital,Seed Funding,0.0
1049,2017-01-05,MobiDent,Consumer Internet,Dentist Appointments booking platform,Bangalore,DanGold Investment Corp,Private Equity,0.0
1050,2017-01-05,Yostra,Technology,Healthcare Technology Solutions,Bangalore,Marico Innovation Foundation (MIF),Private Equity,0.0
1050,2017-01-05,Yostra,Technology,Healthcare Technology Solutions,Bangalore,Villgro,Private Equity,0.0
1051,2017-01-06,Leap India,Logistics,Supply Chain Solutions Provider,Mumbai,India Nivesh Growth Fund,Private Equity,124.761
1051,2017-01-06,Leap India,Logistics,Supply Chain Solutions Provider,Mumbai,Sixth Sense,Private Equity,124.761
1051,2017-01-06,Leap India,Logistics,Supply Chain Solutions Provider,Mumbai,TCI Ventures,Private Equity,124.761
1052,2017-01-07,FreeCharge,Consumer Internet,Mobile Wallet,Mumbai,Jasper Infotech Pvt Ltd,Private Equity,547.029
1053,2017-01-09,TicketNew,Consumer Internet,Movie Ticket Booking platform,Chennai,Alibaba Pictures,Private Equity,335.895
1054,2017-01-10,Intelligence Node,Technology,SAAS Based Retail Analytics Solutions,Mumbai,BlackSoil Capital Pvt Ltd,Private Equity,7.6776
1055,2017-01-10,Securens,Technology,e-surveillance services provider,Mumbai,Mayfield India,Private Equity,47.985
1055,2017-01-10,Securens,Technology,e-surveillance services provider,Mumbai,Trifecta Capital,Private Equity,47.985
1056,2017-01-10,Loan Frame,Consumer Internet,Small Business Loans Marketplace platform,Gurgaon,Vedanta Capital,Private Equity,21.59325
1056,2017-01-10,Loan Frame,Consumer Internet,Small Business Loans Marketplace platform,Gurgaon,William Campbell,Private Equity,21.59325
1056,2017-01-10,Loan Frame,Consumer Internet,Small Business Loans Marketplace platform,Gurgaon,Toos N Daruvala,Private Equity,21.59325
1057,2017-01-10,DriveSkool,Consumer Internet,online marketplace for driving schools,Bangalore,Aavya Ventures,Seed Funding,0.0
1058,2017-01-10,Medinfi,Consumer Internet,Doctor & Clinic Discovery portal,Bangalore,Vinod Martin,Seed Funding,0.9597
1058,2017-01-10,Medinfi,Consumer Internet,Doctor & Clinic Discovery portal,Bangalore,Evan Lim,Seed Funding,0.9597
1058,2017-01-10,Medinfi,Consumer Internet,Doctor & Clinic Discovery portal,Bangalore,Kanchan Ghoshal,Seed Funding,0.9597
1058,2017-01-10,Medinfi,Consumer Internet,Doctor & Clinic Discovery portal,Bangalore,Ram Kumar Kakani,Seed Funding,0.9597
1059,2017-01-10,LensKart,eCommerce,Online eyewear retailer,Bangalore,Ronnie Screwvala,Private Equity,33.5895
1060,2017-01-11,InstaOffice,Consumer Internet,CoWorking Spaces booking platform,Gurgaon,Zishaan Hayath,Seed Funding,0.0
1060,2017-01-11,InstaOffice,Consumer Internet,CoWorking Spaces booking platform,Gurgaon,Karan Chellani,Seed Funding,0.0
1060,2017-01-11,InstaOffice,Consumer Internet,CoWorking Spaces booking platform,Gurgaon,Mohit Satyan,Seed Funding,0.0
1061,2017-01-12,Hansel.io,Consumer Internet,Real-time Mobile App Management Platform,Bangalore,IDG Ventures,Private Equity,12.95595
1061,2017-01-12,Hansel.io,Consumer Internet,Real-time Mobile App Management Platform,Bangalore,Endiya Partners,Private Equity,12.95595
1062,2017-01-12,Square Yards,Consumer Internet,Property Search Aggregator platform,Gurgaon,Lohia Group,Private Equity,95.97
1062,2017-01-12,Square Yards,Consumer Internet,Property Search Aggregator platform,Gurgaon,Andre Hoffman,Private Equity,95.97
1063,2017-01-13,Roambee,Technology,IoT smart Logistics and Asset Management Company,Mumbai,Deutsche Telekom Strategic Investments & Others,Private Equity,39.3477
1064,2017-01-13,PaisaWapas,Consumer Internet,Cashback & Coupons platform,Bangalore,Vividhity Ventures,Seed Funding,0.0
1065,2017-01-13,iService,Consumer Internet,Gadgets Repair & Service Booking platform,Bangalore,Blume Ventures,Seed Funding,4.22268
1065,2017-01-13,iService,Consumer Internet,Gadgets Repair & Service Booking platform,Bangalore,Girish Mathrubootham,Seed Funding,4.22268
1065,2017-01-13,iService,Consumer Internet,Gadgets Repair & Service Booking platform,Bangalore,Aprameya Radhakrishna,Seed Funding,4.22268
1066,2017-01-14,Unacademy,Consumer Internet,Online learning platform,Bangalore,Nexus Venture Partners,Private Equity,43.1865
1066,2017-01-14,Unacademy,Consumer Internet,Online learning platform,Bangalore,Blume Ventures,Private Equity,43.1865
1067,2017-01-14,SecururAX,Technology,Cloud-based solutions provider,Bangalore,Axilor Ventures,Private Equity,0.0
1067,2017-01-14,SecururAX,Technology,Cloud-based solutions provider,Bangalore,Parampara Early Stage Opportunities Fund & Others,Private Equity,0.0
1068,2017-01-16,Leadburg,Consumer Internet,Personality Development Mobile App,Bangalore,Harsh V. Pant,Seed Funding,0.0
1068,2017-01-16,Leadburg,Consumer Internet,Personality Development Mobile App,Bangalore,Ratheesh Raveendran,Seed Funding,0.0
1069,2017-01-16,ZoloStays,Consumer Internet,Branded PG Accomodation booking platform,Bangalore,Nexus Venture Partners,Private Equity,47.985
1069,2017-01-16,ZoloStays,Consumer Internet,Branded PG Accomodation booking platform,Bangalore,Innoven Capital,Private Equity,47.985
1070,2017-01-16,Oi Media,Technology,SAAS Based Media Marketing platform,New Delhi,Quarizon,Seed Funding,0.0
1071,2017-01-16,HipCouch,Consumer Internet,Custom & Modular Furniture platform,Mumbai,Undisclosed Investors,Seed Funding,6.7179
1072,2017-01-17,Curiositi,Consumer Internet,Online Learning Platform,Bangalore,Menterra Social Impact Fund,Private Equity,7.6776
1072,2017-01-17,Curiositi,Consumer Internet,Online Learning Platform,Bangalore,Unitus Seed Fund,Private Equity,7.6776
1073,2017-01-17,TinyStep,Consumer Internet,Parenting Info & Social Network,Bangalore,Flipkart,Private Equity,19.194
1074,2017-01-17,Practo,Consumer Internet,Online Healthcare platform,Bangalore,Tencent,Private Equity,527.835
1074,2017-01-17,Practo,Consumer Internet,Online Healthcare platform,Bangalore, ru-Net,Private Equity,527.835
1074,2017-01-17,Practo,Consumer Internet,Online Healthcare platform,Bangalore,RSI Fund,Private Equity,527.835
1074,2017-01-17,Practo,Consumer Internet,Online Healthcare platform,Bangalore,Thrive Capital,Private Equity,527.835
1075,2017-01-17,Ketchupp,Consumer Internet,Food Discovery Platform,New Delhi,India Quotient and others,Seed Funding,4.232277
1076,2017-01-17,Hoopy,Consumer Internet,Online Car Service Platform,Gwalior,undisclosed investors,Seed Funding,4.7985
1077,2017-01-17,Ezytruk,Consumer Internet,Logistics and truck aggregator platform,Bangalore,Ajith Nair,Seed Funding,1.410759
1077,2017-01-17,Ezytruk,Consumer Internet,Logistics and truck aggregator platform,Bangalore,Anish K,Seed Funding,1.410759
1078,2017-01-18,Kratikal,Technology,Cyber Security Solution provider,New Delhi,Amajit Gupta,Seed Funding,0.0
1078,2017-01-18,Kratikal,Technology,Cyber Security Solution provider,New Delhi,Praveen Dubey,Seed Funding,0.0
1078,2017-01-18,Kratikal,Technology,Cyber Security Solution provider,New Delhi,J.P. Bhatt,Seed Funding,0.0
1079,2017-01-18,Direct Create,eCommerce,B2B Marketplace for Handicrafts,Gurgaon,Rajasthan Venture Capital Fund,Seed Funding,0.0
1080,2017-01-18,Vahdam Teas,eCommerce,Online Tea etailer,New Delhi,Mumbai Angels Network,Seed Funding,6.23805
1080,2017-01-18,Vahdam Teas,eCommerce,Online Tea etailer,New Delhi,Fireside Ventures,Seed Funding,6.23805
1080,2017-01-18,Vahdam Teas,eCommerce,Online Tea etailer,New Delhi,Singapore Angel Network,Seed Funding,6.23805
1081,2017-01-18,Qwikspec,Technology,Cloud-based construction,Bangalore,Undisclosed Investors,Seed Funding,2.8791
1082,2017-01-19,PParke,Consumer Internet,Parking Solutions mobile app,Bangalore,SB Ventures,Seed Funding,0.0
1083,2017-01-19,Weddingz.in,Consumer Internet,Online Marketplace for Wedding Venues and vendors,Mumbai,Singularity Ventures,Private Equity,9.597
1084,2017-01-19,Native Special,eCommerce,Indian Sweets & Snacks etailer,Karur,Indian Angel Network,Seed Funding,0.0
1084,2017-01-19,Native Special,eCommerce,Indian Sweets & Snacks etailer,Karur,Native Angels Network,Seed Funding,0.0
1085,2017-01-19,Fitnapp,Consumer Internet,Fitness Mobile App,Noida,SD Group,Private Equity,0.0
1086,2017-01-20,Ethosh,Technology,Visual and Interactive communications Solutions,Pune,Deepak Nathani,Seed Funding,0.0
1087,2017-01-20,Wydr,eCommerce,B2B Wholesale Marketplace in India,Gurgaon,Bessemer Venture Partners,Private Equity,0.0
1087,2017-01-20,Wydr,eCommerce,B2B Wholesale Marketplace in India,Gurgaon,Stellaris Venture Partners,Private Equity,0.0
1087,2017-01-20,Wydr,eCommerce,B2B Wholesale Marketplace in India,Gurgaon,Jungle Venture Partners,Private Equity,0.0
1087,2017-01-20,Wydr,eCommerce,B2B Wholesale Marketplace in India,Gurgaon,Axis Capital,Private Equity,0.0
1088,2017-01-20,Tyre Express,Technology,IoT platform for Tyre Performance management & tracking,Mumbai,IvyCamp Ventures,Seed Funding,0.0
1089,2017-01-20,Connaizen,Technology,Data Analytics platform,New Delhi,Umang Moondra,Seed Funding,0.0
1090,2017-01-22,MessaGif,Consumer Internet,social messaging platform,New Delhi,Undisclosed investor,Seed Funding,0.47985
1091,2017-01-23,SmartHi,Technology,Audit automation Solutions,Pune,Singapore based investor,Seed Funding,0.0
1092,2017-01-23,CRON Systems,Technology,Border Intrusion Alert Solutions,New Delhi,YourNest Fund II,Seed Funding,0.0
1093,2017-01-23,CueMath,Technology,Maths Learning program,New Delhi,CapitalG,Private Equity,143.955
1093,2017-01-23,CueMath,Technology,Maths Learning program,New Delhi,Sequoia India,Private Equity,143.955
1094,2017-01-23,ChipperSage,Technology,Online learning platform,Bangalore,India Educational Investment Fund,Seed Funding,0.0
1095,2017-01-24,SelectJobs,Consumer Internet,Online Job portal,Mumbai,India Educational Investment Fund,Seed Funding,0.0
1096,2017-01-24,Khel Now,Consumer Internet,Mobile-based Social Platform for Sports,Bangalore,Indochine International,Private Equity,4.7985
1097,2017-01-24,NowFloats,Consumer Internet,Platform to take businesses online,Hyderabad,Iron Pillar and IIFL,Private Equity,95.97
1097,2017-01-24,NowFloats,Consumer Internet,Platform to take businesses online,Hyderabad,Blume Ventures,Private Equity,95.97
1097,2017-01-24,NowFloats,Consumer Internet,Platform to take businesses online,Hyderabad,Omidyar Network,Private Equity,95.97
1098,2017-01-24,Lets Transport,Consumer Internet,Online transport vehicle booking platform,Bangalore,GMO Japan,Private Equity,38.388
1098,2017-01-24,Lets Transport,Consumer Internet,Online transport vehicle booking platform,Bangalore,Neelesh Bhatnagar,Private Equity,38.388
1099,2017-01-24,BetaOut,Technology,ECommerce Marketing Software,Noida,East Ventures & Others,Private Equity,0.0
1100,2017-01-25,Wishberry,Consumer Internet,Crowdfunding Platform,Mumbai,Sharad Sharma,Seed Funding,0.0
1100,2017-01-25,Wishberry,Consumer Internet,Crowdfunding Platform,Mumbai,Rajan Anandan,Seed Funding,0.0
1100,2017-01-25,Wishberry,Consumer Internet,Crowdfunding Platform,Mumbai, Amit Ranjan,Seed Funding,0.0
1100,2017-01-25,Wishberry,Consumer Internet,Crowdfunding Platform,Mumbai,Alok Mittal & others,Seed Funding,0.0
1101,2017-01-25,RML Agtech,Technology,Agri Decision Support Solution for farmers,Pune,IvyCap Ventures,Private Equity,38.388
1102,2017-01-25,LoyaltyPrime,Technology,Loyalty program management solutions,New Delhi,Senovo,Private Equity,0.0
1102,2017-01-25,LoyaltyPrime,Technology,Loyalty program management solutions,New Delhi,Unternehmertum Venture Capital,Private Equity,0.0
1102,2017-01-25,LoyaltyPrime,Technology,Loyalty program management solutions,New Delhi,Alexander Bruehl,Private Equity,0.0
1103,2017-01-25,InstaSafe,Technology,Security-as-a-Service solution provider,Bangalore,ABM Knowledgeware,Private Equity,21.1134
1104,2017-01-25,Infibeam,eCommerce,eCommerce Marketplace,Ahmedabad,Bennett,Private Equity,84.4536
1104,2017-01-25,Infibeam,eCommerce,eCommerce Marketplace,Ahmedabad,Coleman and Company Ltd,Private Equity,84.4536
1105,2017-01-02,99Games,Technology,Mobile Game Developer Studio,Udupi,Dream Incubator,Seed Funding,0.0
1106,2017-01-26,AirMed Labs,Consumer Internet,Health Tests Booking platform & ePharmacy,Ahmedabad,Brand Capital,Private Equity,13.4358
1107,2017-01-26,99PerHour,Consumer Internet,Hyper-local Handyman Service provider,Chennai,V Aanand R,Seed Funding,2.8791
1108,2017-01-26,Kochi Post,Consumer Internet,English Online News portal,Kochi,Rajesh Yohannan,Seed Funding,0.0
1108,2017-01-26,Kochi Post,Consumer Internet,English Online News portal,Kochi,Puthen & Cole,Seed Funding,0.0
1109,2017-01-30,Intuit Things,Technology,IoT solutions for home automation applications,Mumbai,Sanjay Mehta & Others ( The Ten Minute Million),Seed Funding,1.017282
1110,2017-01-30,Cloudrino,Technology,Cloud based Virtual Servers,New Delhi,The Ten Minute Million,Seed Funding,0.2159325
1111,2017-01-30,FabX,eCommerce,Used Furniture Marketplace,Mumbai,The Ten Minute Million,Seed Funding,0.652596
1112,2017-01-30,Maptags,Consumer Internet,Smart Online address tags,Bangalore,The Ten Minute Million,Seed Funding,0.172746
1113,2017-01-30,YOLO Health,Consumer Internet,Online Healthcare platform,Mumbai,Chandigarh Angels Network (CAN),Seed Funding,0.0
1114,2017-01-31,Heads Up For Tails,eCommerce,Online Pet Products Store,New Delhi,Undisclosed Investors,Private Equity,19.194
1115,2017-01-31,Register My Marriage,Consumer Internet,Online Marriage Registration services,New Delhi,Mumbai Angels,Seed Funding,0.0
1116,2016-12-01,SidQam,Technology,Healthcare Software System,Noida,SQue Capital,Private Equity,11.5164
1116,2016-12-01,SidQam,Technology,Healthcare Software System,Noida,Grace Capital Ventures,Private Equity,11.5164
1116,2016-12-01,SidQam,Technology,Healthcare Software System,Noida,Soham Vencaps,Private Equity,11.5164
1117,2016-12-01,India Lends,Consumer Internet,Online Instant personal Loan provider,New Delhi,DSG Consumer Partners,Private Equity,38.388
1117,2016-12-01,India Lends,Consumer Internet,Online Instant personal Loan provider,New Delhi,American Express Ventures,Private Equity,38.388
1117,2016-12-01,India Lends,Consumer Internet,Online Instant personal Loan provider,New Delhi,Cyber Carrier VC,Private Equity,38.388
1117,2016-12-01,India Lends,Consumer Internet,Online Instant personal Loan provider,New Delhi,AdvantEdge Partners,Private Equity,38.388
1118,2016-12-01,Slide App,Consumer Internet,Lock screen Rewards mobile app,New Delhi,Songhyun Investment,Private Equity,34.5492
1119,2016-12-02,Badiyajobs,Consumer Internet,Entry-Level job Seekers platform,New Delhi,Undisclosed,Seed Funding,0.9597
1120,2016-12-02,Streo,Consumer Internet,Live Music Streaming App,Bangalore,GEMs Advisory,Seed Funding,0.0
1120,2016-12-02,Streo,Consumer Internet,Live Music Streaming App,Bangalore,Quarizon,Seed Funding,0.0
1121,2016-12-02,TYGR,Technology,Transport and logistics mobile App,Mumbai,Franchise India,Private Equity,28.791
1122,2016-12-05,Mr Hot Foods,Consumer Internet,Online Food Ordering & Delivery Portal,Indore,IvyCamp Ventures,Seed Funding,0.0
1123,2016-12-05,UrDoorStep,eCommerce,Online Grocery Store,Bangalore,Lakshmi Vilas Bank & undisclosed HNIs,Private Equity,13.4358
1124,2016-12-05,ONN Bikes,eCommerce,"On-demand, self-drive bike rental platform",Mumbai,Grace Capital Ventures,Seed Funding,0.0
1125,2016-12-06,Diro Labs,Consumer Internet,Mobile Contacts Management app,New Delhi,Info Edge (India),Seed Funding,1.410759
1126,2016-12-06,THB,Technology,Clinical research and data analytics,Gurgaon,Ajith Sukumaran,Seed Funding,0.0
1126,2016-12-06,THB,Technology,Clinical research and data analytics,Gurgaon,Currae Healthtech Fund,Seed Funding,0.0
1127,2016-12-07,LookAtMe,Consumer Internet,Mobile App based Fashion Network,Singapore,Eros Labs,Seed Funding,0.0
1128,2016-12-07,Netree,eCommerce,Mobile-only Retailers Engagement Solution,New Delhi,The Chennai Angels,Seed Funding,0.0
1128,2016-12-07,Netree,eCommerce,Mobile-only Retailers Engagement Solution,New Delhi,LetsVenture,Seed Funding,0.0
1129,2016-12-07,BookEventz,Consumer Internet,"Venue, Events Booking platform",Mumbai,Investors from Mumbai Angels & LetsVenture,Seed Funding,0.0
1130,2016-12-07,Tailslife,Consumer Internet,Pet Parenting mobile app,Bangalore,Mohan Kumar,Seed Funding,0.0
1130,2016-12-07,Tailslife,Consumer Internet,Pet Parenting mobile app,Bangalore,V. Balakrishnan,Seed Funding,0.0
1131,2016-12-07,Revv,Consumer Internet,Self-Driven Car Services booking portal,New Delhi,Edelweiss Private Equity,Private Equity,86.373
1132,2016-12-07,WealthApp,Consumer Internet,Online Investment Advisory platform,Bangalore,Venk Krishnan,Seed Funding,4.22268
1132,2016-12-07,WealthApp,Consumer Internet,Online Investment Advisory platform,Bangalore,MJ Aravind,Seed Funding,4.22268
1132,2016-12-07,WealthApp,Consumer Internet,Online Investment Advisory platform,Bangalore,Vikram Kotak,Seed Funding,4.22268
1132,2016-12-07,WealthApp,Consumer Internet,Online Investment Advisory platform,Bangalore,Jayant Davar,Seed Funding,4.22268
1132,2016-12-07,WealthApp,Consumer Internet,Online Investment Advisory platform,Bangalore, Ramkumar Nishtal,Seed Funding,4.22268
1132,2016-12-07,WealthApp,Consumer Internet,Online Investment Advisory platform,Bangalore,Arjun Sharmaa,Seed Funding,4.22268
1133,2016-12-07,Vehico,Technology,Connected Transportation solutions,Bangalore,Calcutta Angel Network,Seed Funding,0.0
1133,2016-12-07,Vehico,Technology,Connected Transportation solutions,Bangalore,Appliyifi,Seed Funding,0.0
1134,2016-12-08,Zest Money,Consumer Internet,Online Consumer Lending platform,Mumbai,PayU,Private Equity,62.3805
1135,2016-12-08,GoMechanic,Consumer Internet,Online Car servicing Booking platform,Gurgaon,Venture Catalysts,Seed Funding,2.39925
1136,2016-12-09,Stalk Buy Love,eCommerce,Fashion Apparel eTailer,New Delhi,Kalaari Capital,Private Equity,57.582
1137,2016-12-09,Nykaa,eCommerce,Beauty Products etailer,Mumbai,Max Ventures and Industries,Private Equity,0.0
1138,2016-12-09,Wittyparot,Technology,Content Management & Productivity platform,Bangalore,Mumbai Angels,Seed Funding,4.31865
1139,2016-12-09,NeuroEquilibrium,Technology,Health-Tech platform,Jaipur,Unicorn India Ventures,Seed Funding,2.39925
1140,2016-12-12,Xseed Education,Technology,Education & learning Tech platform,Bangalore,Verlinvest SA,Private Equity,95.97
1141,2016-12-12,Rupaiya Exchange,Consumer Internet,P2P Lending platform,New Delhi,Undisclosed Investors,Seed Funding,1.9194
1142,2016-12-12,Doctor Insta,Consumer Internet,Online Doctor Consulting platform,Gurgaon,RoundGlass Partners,Private Equity,19.194
1143,2016-12-12,UrbanPiper,Consumer Internet,Self-Branded Websites & Apps for Ecommerce,Bangalore,Axilor,Seed Funding,0.0
1143,2016-12-12,UrbanPiper,Consumer Internet,Self-Branded Websites & Apps for Ecommerce,Bangalore,undisclosed investors,Seed Funding,0.0
1144,2016-12-12,Fresh Food Concepts,Food & Beverage,Cold Press Juice manufacturer & seller,New Delhi,Siddhartha Gupta,Seed Funding,19.194
1144,2016-12-12,Fresh Food Concepts,Food & Beverage,Cold Press Juice manufacturer & seller,New Delhi,Ashvin Chadha,Seed Funding,19.194
1145,2016-12-13,Indifi,Consumer Internet,Online lending platform,Gurgaon,Omidyar Network,Private Equity,95.97
1146,2016-12-13,GoComet,Logistics,Marketplace for International Freight,Mumbai,India Quotient,Seed Funding,0.0
1146,2016-12-13,GoComet,Logistics,Marketplace for International Freight,Mumbai,Rajul Garg,Seed Funding,0.0
1146,2016-12-13,GoComet,Logistics,Marketplace for International Freight,Mumbai,Rajesh Yabaji,Seed Funding,0.0
1146,2016-12-13,GoComet,Logistics,Marketplace for International Freight,Mumbai,Chanakya Hridaya,Seed Funding,0.0
1146,2016-12-13,GoComet,Logistics,Marketplace for International Freight,Mumbai,Ramasubramaniam B,Seed Funding,0.0
1146,2016-12-13,GoComet,Logistics,Marketplace for International Freight,Mumbai,Vishwanathan,Seed Funding,0.0
1146,2016-12-13,GoComet,Logistics,Marketplace for International Freight,Mumbai,Nobel House,Seed Funding,0.0
1146,2016-12-13,GoComet,Logistics,Marketplace for International Freight,Mumbai,Sunstone Capital,Seed Funding,0.0
1147,2016-12-13,OfBusiness,eCommerce,Online business-to-business (B2B) marketplace,Gurgaon,Zodius Technology Opportunities Fund,Private Equity,106.5267
1147,2016-12-13,OfBusiness,eCommerce,Online business-to-business (B2B) marketplace,Gurgaon,Matrix Partners,Private Equity,106.5267
1148,2016-12-14,Fitmein,Consumer Internet,Fitness Discovery & Booking platform,New Delhi,FiNC,Seed Funding,0.0
1148,2016-12-14,Fitmein,Consumer Internet,Fitness Discovery & Booking platform,New Delhi,GHV,Seed Funding,0.0
1149,2016-12-14,Qacco,Consumer Internet,Hotel Booking platform,Gurgaon,Lead Angels Network,Seed Funding,1.43955
1149,2016-12-14,Qacco,Consumer Internet,Hotel Booking platform,Gurgaon,Anbu Pandian,Seed Funding,1.43955
1149,2016-12-14,Qacco,Consumer Internet,Hotel Booking platform,Gurgaon,Prabhakar MR & Others,Seed Funding,1.43955
1150,2016-12-14,Fitpass,Consumer Internet,Fitness center aggregator & Booking mobile app,New Delhi,Mumbai Angels,Seed Funding,9.597
1151,2016-12-14,MoEngage,Technology,User analytics and engagement platform,Bangalore,Anand Chandrasekaran,Seed Funding,0.0
1152,2016-12-14,Ten3t Health,Technology,medical grade wearable patch maker,Bangalore,V. Krishna Prasad,Seed Funding,0.0
1152,2016-12-14,Ten3t Health,Technology,medical grade wearable patch maker,Bangalore,Bhupen Shah & Others,Seed Funding,0.0
1153,2016-12-14,Trading Bells,Consumer Internet,Online Share & Commodity Broking platform,Indore,Swastika Investmart Ltd,Seed Funding,2.850309
1154,2016-12-15,SERV'D,Consumer Internet,Financial Services For Unorganized Workforce,Pune,Digital Financial Service Lab,Seed Funding,0.9597
1155,2016-12-15,IdeaForge,Technology,Drone Manufacturing,Mumbai,WRV Capital and IndusAge Partners,Private Equity,95.97
1155,2016-12-15,IdeaForge,Technology,Drone Manufacturing,Mumbai,Infosys Innovation Fund,Private Equity,95.97
1156,2016-12-15,Amagi Media Labs,Technology,Media Technology Solutions,Mumbai,Emerald Media,Private Equity,335.895
1156,2016-12-15,Amagi Media Labs,Technology,Media Technology Solutions,Mumbai,Premji Invest,Private Equity,335.895
1157,2016-12-15,Pocket Aces,Technology,Digital Entertainment Company,Mumbai,Sequoia Capital India,Private Equity,28.791
1157,2016-12-15,Pocket Aces,Technology,Digital Entertainment Company,Mumbai,North Base Media,Private Equity,28.791
1157,2016-12-15,Pocket Aces,Technology,Digital Entertainment Company,Mumbai,Aarin Capital,Private Equity,28.791
1157,2016-12-15,Pocket Aces,Technology,Digital Entertainment Company,Mumbai,3one4 Capital,Private Equity,28.791
1157,2016-12-15,Pocket Aces,Technology,Digital Entertainment Company,Mumbai,Axilor Ventures,Private Equity,28.791
1157,2016-12-15,Pocket Aces,Technology,Digital Entertainment Company,Mumbai,Kunal Shah,Private Equity,28.791
1157,2016-12-15,Pocket Aces,Technology,Digital Entertainment Company,Mumbai,Sandeep Tandon,Private Equity,28.791
1158,2016-12-16,Pi Data Centers,Technology,Cloud Data Center Solutions provider,Hyderabad,Epsilon Venture Partners,Private Equity,220.731
1159,2016-12-16,TripShelf,Consumer Internet,Holiday Packages provider,New Delhi,GEMS Advisory,Seed Funding,1.180431
1159,2016-12-16,TripShelf,Consumer Internet,Holiday Packages provider,New Delhi,Quarizon,Seed Funding,1.180431
1160,2016-12-19,Events High,Consumer Internet,Events & Activities Marketplace,Bangalore,Axilor Ventures,Private Equity,0.0
1161,2016-12-19,NoBroker,Consumer Internet,Rental property search portal,Bangalore,KTB Network,Private Equity,71.0178
1161,2016-12-19,NoBroker,Consumer Internet,Rental property search portal,Bangalore,SAIF Partners,Private Equity,71.0178
1161,2016-12-19,NoBroker,Consumer Internet,Rental property search portal,Bangalore,BEENEXT,Private Equity,71.0178
1161,2016-12-19,NoBroker,Consumer Internet,Rental property search portal,Bangalore,Digital Garage,Private Equity,71.0178
1162,2016-12-20,VivoCarat,eCommerce,Online jewellery marketplace,Mumbai,Undisclosed Investors,Seed Funding,0.47985
1163,2016-12-20,Tiyo,Consumer Internet,Doctor Search Mobile App,Kolkata,Ajith Nair,Seed Funding,0.0
1164,2016-12-20,Zoomcar,Consumer Internet,Self-Driven Cab booking platform,Bangalore,Cyber Carrier CL,Private Equity,0.0
1165,2016-12-20,BYJU's,Consumer Internet,Online Learning platform,Bangalore,International Financial Corporation,Private Equity,143.955
1166,2016-12-21,Supr Daily,Consumer Internet,Daily Subscription based Delivery service,Mumbai,Dr. Apoorv Ranjan Sharma,Seed Funding,0.0
1166,2016-12-21,Supr Daily,Consumer Internet,Daily Subscription based Delivery service,Mumbai,Anil Jain,Seed Funding,0.0
1166,2016-12-21,Supr Daily,Consumer Internet,Daily Subscription based Delivery service,Mumbai,Anuj Golecha,Seed Funding,0.0
1166,2016-12-21,Supr Daily,Consumer Internet,Daily Subscription based Delivery service,Mumbai,Krishna Jhunjhunwala,Seed Funding,0.0
1166,2016-12-21,Supr Daily,Consumer Internet,Daily Subscription based Delivery service,Mumbai,Anirudh Damani,Seed Funding,0.0
1167,2016-12-21,The BlueBook,Consumer Internet,online to offline marketing platform,Bangalore,Indian Angel Network,Seed Funding,4.7985
1167,2016-12-21,The BlueBook,Consumer Internet,online to offline marketing platform,Bangalore,Lets Venture,Seed Funding,4.7985
1168,2016-12-21,MamaEarth,eCommerce,Babycare Products seller,New Delhi,Fireside Ventures & Others,Seed Funding,0.0
1169,2016-12-21,Vegetall,eCommerce,Online Vegetable eTailer,Chennai,The Chennai Angels,Seed Funding,1.554714
1170,2016-12-22,Innoplexus,Technology,Data as a Service Provider,Pune,HCS Venture capital fund,Private Equity,0.0
1171,2016-12-22,Mindler,Consumer Internet,Career Planning & Assessment platform,New Delhi,Taxmann,Seed Funding,3.109428
1172,2016-12-22,MCaffeine,eCommerce,Personal care product etailer,Bangalore,Kaushal Agarwal,Seed Funding,2.8791
1172,2016-12-22,MCaffeine,eCommerce,Personal care product etailer,Bangalore,Harminder Sahani,Seed Funding,2.8791
1172,2016-12-22,MCaffeine,eCommerce,Personal care product etailer,Bangalore,KK Mehra,Seed Funding,2.8791
1172,2016-12-22,MCaffeine,eCommerce,Personal care product etailer,Bangalore,Pranay Jivrajka,Seed Funding,2.8791
1172,2016-12-22,MCaffeine,eCommerce,Personal care product etailer,Bangalore,Navjot Saini,Seed Funding,2.8791
1173,2016-12-23,enKast,Technology,Cloud based CRM for Agencies,Bangalore,Ivy League Alumni Angel Network,Private Equity,19.194
1174,2016-12-23,ShopKirana,eCommerce,B2B platform for Merchants & Retailers,Indore,Incubate Fund,Private Equity,0.0
1174,2016-12-23,ShopKirana,eCommerce,B2B platform for Merchants & Retailers,Indore,Lead Angels Group & Others,Private Equity,0.0
1175,2016-12-23,MyAdvo,Consumer Internet,Legal Advice Platform,New Delhi,Pradyumna Dalmia,Seed Funding,0.0
1175,2016-12-23,MyAdvo,Consumer Internet,Legal Advice Platform,New Delhi,S. Somasegar & Others,Seed Funding,0.0
1176,2016-12-23,Asocon,Technology,Process management startup,Noida,Quarizon,Seed Funding,0.0
1177,2016-12-23,LexComply,Consumer Internet,Compliance Management Software,New Delhi,Ajay Relan,Seed Funding,0.0
1178,2016-12-26,The Postbox,eCommerce,Art & Lifestyle ECommerce Store,Chennai,The Chennai Angels,Seed Funding,0.0
1178,2016-12-26,The Postbox,eCommerce,Art & Lifestyle ECommerce Store,Chennai,Ritesh Mehta,Seed Funding,0.0
1178,2016-12-26,The Postbox,eCommerce,Art & Lifestyle ECommerce Store,Chennai,Aruna Ganesh Ram,Seed Funding,0.0
1179,2016-12-26,Pandorum Technologies,Technology,3D printed experimental Human Liver tissue creator,Bangalore,Sachin Bansal,Seed Funding,0.0
1179,2016-12-26,Pandorum Technologies,Technology,3D printed experimental Human Liver tissue creator,Bangalore,Binny Bansal,Seed Funding,0.0
1180,2016-12-26,Dekkho,Consumer Internet,Video Streaming platform,Mumbai,undisclosed investors,Seed Funding,11.5164
1181,2016-12-26,Shadowfox,Logistics,On-Demand Delivery Service,Gurgaon,Eight Roads Ventures,Private Equity,95.97
1182,2016-12-27,ShopX,eCommerce,SAAS ECommerce Retail app,Bangalore,Nandan Nilekani,Private Equity,47.985
1183,2016-12-28,BookEventz,Consumer Internet,Online event-booking platform,Mumbai,Lead Angels,Seed Funding,0.0
1183,2016-12-28,BookEventz,Consumer Internet,Online event-booking platform,Mumbai,Mumbai Angels,Seed Funding,0.0
1183,2016-12-28,BookEventz,Consumer Internet,Online event-booking platform,Mumbai,LetsVenture,Seed Funding,0.0
1183,2016-12-28,BookEventz,Consumer Internet,Online event-booking platform,Mumbai,Girish Mathrubootham,Seed Funding,0.0
1183,2016-12-28,BookEventz,Consumer Internet,Online event-booking platform,Mumbai,Anbu Pandian,Seed Funding,0.0
1184,2016-12-29,Healthifyme,Consumer Internet,Fitness Mobile App,Bangalore,NB Ventures,Private Equity,9.597
1185,2016-12-29,LetsMD,Consumer Internet,Healthcare plan comparison platform,New Delhi,WaterBridge Ventures,Seed Funding,0.0
1185,2016-12-29,LetsMD,Consumer Internet,Healthcare plan comparison platform,New Delhi,,Seed Funding,0.0
1186,2016-12-29,Justbooks,Consumer Internet,Library Chain Aggregator,Bangalore,CoCreate Ventures,Seed Funding,0.0
1187,2016-12-30,InstantPay,Consumer Internet,Digital payments & recharge platform,New Delhi,RB Investments,Private Equity,0.0
1187,2016-12-30,InstantPay,Consumer Internet,Digital payments & recharge platform,New Delhi, Kaleden Holdings,Private Equity,0.0
1188,2016-11-01,PickMyLaundry,Consumer Internet,On-Demand Washing & Dry Cleaning Services,New Delhi,Kedar Lele,Seed Funding,1.9194
1188,2016-11-01,PickMyLaundry,Consumer Internet,On-Demand Washing & Dry Cleaning Services,New Delhi,GHV Accelerator,Seed Funding,1.9194
1189,2016-11-02,FreshDesk,Consumer Internet,SAAS Based HelpDesk Services,Chennai,Sequoia Capital India,Private Equity,527.835
1189,2016-11-02,FreshDesk,Consumer Internet,SAAS Based HelpDesk Services,Chennai,Accel Partners,Private Equity,527.835
1190,2016-11-02,LaundryAnna,Consumer Internet,On-Demand Washing & Dry Cleaning Services,Bangalore,Undisclosed Investors,Seed Funding,1.43955
1191,2016-11-02,LetsMD,Consumer Internet,Healthcare Services Comparison Platform,New Delhi,Calcutta Angels Network,Seed Funding,0.0
1191,2016-11-02,LetsMD,Consumer Internet,Healthcare Services Comparison Platform,New Delhi,LetsVenture,Seed Funding,0.0
1191,2016-11-02,LetsMD,Consumer Internet,Healthcare Services Comparison Platform,New Delhi,Anupam Mittal,Seed Funding,0.0
1191,2016-11-02,LetsMD,Consumer Internet,Healthcare Services Comparison Platform,New Delhi,Currae Healthtech Fund,Seed Funding,0.0
1192,2016-11-02,Sattviko,Food & Beverage,Health Food Restaurant Chain,New Delhi,Raman Roy,Seed Funding,0.0
1192,2016-11-02,Sattviko,Food & Beverage,Health Food Restaurant Chain,New Delhi,Ashish Gupta,Seed Funding,0.0
1192,2016-11-02,Sattviko,Food & Beverage,Health Food Restaurant Chain,New Delhi,Yogesh Andlay,Seed Funding,0.0
1192,2016-11-02,Sattviko,Food & Beverage,Health Food Restaurant Chain,New Delhi,Vaibhav Jain,Seed Funding,0.0
1193,2016-11-03,Zarget,Technology,SaaS-based web optimisation and marketing platform,Chennai,Sequoia India,Private Equity,57.582
1194,2016-11-03,DoSelect,Consumer Internet,Skill Showcasing platform,Bangalore,3one4 Capital,Seed Funding,0.0
1194,2016-11-03,DoSelect,Consumer Internet,Skill Showcasing platform,Bangalore,Mumbai Angels,Seed Funding,0.0
1194,2016-11-03,DoSelect,Consumer Internet,Skill Showcasing platform,Bangalore,Aarin Capital,Seed Funding,0.0
1195,2016-11-03,EasyPolicy,Consumer Internet,Online insurance Portal,Noida,Unilazer Ventures,Private Equity,95.97
1195,2016-11-03,EasyPolicy,Consumer Internet,Online insurance Portal,Noida,,Private Equity,95.97
1196,2016-11-04,Browntape,Technology,cloud-based software solutions company,Goa,Gati Ltd,Private Equity,0.0
1197,2016-11-04,Connect India,Logistics,Last mile Delivery Network,Bangalore,Aavishkaar Venture Management,Private Equity,9.597
1198,2016-11-04,Corseco,Technology,AI-based Software as a Service Solution provider,New Delhi,Ameera Shah,Seed Funding,1.43955
1198,2016-11-04,Corseco,Technology,AI-based Software as a Service Solution provider,New Delhi,Vivek Bhargava,Seed Funding,1.43955
1199,2016-11-04,vImmune,Consumer Internet,Immunisation Management Platform,Bangalore,Undisclosed investor,Seed Funding,0.0
1200,2016-11-04,The Gourmet Jar,eCommerce,Gourmet Food etailer,Noida,Chandigarh Angels Network,Seed Funding,0.0
1201,2016-11-05,Medzin,eCommerce,Online ordering & Delivery of medicines,New Delhi,A M Sikander,Seed Funding,0.431865
1202,2016-11-05,Bizongo,eCommerce,Packaging Material Marketplace,Mumbai,IDG Ventures,Private Equity,28.791
1202,2016-11-05,Bizongo,eCommerce,Packaging Material Marketplace,Mumbai,Accel Partners,Private Equity,28.791
1203,2016-11-07,Rivigo,Technology,Technology based Logistics platform,Gurgaon,Warburg Pincus,Private Equity,719.775
1204,2016-11-07,JustRide,Consumer Internet,Online Car Sharing platform,Mumbai,Justin Kan,Private Equity,28.791
1204,2016-11-07,JustRide,Consumer Internet,Online Car Sharing platform,Mumbai,Qasar Younis,Private Equity,28.791
1204,2016-11-07,JustRide,Consumer Internet,Online Car Sharing platform,Mumbai,Paul Bucche,Private Equity,28.791
1204,2016-11-07,JustRide,Consumer Internet,Online Car Sharing platform,Mumbai,Susa Ventures,Private Equity,28.791
1204,2016-11-07,JustRide,Consumer Internet,Online Car Sharing platform,Mumbai,Kima Ventures,Private Equity,28.791
1204,2016-11-07,JustRide,Consumer Internet,Online Car Sharing platform,Mumbai,Axan Venture,Private Equity,28.791
1204,2016-11-07,JustRide,Consumer Internet,Online Car Sharing platform,Mumbai,SCM Holdings,Private Equity,28.791
1205,2016-11-09,IIM Jobs,Consumer Internet,Online Job Portal,New Delhi,India Quotient,Private Equity,19.194
1206,2016-11-09,Square Yards,Consumer Internet,Online Property Search Portal,Gurgaon,ADAG Reliance Private Equity,Private Equity,115.164
1207,2016-11-10,GolfLAN,Consumer Internet,Golf Session Online Bookings platform,New Delhi,YourNest Angel Fund,Private Equity,9.597
1207,2016-11-10,GolfLAN,Consumer Internet,Golf Session Online Bookings platform,New Delhi,iSON,Private Equity,9.597
1208,2016-11-10,Yottaasys,Technology,Data Sciences platform,Bangalore,Gleevoaz Ventures,Private Equity,0.0
1209,2016-11-10,Tone Tag,Technology,Contactless Payment Solution,Bangalore,Arun Seth,Private Equity,0.0
1209,2016-11-10,Tone Tag,Technology,Contactless Payment Solution,Bangalore,T.V. Mohandas Pai,Private Equity,0.0
1209,2016-11-10,Tone Tag,Technology,Contactless Payment Solution,Bangalore,Anand Chandrasekaran,Private Equity,0.0
1209,2016-11-10,Tone Tag,Technology,Contactless Payment Solution,Bangalore,Deepak Ghaisas,Private Equity,0.0
1210,2016-11-11,Life in Control,Consumer Internet,Online Diabetes Management platform,Gurgaon,RoundGlass Partners,Private Equity,0.0
1211,2016-11-14,Active.ai,Technology,Banking & Fintech Platform,Singapore,Kalaari Capital,Private Equity,28.791
1211,2016-11-14,Active.ai,Technology,Banking & Fintech Platform,Singapore,IDG Ventures India,Private Equity,28.791
1212,2016-11-14,ElasticRun,Technology,Tech driven Logistic & distribution platform,Pune,Kalaari Capital,Private Equity,19.194
1212,2016-11-14,ElasticRun,Technology,Tech driven Logistic & distribution platform,Pune,Norwest Venture Partners,Private Equity,19.194
1213,2016-11-15,NoBroker,Consumer Internet,Online Rental discovery,Bangalore,Vijay Shekhar Sharma,Seed Funding,0.0
1214,2016-11-15,Zefo,eCommerce,Used Furniture & Appliances Marketplace,Bangalore,Sequoia India,Private Equity,57.582
1214,2016-11-15,Zefo,eCommerce,Used Furniture & Appliances Marketplace,Bangalore,BEENEXT,Private Equity,57.582
1214,2016-11-15,Zefo,eCommerce,Used Furniture & Appliances Marketplace,Bangalore,Helion Ventures,Private Equity,57.582
1215,2016-11-15,PlaySimple,Technology,Mobile Gaming portal,Bangalore,SAIF Partners,Private Equity,38.388
1215,2016-11-15,PlaySimple,Technology,Mobile Gaming portal,Bangalore,IDG Ventures India,Private Equity,38.388
1216,2016-11-16,Stasis Labs,Technology,Cloud based health monitoring platform,Bangalore,RTP-HC,Private Equity,47.985
1216,2016-11-16,Stasis Labs,Technology,Cloud based health monitoring platform,Bangalore,Wonder Ventures,Private Equity,47.985
1216,2016-11-16,Stasis Labs,Technology,Cloud based health monitoring platform,Bangalore,Techstars Ventures & Others,Private Equity,47.985
1217,2016-11-17,Scienaptic,Technology,Data Analytics platform,Bangalore,Pramod Bhasin,Seed Funding,0.0
1218,2016-11-17,Koovs,eCommerce,Fashion eTailer,New Delhi,Times of India Group & Existing investors,Private Equity,129.5595
1219,2016-11-17,Lawrato,Consumer Internet,Free Legal Advice,New Delhi,Indian Angel Network,Seed Funding,0.0
1220,2016-11-17,Trip Tap Toe,Consumer Internet,Online Travel Portal,Gurgaon,R.S Sharma,Seed Funding,0.0
1221,2016-11-17,Pictor Imaging,Consumer Internet,Product Photography Mobile App,Mumbai,Quarizon,Seed Funding,1.410759
1222,2016-11-18,GramCover,Finance,Insurance Marketplace for the Rural Sector,New Delhi,Omnivore Capital,Seed Funding,9.597
1223,2016-11-18,AerMed,eCommerce,Online Pharmacy,Mumbai,Hitesh Windlass,Seed Funding,0.0
1224,2016-11-18,WorkIndia,Consumer Internet,Job Board for Clue Collar Jobs,Mumbai,Asuka Holdings,Seed Funding,0.0
1225,2016-11-21,Bats on delivery,Consumer Internet,"Online food, Grocery ordering & Delivery",Gurgaon,Devdeep Singh,Seed Funding,0.86373
1226,2016-11-21,numberz.in,Technology,Cash Flow Management Solution for Businesses,Gurgaon,Kae Capital,Seed Funding,6.23805
1226,2016-11-21,numberz.in,Technology,Cash Flow Management Solution for Businesses,Gurgaon,Khosla Impact,Seed Funding,6.23805
1227,2016-11-22,Housing.com,Consumer Internet,Real Estate Portal,Mumbai,Softbank Group,Private Equity,47.985
1228,2016-11-22,Awesummly,Consumer Internet,Short News Mobile App,Bangalore,Vivek Bhargava,Seed Funding,1.410759
1228,2016-11-22,Awesummly,Consumer Internet,Short News Mobile App,Bangalore,Ameera Shah,Seed Funding,1.410759
1229,2016-11-22,VoLT,Consumer Internet,Ed-Tech Platform,Mumbai,YMS Mobitech,Seed Funding,0.0
1230,2016-11-22,Vymo,Technology,SaaS-based predictive analytics platform,Bangalore,Sequoia India,Private Equity,47.985
1231,2016-11-22,ShubhLoans,Technology,Consumer Finance & Credit Score platform,Bangalore,Sanjai Vohra,Seed Funding,0.0
1231,2016-11-22,ShubhLoans,Technology,Consumer Finance & Credit Score platform,Bangalore,V. Bunty Bohra,Seed Funding,0.0
1232,2016-11-22,Noddapp,Consumer Internet,App based networking platform,Mumbai,Undisclosed multiple investors,Seed Funding,1.410759
1233,2016-11-23,Knowlarity,Consumer Internet,Cloud Telephony Platform,Bangalore,Delta Partners,Private Equity,191.94
1233,2016-11-23,Knowlarity,Consumer Internet,Cloud Telephony Platform,Bangalore,Sequoia India,Private Equity,191.94
1233,2016-11-23,Knowlarity,Consumer Internet,Cloud Telephony Platform,Bangalore, Mayfield,Private Equity,191.94
1233,2016-11-23,Knowlarity,Consumer Internet,Cloud Telephony Platform,Bangalore,Blacksoil,Private Equity,191.94
1233,2016-11-23,Knowlarity,Consumer Internet,Cloud Telephony Platform,Bangalore,Trifecta Capital,Private Equity,191.94
1234,2016-11-23,Infisecure,Technology,Bot Protection Solutions,Mumbai,IDG Ventures,Seed Funding,5.7582
1234,2016-11-23,Infisecure,Technology,Bot Protection Solutions,Mumbai,Axilor Ventures,Seed Funding,5.7582
1235,2016-11-23,Udaan,eCommerce,B2B Marketplace,Bangalore,Lightspeed Venture Partners India,Private Equity,95.97
1235,2016-11-23,Udaan,eCommerce,B2B Marketplace,Bangalore,Lightspeed US,Private Equity,95.97
1236,2016-11-24,FroyoFit,Consumer Internet,Fitness Discovery Platform,Indore,Dr. Pooja Gandhi,Seed Funding,0.0
1237,2016-11-24,Betterplace,Consumer Internet,Background Verification Services,Bangalore,Venture Highway,Seed Funding,0.0
1238,2016-11-24,ShareChat,Consumer Internet,Local Language Social Networking Platform,Mumbai,Lightspeed India Partners,Private Equity,38.388
1238,2016-11-24,ShareChat,Consumer Internet,Local Language Social Networking Platform,Mumbai,SAIF Partners,Private Equity,38.388
1238,2016-11-24,ShareChat,Consumer Internet,Local Language Social Networking Platform,Mumbai,India Quotient,Private Equity,38.388
1238,2016-11-24,ShareChat,Consumer Internet,Local Language Social Networking Platform,Mumbai,Venture Highway,Private Equity,38.388
1239,2016-11-24,UClean,Consumer Internet,Tech Enabled Laundry Service Provider,Gurgaon,Franchise India,Private Equity,0.0
1240,2016-11-24,Servify,Consumer Internet,Personal Device Assistant App,Mumbai,Blume Ventures,Private Equity,0.0
1240,2016-11-24,Servify,Consumer Internet,Personal Device Assistant App,Mumbai,BEENEXT,Private Equity,0.0
1240,2016-11-24,Servify,Consumer Internet,Personal Device Assistant App,Mumbai,Barkawi Holdings GmbH,Private Equity,0.0
1240,2016-11-24,Servify,Consumer Internet,Personal Device Assistant App,Mumbai,TM Service Technology Holdings Gmbh,Private Equity,0.0
1240,2016-11-24,Servify,Consumer Internet,Personal Device Assistant App,Mumbai,Sreevathsa Prabhakar,Private Equity,0.0
1241,2016-11-25,Hubilo,Consumer Internet,End-to-end Event Organizers Solutions,Ahmedabad,Girish Mathrubootham,Seed Funding,0.0
1241,2016-11-25,Hubilo,Consumer Internet,End-to-end Event Organizers Solutions,Ahmedabad,VC Karthic,Seed Funding,0.0
1241,2016-11-25,Hubilo,Consumer Internet,End-to-end Event Organizers Solutions,Ahmedabad,Miten Mehta,Seed Funding,0.0
1241,2016-11-25,Hubilo,Consumer Internet,End-to-end Event Organizers Solutions,Ahmedabad,Umasankar Nistala,Seed Funding,0.0
1241,2016-11-25,Hubilo,Consumer Internet,End-to-end Event Organizers Solutions,Ahmedabad,Rakesh Patel,Seed Funding,0.0
1241,2016-11-25,Hubilo,Consumer Internet,End-to-end Event Organizers Solutions,Ahmedabad,Akash Bhavsar,Seed Funding,0.0
1241,2016-11-25,Hubilo,Consumer Internet,End-to-end Event Organizers Solutions,Ahmedabad,Jeevanandhan Rajagopal,Seed Funding,0.0
1241,2016-11-25,Hubilo,Consumer Internet,End-to-end Event Organizers Solutions,Ahmedabad,Vikas Chadha & Others,Seed Funding,0.0
1242,2016-11-25,FunOnGo,Consumer Internet,Digital Media Content and Distribution platform,Mumbai,Reliance Entertainment,Private Equity,0.0
1243,2016-11-25,121Policy,Consumer Internet,Online Insurance Platform,Kolkata,Xelpmoc,Seed Funding,0.0
1244,2016-11-26,TapChief,Consumer Internet,Professional Expert Advice Platform,Bangalore,Paytm,Seed Funding,0.0
1244,2016-11-26,TapChief,Consumer Internet,Professional Expert Advice Platform,Bangalore,Aprameya Radhakrishna,Seed Funding,0.0
1244,2016-11-26,TapChief,Consumer Internet,Professional Expert Advice Platform,Bangalore,Subramanya Venkat,Seed Funding,0.0
1244,2016-11-26,TapChief,Consumer Internet,Professional Expert Advice Platform,Bangalore,Venk Krishnan,Seed Funding,0.0
1245,2016-11-28,Kloseby,Consumer Internet,proximity based Rewards platform,Bangalore,Undisclosed Investor,Seed Funding,0.9597
1246,2016-11-28,WholeSaleBox,eCommerce,B2B Wholesale Apparel Marketplace,Jaipur,Manish Maheshwari,Private Equity,19.194
1246,2016-11-28,WholeSaleBox,eCommerce,B2B Wholesale Apparel Marketplace,Jaipur,Contrarian Vriddhi Fund,Private Equity,19.194
1247,2016-11-29,Crossahead,Consumer Internet,Creative Artists Discovery & Booking platform,Noida,Mohit Sharma,Seed Funding,0.0
1248,2016-11-29,Affordplan,Consumer Internet,Savings platform for Medical Expenses,New Delhi,Prime Venture Partners,Private Equity,28.791
1248,2016-11-29,Affordplan,Consumer Internet,Savings platform for Medical Expenses,New Delhi,Kalaari Capital,Private Equity,28.791
1249,2016-11-30,HandyTrain,Consumer Internet,Mobile App for SAAS based Training,Goa,Silver Range Investments,Private Equity,9.597
1249,2016-11-30,HandyTrain,Consumer Internet,Mobile App for SAAS based Training,Goa,Lumina Datamatics,Private Equity,9.597
1249,2016-11-30,HandyTrain,Consumer Internet,Mobile App for SAAS based Training,Goa,Shun Yoshida & Others,Private Equity,9.597
1250,2016-11-30,ShopsUp,eCommerce,Hyperlocal Shopping App,Bangalore,Anand Sankeshwar,Seed Funding,9.241911
1250,2016-11-30,ShopsUp,eCommerce,Hyperlocal Shopping App,Bangalore,Yang Shu,Seed Funding,9.241911
1251,2016-11-30,Indofash,eCommerce,Ethnic Indian Fashion Marketplace,Bangalore,Shekhar Sahu,Seed Funding,1.43955
1251,2016-11-30,Indofash,eCommerce,Ethnic Indian Fashion Marketplace,Bangalore,Nitesh Pant,Seed Funding,1.43955
1252,2016-11-30,Entropika,Technology,"AI, Machine learning Solutions",Bangalore,Dileep Bhatt,Seed Funding,1.9194
1252,2016-11-30,Entropika,Technology,"AI, Machine learning Solutions",Bangalore,Milind Chaudhary,Seed Funding,1.9194
1253,2016-11-30,MarianaIQ,Technology,AI-driven B2B marketing platform,Bangalore,Exfinity Venture Partners,Private Equity,19.194
1254,2016-11-30,Chai Thela,Food & Beverage,Quick Service Restaurants,Noida,Quarizon,Seed Funding,2.092146
1255,2016-11-30,Interviewpad,Technology,Engineering Interview facilitation platform,Pune,Krishna Rokhale,Seed Funding,0.9597
1256,2016-11-30,Math Buddy,Consumer Internet,Online Math Learn,Vadodara,Menterra Social Impact Fund,Seed Funding,4.22268
1257,2016-11-30,Pulse,Consumer Internet,Campus Social Networking App,Bangalore,SAIF Partners,Private Equity,4.7985
1258,2016-11-30,MonkeyBox,Consumer Internet,Healthy Food Delivery platform,Bangalore,Blume Ventures & Others,Seed Funding,0.0
1259,2016-11-30,Carcrew.in,Consumer Internet,Online Car repair Marketplace,Mumbai,TVS Group,Seed Funding,4.7985
1260,2016-10-03,MeraKisan,eCommerce,Fruit & vegetable eTailer,Bangalore,Mahindra Univeg,Seed Funding,0.0
1261,2016-10-03,Mystifly,Consumer Internet,Airline Ticket Aggregator,Bangalore,Recruit Holdings,Private Equity,47.985
1262,2016-10-03,HelpChat,Consumer Internet,AI Powered Content & Commerce platform,Bangalore,American Express Ventures,Private Equity,0.0
1262,2016-10-03,HelpChat,Consumer Internet,AI Powered Content & Commerce platform,Bangalore,Sequoia Capital,Private Equity,0.0
1263,2016-10-03,Uniphore,Technology,Speech Recognition Solutions,Chennai,IDG Ventures,Private Equity,19.194
1263,2016-10-03,Uniphore,Technology,Speech Recognition Solutions,Chennai,Indian Angel Network (IAN),Private Equity,19.194
1263,2016-10-03,Uniphore,Technology,Speech Recognition Solutions,Chennai,YourNest Angel Fund,Private Equity,19.194
1264,2016-10-03,World Art Community,eCommerce,Art & Craft Marketplace,Gurgaon,Viraj Tyagi & Others,Seed Funding,1.9194
1265,2016-10-04,Giftxoxo,eCommerce,Online Gifting platform,Bangalore,Mahindra Holidays & Resorts India Ltd,Private Equity,4.31865
1266,2016-10-04,Bharat Bazaar,eCommerce,Online B2B Marketplace,Mumbai,BeeNext,Seed Funding,0.0
1266,2016-10-04,Bharat Bazaar,eCommerce,Online B2B Marketplace,Mumbai,TV Mohandas Pai,Seed Funding,0.0
1266,2016-10-04,Bharat Bazaar,eCommerce,Online B2B Marketplace,Mumbai,Kunal Shah,Seed Funding,0.0
1266,2016-10-04,Bharat Bazaar,eCommerce,Online B2B Marketplace,Mumbai,Sandeep Tandon,Seed Funding,0.0
1267,2016-10-04,GOQii,Consumer Internet,Health & Fitness Wearable Device,Mumbai,Ratan Tata,Private Equity,0.0
1268,2016-10-04,India Gifts Portal,eCommerce,Online Gifting platform,Noida,Naveen Arya,Private Equity,19.194
1268,2016-10-04,India Gifts Portal,eCommerce,Online Gifting platform,Noida,Tarun Joshi,Private Equity,19.194
1269,2016-10-04,Moglix,eCommerce,Industrial & Home products marketplace,Noida,Accel Partners,Private Equity,40.3074
1269,2016-10-04,Moglix,eCommerce,Industrial & Home products marketplace,Noida,Jungle Ventures,Private Equity,40.3074
1269,2016-10-04,Moglix,eCommerce,Industrial & Home products marketplace,Noida,SeedPlus,Private Equity,40.3074
1270,2016-10-04,NetLinx,Consumer Internet,Internet Service Provider,Hyderabad,Xchange Investors NV,Private Equity,28.791
1270,2016-10-04,NetLinx,Consumer Internet,Internet Service Provider,Hyderabad,TransGlobal FZC,Private Equity,28.791
1271,2016-10-04,Scandid,Consumer Internet,Product Shopping Comparison App,Pune,3One4 Capital,Private Equity,0.0
1272,2016-10-04,Remitr,Consumer Internet,Foreign Currency Payments Platform,Mumbai,Vijay Shekhar Sharma,Seed Funding,9.597
1272,2016-10-04,Remitr,Consumer Internet,Foreign Currency Payments Platform,Mumbai,Pravin Gandhi,Seed Funding,9.597
1272,2016-10-04,Remitr,Consumer Internet,Foreign Currency Payments Platform,Mumbai, Smart Start Fund; Kunal Shah,Seed Funding,9.597
1272,2016-10-04,Remitr,Consumer Internet,Foreign Currency Payments Platform,Mumbai, Sandeep Tandon,Seed Funding,9.597
1272,2016-10-04,Remitr,Consumer Internet,Foreign Currency Payments Platform,Mumbai,Vishal Gondal,Seed Funding,9.597
1272,2016-10-04,Remitr,Consumer Internet,Foreign Currency Payments Platform,Mumbai,& Others,Seed Funding,9.597
1273,2016-10-04,InnerChef,Consumer Internet,Online food ordering platform,Gurgaon,Mistletoe,Private Equity,23.9925
1273,2016-10-04,InnerChef,Consumer Internet,Online food ordering platform,Gurgaon,M&S Partners,Private Equity,23.9925
1274,2016-10-04,AppsDaily,Consumer Internet,"Mobile Phone Theft, Damage Protection platform",Mumbai,Zodius Capital,Private Equity,35.98875
1274,2016-10-04,AppsDaily,Consumer Internet,"Mobile Phone Theft, Damage Protection platform",Mumbai,Kalaari Capital,Private Equity,35.98875
1274,2016-10-04,AppsDaily,Consumer Internet,"Mobile Phone Theft, Damage Protection platform",Mumbai,Qualcomm Ventures,Private Equity,35.98875
1274,2016-10-04,AppsDaily,Consumer Internet,"Mobile Phone Theft, Damage Protection platform",Mumbai,Russian venture capital fund Ru-Net,Private Equity,35.98875
1274,2016-10-04,AppsDaily,Consumer Internet,"Mobile Phone Theft, Damage Protection platform",Mumbai,Mumbai Angels,Private Equity,35.98875
1275,2016-10-05,MuhurtMaza,Consumer Internet,Online Puja Booking Service,Pune,Undisclosed Investor,Seed Funding,0.0
1276,2016-10-05,Azuro,Consumer Internet,Rental Property Finder platform,Mumbai,White Unicorn Ventures,Private Equity,0.0
1276,2016-10-05,Azuro,Consumer Internet,Rental Property Finder platform,Mumbai,Kae Capital,Private Equity,0.0
1276,2016-10-05,Azuro,Consumer Internet,Rental Property Finder platform,Mumbai,Mumbai Angels,Private Equity,0.0
1277,2016-10-05,NeuroSynaptic,Technology,Remote Healthcare Delivery Solutions,Bangalore,Indian Angel Network,Private Equity,0.0
1277,2016-10-05,NeuroSynaptic,Technology,Remote Healthcare Delivery Solutions,Bangalore,Healthsquad,Private Equity,0.0
1277,2016-10-05,NeuroSynaptic,Technology,Remote Healthcare Delivery Solutions,Bangalore,Axilor Ventures,Private Equity,0.0
1278,2016-10-05,UE LifeSciences,Technology,Mobile Health Technology Solutions,Mumbai,Kiran Mazumdar-Shaw,Private Equity,11.5164
1278,2016-10-05,UE LifeSciences,Technology,Mobile Health Technology Solutions,Mumbai,Unitus Seed Fund,Private Equity,11.5164
1279,2016-10-06,FindmeaShoe,Consumer Internet,Footwear Recommendation App,Bangalore,Ventureast Fund Advisors,Seed Funding,0.0
1280,2016-10-06,RealBox,Technology,Data Sciences Platform,Noida,Hyderabad Angels,Seed Funding,2.8791
1281,2016-10-06,Sportido,Consumer Internet,Sports Discovery platform,Noida,Sumpoorna Group,Seed Funding,0.0
1282,2016-10-06,GoZefo,eCommerce,Used Furniture & Appliances Marketplace,Bangalore,Helion Venture Partners,Private Equity,10.07685
1282,2016-10-06,GoZefo,eCommerce,Used Furniture & Appliances Marketplace,Bangalore,BeeNext,Private Equity,10.07685
1283,2016-10-07,RayIOT,Technology,Baby Monitoring Devices manufacturer,Bangalore,HAX Accelerator,Seed Funding,0.9597
1284,2016-10-07,KOOH Sports,Technology,Sports Training & Technology,Mumbai,HDFC,Private Equity,21.1134
1284,2016-10-07,KOOH Sports,Technology,Sports Training & Technology,Mumbai,Faering Capital,Private Equity,21.1134
1284,2016-10-07,KOOH Sports,Technology,Sports Training & Technology,Mumbai,Elevate Sports,Private Equity,21.1134
1285,2016-10-07,Flexiloans,Consumer Internet,Online Funds Raising Platform,Mumbai,Sanjay Nayar,Private Equity,143.955
1285,2016-10-07,Flexiloans,Consumer Internet,Online Funds Raising Platform,Mumbai,Vikram Sud,Private Equity,143.955
1285,2016-10-07,Flexiloans,Consumer Internet,Online Funds Raising Platform,Mumbai,Anil Jaggia,Private Equity,143.955
1285,2016-10-07,Flexiloans,Consumer Internet,Online Funds Raising Platform,Mumbai,Narayan Seshadri,Private Equity,143.955
1286,2016-10-07,Sibia Analytics,Technology,Marketing & Customer Analytics Solutions,Kolkata,Radhakrishnan Natarajan & Others,Seed Funding,0.0
1287,2016-10-10,Vithi.com,eCommerce,Online Hair Extension etailer,New Delhi,undisclosed investor,Seed Funding,3.598875
1288,2016-10-11,Yupp TV,Consumer Internet,Internet-based TV streaming service provider,Bangalore,Emerald Media,Private Equity,479.85
1289,2016-10-11,Deyor Camps,Consumer Internet,Branded Camping location Aggregator,Gurgaon,Nitin Passi,Seed Funding,4.7985
1289,2016-10-11,Deyor Camps,Consumer Internet,Branded Camping location Aggregator,Gurgaon,Manickam Mahalingam,Seed Funding,4.7985
1289,2016-10-11,Deyor Camps,Consumer Internet,Branded Camping location Aggregator,Gurgaon,Udaan Angels,Seed Funding,4.7985
1289,2016-10-11,Deyor Camps,Consumer Internet,Branded Camping location Aggregator,Gurgaon,Rajesh Arora,Seed Funding,4.7985
1289,2016-10-11,Deyor Camps,Consumer Internet,Branded Camping location Aggregator,Gurgaon,Arkas Industries,Seed Funding,4.7985
1290,2016-10-12,ZipLoan,Consumer Internet,online lending platform,New Delhi,GrowX Ventures,Seed Funding,0.0
1290,2016-10-12,ZipLoan,Consumer Internet,online lending platform,New Delhi,Sunil Kalra,Seed Funding,0.0
1290,2016-10-12,ZipLoan,Consumer Internet,online lending platform,New Delhi,Arun Venkatachalam,Seed Funding,0.0
1290,2016-10-12,ZipLoan,Consumer Internet,online lending platform,New Delhi, Badal Malick,Seed Funding,0.0
1291,2016-10-13,FabAlley,ecommerce,online fashion brand store,Noida,India Quotient,Private Equity,19.194
1291,2016-10-13,FabAlley,ecommerce,online fashion brand store,Noida,FAO Ventures,Private Equity,19.194
1291,2016-10-13,FabAlley,ecommerce,online fashion brand store,Noida,Indian Angel Network,Private Equity,19.194
1291,2016-10-13,FabAlley,ecommerce,online fashion brand store,Noida,Tushar Singh,Private Equity,19.194
1291,2016-10-13,FabAlley,ecommerce,online fashion brand store,Noida,Ranjan Sharma,Private Equity,19.194
1292,2016-10-13,Shoekonnect,eCommerce,B2B Marketplace for Shoes,Agra,Indian Angel Network,Seed Funding,0.0
1293,2016-10-13,Maya,Consumer Internet,Womens Health Tracker App,Bangalore,Rajan Anandan,Seed Funding,0.0
1294,2016-10-13,RoboVac,Technology,waterless car washing solution,Ahmedabad,Virendra Patel,Seed Funding,4.31865
1295,2016-10-14,Newspatrolling,Consumer Internet,Online News portal,New Delhi,Undisclosed,Seed Funding,0.239925
1296,2016-10-14,Postman,Consumer Internet,API Platform,Bangalore,Nexus Venture Partners,Private Equity,67.179
1297,2016-10-14,ISFC,Finance,Education Sector Lending,Hyderabad,Gray Matters Capital,Private Equity,57.582
1298,2016-10-14,BeatRoute,Technology,SAAS based mobile application platform,Gurgaon,Quarizon Consultancy Services LLP,Seed Funding,0.0
1299,2016-10-14,Kidsstoppress,Consumer Internet,Parenting and Baby care Platform,Mumbai,Karan Bhagat,Seed Funding,0.0
1300,2016-10-14,Innov8,Consumer Internet,Co-Working Spaces aggregator,Bangalore,Punit Soni,Seed Funding,0.0
1301,2016-10-15,DailyHunt,Consumer Internet,Vernacular content mobile app,Bangalore,ByteDance,Private Equity,239.925
1301,2016-10-15,DailyHunt,Consumer Internet,Vernacular content mobile app,Bangalore,Arun Sarin,Private Equity,239.925
1301,2016-10-15,DailyHunt,Consumer Internet,Vernacular content mobile app,Bangalore,Matrix Partners,Private Equity,239.925
1301,2016-10-15,DailyHunt,Consumer Internet,Vernacular content mobile app,Bangalore,Sequoia Capital India,Private Equity,239.925
1301,2016-10-15,DailyHunt,Consumer Internet,Vernacular content mobile app,Bangalore,Omidyar Network,Private Equity,239.925
1301,2016-10-15,DailyHunt,Consumer Internet,Vernacular content mobile app,Bangalore, Falcon Edge,Private Equity,239.925
1302,2016-10-15,Tazzo Bikes,Consumer Internet,Motorbike rental platform,Hyderabad,DSG Consumer Partners,Seed Funding,2.178519
1303,2016-10-15,MyKindofJob,Consumer Internet,Internet & Fresher Job platform,Mumbai,Mayank Shah,Seed Funding,9.597
1303,2016-10-15,MyKindofJob,Consumer Internet,Internet & Fresher Job platform,Mumbai,Shreyans Shah,Seed Funding,9.597
1304,2016-10-17,Trilyo,Technology,B2B SAAS based product,Bangalore,Vishnu Bhat,Seed Funding,0.0
1304,2016-10-17,Trilyo,Technology,B2B SAAS based product,Bangalore,Rajiv Lunkad,Seed Funding,0.0
1304,2016-10-17,Trilyo,Technology,B2B SAAS based product,Bangalore,Naresh Ravindranath,Seed Funding,0.0
1305,2016-10-17,Rooter,Consumer Internet,Sports Social Network mobile app,New Delhi,Boman Irani,Seed Funding,0.0
1305,2016-10-17,Rooter,Consumer Internet,Sports Social Network mobile app,New Delhi,Dhruv Chitgopekar,Seed Funding,0.0
1305,2016-10-17,Rooter,Consumer Internet,Sports Social Network mobile app,New Delhi,Prantik Dasgupta,Seed Funding,0.0
1306,2016-10-17,Yumigo,Consumer Internet,App based Travel Discovery and Transactions platform,Gurgaon,Hemant Sahni,Seed Funding,2.8791
1307,2016-10-17,Rentalpha,Others,equipment rental and leasing company,Mumbai,Bravia Capital,Private Equity,153.552
1308,2016-10-18,3Dexter,Technology,3D Printing Solutions for Edu space,New Delhi,Newbie Promoters,Seed Funding,1.43955
1309,2016-10-18,BabyChakra,Consumer Internet,Parenting and Child Care portal,Mumbai,RoundGlass Partners,Private Equity,0.0
1310,2016-10-18,Coppre,eCommerce,Copper based items etailer,Pune,Ganesh Natarajan,Seed Funding,0.0
1311,2016-10-18,MySUN,Technology,Solar Energy harnessing products marketplace,Noida,General Catalyst Partners,Private Equity,23.9925
1312,2016-10-18,ePathsala,Technology,Cloud based ERP for Accreditation & ICT,Bangalore,Hyderabad Angels,Seed Funding,0.0
1312,2016-10-18,ePathsala,Technology,Cloud based ERP for Accreditation & ICT,Bangalore,TLabs,Seed Funding,0.0
1313,2016-10-19,Furlenco,Consumer Internet,Online Furniture Rental platform,Bangalore,Lightbox Ventures,Private Equity,287.91
1313,2016-10-19,Furlenco,Consumer Internet,Online Furniture Rental platform,Bangalore,Axis Capital & Others,Private Equity,287.91
1314,2016-10-19,Fisdom,Consumer Internet,Personal Wealth Management Platform & App,Bangalore,Saama Capital,Private Equity,10.5567
1314,2016-10-19,Fisdom,Consumer Internet,Personal Wealth Management Platform & App,Bangalore,Raghunandan G,Private Equity,10.5567
1314,2016-10-19,Fisdom,Consumer Internet,Personal Wealth Management Platform & App,Bangalore,Aprameya Radhakrishna,Private Equity,10.5567
1315,2016-10-19,Actofit,Technology,Wearable Technology platform & devices,Mumbai,Next Orbit Ventures Fund,Private Equity,7.19775
1316,2016-10-20,Stayology,Consumer Internet,Stay & Travel related services,Bangalore,Ranjan Pai,Seed Funding,0.0
1317,2016-10-20,Hipcask,Consumer Internet,Alcoholic beverage discovery platform,Mumbai,Mobikon,Seed Funding,0.0
1318,2016-10-20,RailYatri,Consumer Internet,Train Travel Info mobile app,Noida,Helion Ventures,Private Equity,0.0
1318,2016-10-20,RailYatri,Consumer Internet,Train Travel Info mobile app,Noida,Blume ventures,Private Equity,0.0
1319,2016-10-21,ChatOnGo,Consumer Internet,Hyperlocal Communication Mobile app,Mumbai,Janak Jain,Seed Funding,2.8791
1320,2016-10-23,WOTU,eCommerce,B2B Marketplace for traders,Bangalore,KAE capital,Seed Funding,0.0
1321,2016-10-24,Healthians,Consumer Internet,Health Test Discovery & Ordering service,Gurgaon,BEENEXT,Private Equity,28.791
1322,2016-10-24,Box8,Consumer Internet,Online Food Ordering platform/App,Mumbai,IIFL Seed Ventures Fund,Private Equity,71.9775
1322,2016-10-24,Box8,Consumer Internet,Online Food Ordering platform/App,Mumbai,Mayfield Ventures,Private Equity,71.9775
1323,2016-10-25,Kredx,eCommerce,Invoice discounting marketplace,Bangalore,Sequoia Capital,Private Equity,57.582
1324,2016-10-25,CreditMate,Consumer Internet,Credit Report Info platform,Mumbai,India Quotient,Seed Funding,4.7985
1325,2016-10-25,Pickrr,Technology,Courier Logistics & Order management Solutions,New Delhi,Swastika Company Ltd,Seed Funding,0.0
1326,2016-10-25,SatvaKart,eCommerce,Online Grocery Etailer,Gurgaon,Nimit Panigrahi,Seed Funding,0.0
1327,2016-10-25,SooperMO,Technology,Android utility app suite creator,Gurgaon,Lalit Vase,Seed Funding,0.9597
1328,2016-10-26,OrangeTwig,Consumer Internet,Social Media Marketing platform,New Delhi,Undisclosed investor,Seed Funding,9.597
1329,2016-10-26,Wooplr,Consumer Internet,Fashion Discovery App,Bangalore,Astarc Ventures,Seed Funding,0.0
1329,2016-10-26,Wooplr,Consumer Internet,Fashion Discovery App,Bangalore,Anand Chandrasekaran,Seed Funding,0.0
1330,2016-10-26,The Kettlery,eCommerce,Online Tea Etailer,Ahmedabad,hooting Starts Sports LLP,Private Equity,9.597
1330,2016-10-26,The Kettlery,eCommerce,Online Tea Etailer,Ahmedabad,Franchise India Brands,Private Equity,9.597
1331,2016-10-27,Idea Bubbles,Consumer Internet,Doctor Consulting platform,Bangalore,1Crowd,Private Equity,6.7179
1331,2016-10-27,Idea Bubbles,Consumer Internet,Doctor Consulting platform,Bangalore,Eureka Forbes Ltd,Private Equity,6.7179
1331,2016-10-27,Idea Bubbles,Consumer Internet,Doctor Consulting platform,Bangalore,Shapoorji Pallonji & Co. Ltd.,Private Equity,6.7179
1332,2016-10-27,FR8,Technology,Truck Fleet Operation platform,Chennai,Omnivore Partners,Private Equity,9.318687
1333,2016-10-27,Ather Energy,Technology,Electric Vehicle Manufacturer,Bangalore,Hero MotoCorp,Private Equity,259.119
1334,2016-10-28,Pikkol,Logistics,Relocation Service provider,Bangalore,Ajay Nanavati,Seed Funding,0.0
1334,2016-10-28,Pikkol,Logistics,Relocation Service provider,Bangalore,Afsal Salu,Seed Funding,0.0
1335,2016-10-29,Velmenni,Technology,LiFi based wireless communication provider,New Delhi,Kalaari Capital,Seed Funding,0.9597
1336,2016-10-29,Volta Motors,Technology,Electric Bike Manufacturer,Chennai,Kalaari Capital,Seed Funding,0.9597
1337,2016-10-29,Cyclops,Technology,Clinical and Wearable Diagnostic Product creator,Bangalore,Kalaari Capital,Seed Funding,0.9597
1338,2016-10-30,Impact Analytics,Technology,Business intelligence and data science Startup,Bangalore,Aarin Capital,Private Equity,7.19775
1338,2016-10-30,Impact Analytics,Technology,Business intelligence and data science Startup,Bangalore,Michael Herzig,Private Equity,7.19775
1338,2016-10-30,Impact Analytics,Technology,Business intelligence and data science Startup,Bangalore,Ashish Lakhanpal,Private Equity,7.19775
1339,2016-10-31,Talent Next,Consumer Internet,Talent Discovery & Audition management platform,Mumbai,Karanpal Singh & Others,Seed Funding,9.597
1340,2016-09-01,Mad Street Den,Technology,Artificial Intelligence platform,Chennai,Sequoia India,Private Equity,0.0
1340,2016-09-01,Mad Street Den,Technology,Artificial Intelligence platform,Chennai,Exfinity Ventures,Private Equity,0.0
1340,2016-09-01,Mad Street Den,Technology,Artificial Intelligence platform,Chennai,growX ventures,Private Equity,0.0
1340,2016-09-01,Mad Street Den,Technology,Artificial Intelligence platform,Chennai,,Private Equity,0.0
1341,2016-09-01,Mihup,Technology,Personal Digital Assistant,Kolkata,Accel Partners,Private Equity,64.2999
1342,2016-09-01,Renowala,eCommerce,Home Improvement Marketplace,Hyderabad,Pradeep Dhobale,Seed Funding,0.0
1343,2016-09-01,Lucideus,Technology,IT Risk Assessment and Digital Security Services provider.,New Delhi,Amit Choudhary,Seed Funding,0.0
1344,2016-09-04,Trackbizz,Technology,Field Force Automation System,Kochi,Grasshoppers,Private Equity,0.0
1345,2016-09-05,Social Quotient,Technology,Platform for Social Causes,Mumbai,Anita Dongre,Seed Funding,0.0
1345,2016-09-05,Social Quotient,Technology,Platform for Social Causes,Mumbai,Yash Dongre,Seed Funding,0.0
1345,2016-09-05,Social Quotient,Technology,Platform for Social Causes,Mumbai,Milind Sarwate,Seed Funding,0.0
1346,2016-09-05,Stalk Buy Love,eCommerce,Fashion Apparel eTailer,New Delhi,William Bissel,Seed Funding,0.0
1347,2016-09-06,eShakti,eCommerce,Women\xe2\x80\x99s Fashion Apparel eTailer,Chennai,Infina Finance Pvt. Ltd,Private Equity,12.95595
1347,2016-09-06,eShakti,eCommerce,Women\xe2\x80\x99s Fashion Apparel eTailer,Chennai,Uday Kotak,Private Equity,12.95595
1348,2016-09-06,CheersOye!,Consumer Internet,Online Gift Vouchers platform,Mumbai,Undisclosed Investors,Seed Funding,4.7985
1349,2016-09-06,Lenskart,eCommerce,Online Eyewear eTailer,New Delhi,PremjiInvest,Private Equity,0.0
1350,2016-09-06,BigStylist,Consumer Internet,Hyperlocal doorstep Beauty Services provider,Mumbai,Info Edge (India) Ltd,Private Equity,8.6373
1351,2016-09-07,Zilingo,eCommerce,Online Fashion Retailer,Bangalore/ Bangkok,Venturra Capital,Private Equity,76.776
1351,2016-09-07,Zilingo,eCommerce,Online Fashion Retailer,Bangalore/ Bangkok,Sequoia India,Private Equity,76.776
1351,2016-09-07,Zilingo,eCommerce,Online Fashion Retailer,Bangalore/ Bangkok,Susquehanna International Group. Wavemaker Partners,Private Equity,76.776
1351,2016-09-07,Zilingo,eCommerce,Online Fashion Retailer,Bangalore/ Bangkok,Beenext,Private Equity,76.776
1351,2016-09-07,Zilingo,eCommerce,Online Fashion Retailer,Bangalore/ Bangkok,Beenos,Private Equity,76.776
1351,2016-09-07,Zilingo,eCommerce,Online Fashion Retailer,Bangalore/ Bangkok,Digital Garage,Private Equity,76.776
1352,2016-09-07,Alternacare,Consumer Internet,Online Doctor Consulting platform,New Delhi,Eros Labs,Seed Funding,4.7985
1353,2016-09-07,Simplilearn,Education,Online Certification programs,Bangalore,InnoVen Capital India,Private Equity,57.582
1354,2016-09-07,Prozo,eCommerce,Study Material Marketplace,Gurgaon,Earlsfield Capital,Seed Funding,3.023055
1354,2016-09-07,Prozo,eCommerce,Study Material Marketplace,Gurgaon,Sailender Solanki,Seed Funding,3.023055
1354,2016-09-07,Prozo,eCommerce,Study Material Marketplace,Gurgaon,Rajiv Solanki,Seed Funding,3.023055
1355,2016-09-08,TopRankers,Education,Online Test Preparation platform,Bangalore,CareerNet Consulting Pvt. Ltd,Seed Funding,6.42999
1355,2016-09-08,TopRankers,Education,Online Test Preparation platform,Bangalore,Ideation Initiative Pvt. Ltd,Seed Funding,6.42999
1355,2016-09-08,TopRankers,Education,Online Test Preparation platform,Bangalore,,Seed Funding,6.42999
1356,2016-09-08,BuildTraders,eCommerce,Online Construction Materials Marketplace,Bangalore,Idein Ventures,Seed Funding,1.9194
1357,2016-09-09,Byju's,Education,Online Learning App,Bangalore,Chan Zuckerberg Initiative,Private Equity,479.85
1357,2016-09-09,Byju's,Education,Online Learning App,Bangalore,Times Internet Ltd,Private Equity,479.85
1357,2016-09-09,Byju's,Education,Online Learning App,Bangalore,Sequoia Capital,Private Equity,479.85
1357,2016-09-09,Byju's,Education,Online Learning App,Bangalore,Sofina,Private Equity,479.85
1357,2016-09-09,Byju's,Education,Online Learning App,Bangalore,Lightspeed Ventures,Private Equity,479.85
1358,2016-09-09,NoBroker,Consumer Internet,Online Home Rental platform,Bangalore,Anand Chandrasekaran,Seed Funding,0.0
1359,2016-09-10,Freshboxx,eCommerce,Fruits & vegetable eTailer,Hubli,Ravi Linganuri,Seed Funding,0.0
1360,2016-09-10,CureInstant,Consumer Internet,Social Health Networking Platform,New Delhi,Dr. Rameshwar Kumar,Seed Funding,1.43955
1361,2016-09-10,Poshtic,Consumer Internet,Online health & Wellness platform,Noida,havya Sharma,Seed Funding,4.31865
1361,2016-09-10,Poshtic,Consumer Internet,Online health & Wellness platform,Noida,Amit Nagar,Seed Funding,4.31865
1362,2016-09-10,KarmaCircles,Consumer Internet,Peer-to-peer Social Learning platform,New Delhi,Harinder Takhar,Seed Funding,0.0
1362,2016-09-10,KarmaCircles,Consumer Internet,Peer-to-peer Social Learning platform,New Delhi,Zain Raj,Seed Funding,0.0
1362,2016-09-10,KarmaCircles,Consumer Internet,Peer-to-peer Social Learning platform,New Delhi,Dr. Prasad Kaipa,Seed Funding,0.0
1362,2016-09-10,KarmaCircles,Consumer Internet,Peer-to-peer Social Learning platform,New Delhi,Abaran Deep,Seed Funding,0.0
1362,2016-09-10,KarmaCircles,Consumer Internet,Peer-to-peer Social Learning platform,New Delhi,Aseem Sood,Seed Funding,0.0
1362,2016-09-10,KarmaCircles,Consumer Internet,Peer-to-peer Social Learning platform,New Delhi,Mustafa Patni,Seed Funding,0.0
1363,2016-09-12,Purple Style Labs,Consumer Internet,Personal Styling Online platform,Mumbai,Augment Ventures,Seed Funding,4.299456
1363,2016-09-12,Purple Style Labs,Consumer Internet,Personal Styling Online platform,Mumbai,Rahul Kayan,Seed Funding,4.299456
1363,2016-09-12,Purple Style Labs,Consumer Internet,Personal Styling Online platform,Mumbai,Nikhil Golcha,Seed Funding,4.299456
1363,2016-09-12,Purple Style Labs,Consumer Internet,Personal Styling Online platform,Mumbai,Shubham Gupta,Seed Funding,4.299456
1363,2016-09-12,Purple Style Labs,Consumer Internet,Personal Styling Online platform,Mumbai,Roy Kwan,Seed Funding,4.299456
1364,2016-09-12,Inuxu,Technology,Online Advertising Solutions,Pune,Fork Media,Private Equity,28.791
1365,2016-09-12,Nykaa,eCommerce,Online Beauty products eTailer,Mumbai,Sunil Munjal,Private Equity,118.0431
1365,2016-09-12,Nykaa,eCommerce,Online Beauty products eTailer,Mumbai,Mariwala family,Private Equity,118.0431
1366,2016-09-12,Glam Studios,Consumer Internet,Beauty Salon Aggregator,Noida,Pradeep Mirani,Seed Funding,2.8791
1366,2016-09-12,Glam Studios,Consumer Internet,Beauty Salon Aggregator,Noida,Aqeel Ahmed,Seed Funding,2.8791
1366,2016-09-12,Glam Studios,Consumer Internet,Beauty Salon Aggregator,Noida,Anand Ladsariya,Seed Funding,2.8791
1366,2016-09-12,Glam Studios,Consumer Internet,Beauty Salon Aggregator,Noida,Nitin Agarwal,Seed Funding,2.8791
1367,2016-09-13,Findow,Consumer Internet,Fashion Discovery Mobile app,Bangalore,Raj Singh Bhandal,Seed Funding,0.0
1368,2016-09-13,IdeaChakki,Consumer Internet,Restaurant Menu & Food mobile app,Delhi,Ratan Tata,Seed Funding,0.0
1369,2016-09-13,ShoeKonnect,eCommerce,Footwear & Leather B2B App,Agra,Indian Angels Network,Seed Funding,0.0
1370,2016-09-13,NearBuy,Consumer Internet,Online Deals & Discount platform,Gurgaon,BlackSoil Capital Pvt. Ltd.,Private Equity,23.9925
1371,2016-09-14,ZeroInfy,Consumer Internet,Online Video Lectures platform,Kolkata,Calcutta Angels Network,Seed Funding,0.0
1372,2016-09-14,Flocareer,Consumer Internet,Jobs & Skill Validation platform,Bangalore,Balasubramanian Krishnamurthy,Seed Funding,1.43955
1372,2016-09-14,Flocareer,Consumer Internet,Jobs & Skill Validation platform,Bangalore,Sidhartha Hazarika & Others,Seed Funding,1.43955
1373,2016-09-14,LensPick,eCommerce,eyewear eTailer,Bangalore,Scadea Solutions Inc,Private Equity,0.0
1374,2016-09-15,infeedo,Consumer Internet,Employee engagement platform,Gurgaon,Dheeraj Jain,Seed Funding,1.9194
1374,2016-09-15,infeedo,Consumer Internet,Employee engagement platform,Gurgaon,Palash Jain,Seed Funding,1.9194
1374,2016-09-15,infeedo,Consumer Internet,Employee engagement platform,Gurgaon,Anupam Mittal,Seed Funding,1.9194
1374,2016-09-15,infeedo,Consumer Internet,Employee engagement platform,Gurgaon,Ameera Shah,Seed Funding,1.9194
1374,2016-09-15,infeedo,Consumer Internet,Employee engagement platform,Gurgaon, Vivek Bhargava,Seed Funding,1.9194
1374,2016-09-15,infeedo,Consumer Internet,Employee engagement platform,Gurgaon,Rahul Singh,Seed Funding,1.9194
1374,2016-09-15,infeedo,Consumer Internet,Employee engagement platform,Gurgaon,Ambarish Gupta,Seed Funding,1.9194
1374,2016-09-15,infeedo,Consumer Internet,Employee engagement platform,Gurgaon,,Seed Funding,1.9194
1375,2016-09-15,Furlenco,eCommerce,Online furniture rental startup,Bangalore,Lightbox Ventures and others,Private Equity,47.985
1376,2016-09-15,GoPigeon,Consumer Internet,on-demand logistics service provider,Bangalore,Nexus Venture Partners,Private Equity,14.3955
1377,2016-09-16,NewsDistill,Consumer Internet,City based News Aggregator App,Hyderabad,Ganesh Narasimhan,Seed Funding,0.9597
1377,2016-09-16,NewsDistill,Consumer Internet,City based News Aggregator App,Hyderabad,Ramana Thumu,Seed Funding,0.9597
1377,2016-09-16,NewsDistill,Consumer Internet,City based News Aggregator App,Hyderabad,Sudhir Mallem,Seed Funding,0.9597
1378,2016-09-16,DoctorInsta,Consumer Internet,Online Doctor Consultations,Gurgaon,RoundGlass Partners,Private Equity,9.597
1379,2016-09-19,Milofy,Consumer Internet,Couple Socialization App,Bangalore,Accel Partners,Seed Funding,7.19775
1380,2016-09-19,Liqvid,Technology,Integrated eLearning content solutions,New Delhi,Gray Matters Capital,Private Equity,0.0
1381,2016-09-19,Swiggy,Consumer Internet,Online Food Ordering & Delivery,Bangalore,Bessemer Venture Partners,Private Equity,143.955
1382,2016-09-20,Codemojo,Consumer Internet,Customer Engagement Platform,Bangalore,CIO Angel Network,Seed Funding,0.0
1383,2016-09-20,JustLikeNew,eCommerce,Online gadget Repair Services Marketplace,Hyderabad,LetsVenture,Seed Funding,4.7985
1384,2016-09-20,JoeHukum,Technology,Enterprise customer engagement solutions,New Delhi,Sumit Jain,Seed Funding,0.0
1385,2016-09-21,Co Life,Consumer Internet,shared living and working spaces platform,Bangalore,Undisclosed Investors,Seed Funding,9.597
1386,2016-09-21,PurpleDocs,Consumer Internet,Electronic Health care records platform,Vadodara,KellyGamma,Seed Funding,0.0
1386,2016-09-21,PurpleDocs,Consumer Internet,Electronic Health care records platform,Vadodara,Lead Angels & Others,Seed Funding,0.0
1387,2016-09-21,Pepperfry,eCommerce,Furniture eTailer,Mumbai,Goldman Sachs Group,Private Equity,300.3861
1387,2016-09-21,Pepperfry,eCommerce,Furniture eTailer,Mumbai,Zodius Technology Fund,Private Equity,300.3861
1387,2016-09-21,Pepperfry,eCommerce,Furniture eTailer,Mumbai,Norwest Venture Partners,Private Equity,300.3861
1387,2016-09-21,Pepperfry,eCommerce,Furniture eTailer,Mumbai,Bertelsmann India,Private Equity,300.3861
1388,2016-09-21,eQuickies,eCommerce,Online Book etailer,Ahmedabad,Lothal Angel Ventures,Seed Funding,2.859906
1389,2016-09-21,Khel Now,Consumer Internet,Mobile-based social networking platform,New Delhi,Anglian Omega Network,Seed Funding,3.35895
1390,2016-09-22,Gadgetwood,Consumer Internet,On-Demand Gadget repair services platform,New Delhi,Carpediem Capital,Private Equity,57.582
1391,2016-09-22,DailyRounds,Consumer Internet,Mobile App for Doctors,Bangalore,Accel Partners,Private Equity,0.0
1391,2016-09-22,DailyRounds,Consumer Internet,Mobile App for Doctors,Bangalore,Beenext,Private Equity,0.0
1391,2016-09-22,DailyRounds,Consumer Internet,Mobile App for Doctors,Bangalore,Powerhouse Ventures,Private Equity,0.0
1391,2016-09-22,DailyRounds,Consumer Internet,Mobile App for Doctors,Bangalore,Akusa Holdings,Private Equity,0.0
1392,2016-09-22,Flixy Games,Technology,Mobile Game Publisher for Indian audience,Bangalore,Rebright Partners,Seed Funding,4.078725
1393,2016-09-22,HashTaag,Technology,Mobile App Development company,Bangalore,Undisclosed investors,Seed Funding,9.597
1394,2016-09-22,PharmaRack,Technology,SAAS application for Pharma Industry,Pune,Currae Healthtech Fund,Private Equity,7.149765
1394,2016-09-22,PharmaRack,Technology,SAAS application for Pharma Industry,Pune,Unicorn India Ventures,Private Equity,7.149765
1395,2016-09-23,CloudCherry,Technology,CRM SAAS Platform,Chennai,Vertex Ventures,Private Equity,57.582
1395,2016-09-23,CloudCherry,Technology,CRM SAAS Platform,Chennai,Cisco Ventures,Private Equity,57.582
1395,2016-09-23,CloudCherry,Technology,CRM SAAS Platform,Chennai,IDG Ventures,Private Equity,57.582
1396,2016-09-23,Parentlane,Consumer Internet,Social Platform for babycare and parenting,Bangalore,Rohit MA,Seed Funding,0.0
1397,2016-09-23,First Moms Club,Consumer Internet,Social Network for Mothers,Mumbai,Idea Wave Labs,Seed Funding,0.0
1398,2016-09-23,inMotion,Technology,Financial platform for daily wage earning communities,Noida,Prashant Tandon,Seed Funding,0.0
1398,2016-09-23,inMotion,Technology,Financial platform for daily wage earning communities,Noida,Gaurav Agarwal,Seed Funding,0.0
1398,2016-09-23,inMotion,Technology,Financial platform for daily wage earning communities,Noida,Gaurav Bhogle,Seed Funding,0.0
1398,2016-09-23,inMotion,Technology,Financial platform for daily wage earning communities,Noida,Shrishti Sahu,Seed Funding,0.0
1398,2016-09-23,inMotion,Technology,Financial platform for daily wage earning communities,Noida,Shantanu Mathur,Seed Funding,0.0
1398,2016-09-23,inMotion,Technology,Financial platform for daily wage earning communities,Noida,Prabhat Aggarwal,Seed Funding,0.0
1399,2016-09-26,Let's Barter,Consumer Internet,Goods & Services Barter Platform,New Delhi,Scale Ventures Funds,Seed Funding,0.0
1400,2016-09-26,EvenGini,Consumer Internet,Event Registration and Ticketing platform,Chennai,Procam International Pvt. Ltd,Private Equity,0.0
1401,2016-09-27,TinyStep,Consumer Internet,Parenting Network Platform,Bangalore,Flipkart Logistics Pvt. Ltd,Private Equity,15.16326
1402,2016-09-27,Canvs,Consumer Internet,Community Platform for Artists and Designers,Mumbai,Pratik Seal,Seed Funding,0.0
1403,2016-09-28,Beardo,eCommerce,Mens Grooming products etailer,Ahmedabad,Venture Catalysts,Seed Funding,4.7985
1404,2016-09-28,Instacar,Consumer Internet,Out-Station Taxi Rental Platform,Indore,Swastika Co Ltd.,Seed Funding,9.597
1405,2016-09-28,Celes Care,Consumer Internet,Virtual Health Clinic for Women,Hyderabad,Endiya Partners,Seed Funding,9.597
1406,2016-09-28,Druva,Technology,Cloud Based Data Protection Solution,Pune,Sequoia India,Private Equity,489.447
1406,2016-09-28,Druva,Technology,Cloud Based Data Protection Solution,Pune,EDBI,Private Equity,489.447
1406,2016-09-28,Druva,Technology,Cloud Based Data Protection Solution,Pune,Blue Cloud Ventures,Private Equity,489.447
1406,2016-09-28,Druva,Technology,Cloud Based Data Protection Solution,Pune,Hercules Capital,Private Equity,489.447
1407,2016-09-29,Promon,eCommerce,Local Commerce Platform,New Delhi,Now Capital,Seed Funding,1.72746
1408,2016-09-29,Fastudent,eCommerce,Education eCommerce platform,Noida,Kanwaljit Singh,Seed Funding,0.0
1408,2016-09-29,Fastudent,eCommerce,Education eCommerce platform,Noida,Ajay Lakhotia,Seed Funding,0.0
1408,2016-09-29,Fastudent,eCommerce,Education eCommerce platform,Noida,Pavan Ongole,Seed Funding,0.0
1408,2016-09-29,Fastudent,eCommerce,Education eCommerce platform,Noida,Ashish Gupta,Seed Funding,0.0
1409,2016-09-29,Unocoin,Consumer Internet,Bitcoin Wallet,Bangalore,Blume Ventures,Private Equity,14.3955
1409,2016-09-29,Unocoin,Consumer Internet,Bitcoin Wallet,Bangalore,Mumbai Angels,Private Equity,14.3955
1409,2016-09-29,Unocoin,Consumer Internet,Bitcoin Wallet,Bangalore,ah! Ventures,Private Equity,14.3955
1409,2016-09-29,Unocoin,Consumer Internet,Bitcoin Wallet,Bangalore,Digital Currency Group,Private Equity,14.3955
1409,2016-09-29,Unocoin,Consumer Internet,Bitcoin Wallet,Bangalore,Boost VC,Private Equity,14.3955
1409,2016-09-29,Unocoin,Consumer Internet,Bitcoin Wallet,Bangalore,Bank to the Future and Funders Club,Private Equity,14.3955
1410,2016-09-30,Demyto,Consumer Internet,Vehicle maintenance Services platform,Pune,Deepak Nathani,Seed Funding,0.0
1411,2016-09-30,Zeta,Technology,Enterprise Cloud Solutions,Mumbai,Bhavin Turakhia,Private Equity,182.343
1412,2016-09-30,Kalaage,Consumer Internet,Social Networking Platform for Writers,Jaipur,Rajasthan Angel Innovators Network,Seed Funding,0.0
1413,2016-08-01,HealthKart,eCommerce,Online Pharmacy & Health Marketplace,Gurgaon,Sequoia Capital India,Private Equity,115.164
1413,2016-08-01,HealthKart,eCommerce,Online Pharmacy & Health Marketplace,Gurgaon,Omidyar Network,Private Equity,115.164
1413,2016-08-01,HealthKart,eCommerce,Online Pharmacy & Health Marketplace,Gurgaon,Kae Capital,Private Equity,115.164
1414,2016-08-01,Medinfi,Consumer Internet,Doctor & Clinic Discovery Platform,Bangalore,Mudit Saxena,Seed Funding,1.9194
1414,2016-08-01,Medinfi,Consumer Internet,Doctor & Clinic Discovery Platform,Bangalore,Evan Lim,Seed Funding,1.9194
1415,2016-08-01,RepairEasy,Consumer Internet,Gadget Repair Services Platform,Pune,Undisclosed HNIs,Seed Funding,2.639175
1416,2016-08-01,Voonik,eCommerce,Online Women\\xe2\\x80\\x99s Fashion Marketplace,Bangalore,InnoVen Capital,Private Equity,28.791
1417,2016-08-01,Tokri,Consumer Internet,Hyperlocal Grocery Delivery platform,Pune,Syska LED group,Private Equity,23.9925
1418,2016-08-02,Sheroes,Consumer Internet,Online Job and Career Platform for Women,Noida,Lumis Partners,Private Equity,17.2746
1418,2016-08-02,Sheroes,Consumer Internet,Online Job and Career Platform for Women,Noida,The HR Fund,Private Equity,17.2746
1418,2016-08-02,Sheroes,Consumer Internet,Online Job and Career Platform for Women,Noida,Rajul Garg,Private Equity,17.2746
1418,2016-08-02,Sheroes,Consumer Internet,Online Job and Career Platform for Women,Noida,Quintillion Media,Private Equity,17.2746
1419,2016-08-02,Daily Ninja,Consumer Internet,Hyperlocal daily needs Products delivery platform,Bangalore,Venk Krishnan,Seed Funding,0.0
1419,2016-08-02,Daily Ninja,Consumer Internet,Hyperlocal daily needs Products delivery platform,Bangalore,Aprameya Radhakrishna,Seed Funding,0.0
1419,2016-08-02,Daily Ninja,Consumer Internet,Hyperlocal daily needs Products delivery platform,Bangalore,Anupam Mittal,Seed Funding,0.0
1419,2016-08-02,Daily Ninja,Consumer Internet,Hyperlocal daily needs Products delivery platform,Bangalore,Kunal Shah,Seed Funding,0.0
1419,2016-08-02,Daily Ninja,Consumer Internet,Hyperlocal daily needs Products delivery platform,Bangalore,Tracxn Labs,Seed Funding,0.0
1419,2016-08-02,Daily Ninja,Consumer Internet,Hyperlocal daily needs Products delivery platform,Bangalore,Subramanya SV,Seed Funding,0.0
1419,2016-08-02,Daily Ninja,Consumer Internet,Hyperlocal daily needs Products delivery platform,Bangalore,Ravi Garkipati,Seed Funding,0.0
1420,2016-08-02,Yumlane,Food & Beverage,Retail Food & Snack Offline centres,Mumbai,Binny Bansal,Seed Funding,9.597
1420,2016-08-02,Yumlane,Food & Beverage,Retail Food & Snack Offline centres,Mumbai,Anupam Mittal,Seed Funding,9.597
1420,2016-08-02,Yumlane,Food & Beverage,Retail Food & Snack Offline centres,Mumbai,Sachin Bhatia,Seed Funding,9.597
1420,2016-08-02,Yumlane,Food & Beverage,Retail Food & Snack Offline centres,Mumbai,Darius Pandole,Seed Funding,9.597
1420,2016-08-02,Yumlane,Food & Beverage,Retail Food & Snack Offline centres,Mumbai,Kunal Khattar,Seed Funding,9.597
1420,2016-08-02,Yumlane,Food & Beverage,Retail Food & Snack Offline centres,Mumbai,Dheerag Jain,Seed Funding,9.597
1421,2016-08-03,Xcode,Healthcare,Personal Genomics,Chennai,RoundGlass Partners,Private Equity,0.0
1422,2016-08-03,ExtraCarbon,Consumer Internet,Waste Recycle Management platform,Gurgaon,Brand Capital,Seed Funding,2.159325
1423,2016-08-03,FlickBay,Consumer Internet,Mobile Based Bollywood Discovery platform,Mumbai,Paul Roy,Seed Funding,8.54133
1424,2016-08-04,Petoo,Consumer Internet,Food Delivery Platform,Bangalore,Existing Investors,Seed Funding,4.7985
1425,2016-08-04,lehlehsports,Others,Sports Arena discovery,New Delhi,Anglian Omega Network,Seed Funding,0.0
1426,2016-08-05,Tricog,Healthcare,Healthcare Analytics Platform,Bangalore,Inventus Capital Partners,Private Equity,0.0
1426,2016-08-05,Tricog,Healthcare,Healthcare Analytics Platform,Bangalore,Blume Ventures & Others,Private Equity,0.0
1427,2016-08-06,VST Travels,Technology,Travel Ticket Booking Software,Kerala,Promatus Group,Seed Funding,0.259119
1428,2016-08-08,AdPushUp,Technology,Ad optimization Platform,New Delhi,Geniee,Private Equity,0.0
1428,2016-08-08,AdPushUp,Technology,Ad optimization Platform,New Delhi,Inc,Private Equity,0.0
1428,2016-08-08,AdPushUp,Technology,Ad optimization Platform,New Delhi,Purvi Capital,Private Equity,0.0
1429,2016-08-08,Wefly Indoor Skydiving,Others,Indoor Skydiving Sports Provider,Mumbai,Swastika Company Ltd.,Seed Funding,0.38388
1430,2016-08-08,Mojarto,eCommerce,"Original Art, Digital Prints etailer",Gurgaon,Undisclosed Investors,Seed Funding,4.270665
1431,2016-08-08,Zipgrid,Consumer Internet,Community services platform,Mumbai,1Crowd (through crowd funding),Seed Funding,1.9194
1432,2016-08-09,MobiDent,Healthcare,Dental Protection Solution,Bangalore,Centre for Innovation Incubation and Entrepreneurship (CIIE),Seed Funding,0.0
1433,2016-08-09,Zeolr/RespirON,Technology,Healthcare related IoT platform,New Delhi,Centre for Innovation Incubation and Entrepreneurship (CIIE),Seed Funding,0.0
1434,2016-08-10,Vebbler,Consumer Internet,Photo Sharing Mobile App,Bangalore,Anupam Mittal,Seed Funding,4.7985
1434,2016-08-10,Vebbler,Consumer Internet,Photo Sharing Mobile App,Bangalore,Sharad Sharma & 14 others,Seed Funding,4.7985
1435,2016-08-10,Bombay Shaving Company,eCommerce,Men\\xe2\\x80\\x99s Grooming Product etailer,New Delhi,Noshir Kaka,Seed Funding,5.7582
1435,2016-08-10,Bombay Shaving Company,eCommerce,Men\\xe2\\x80\\x99s Grooming Product etailer,New Delhi,Subramanian Ramadorai,Seed Funding,5.7582
1435,2016-08-10,Bombay Shaving Company,eCommerce,Men\\xe2\\x80\\x99s Grooming Product etailer,New Delhi,Kiran Deshpande,Seed Funding,5.7582
1435,2016-08-10,Bombay Shaving Company,eCommerce,Men\\xe2\\x80\\x99s Grooming Product etailer,New Delhi,Pankaj Gupta,Seed Funding,5.7582
1435,2016-08-10,Bombay Shaving Company,eCommerce,Men\\xe2\\x80\\x99s Grooming Product etailer,New Delhi,Ravi Nigam & Others,Seed Funding,5.7582
1436,2016-08-11,Travelyaari,Consumer Internet,Online ticket booking platform,Bangalore,Gujarat Venture Finance Limited (GVFL),Private Equity,67.179
1436,2016-08-11,Travelyaari,Consumer Internet,Online ticket booking platform,Bangalore,Bennett Coleman & Co. Ltd,Private Equity,67.179
1437,2016-08-11,91SpringBoard,Consumer Internet,Co-Working Spaces Discovery & Booking platform,Mumbai,Khattar Holdings,Private Equity,0.0
1437,2016-08-11,91SpringBoard,Consumer Internet,Co-Working Spaces Discovery & Booking platform,Mumbai,ThirtyThree Investments,Private Equity,0.0
1437,2016-08-11,91SpringBoard,Consumer Internet,Co-Working Spaces Discovery & Booking platform,Mumbai,Soumitra Sharma,Private Equity,0.0
1437,2016-08-11,91SpringBoard,Consumer Internet,Co-Working Spaces Discovery & Booking platform,Mumbai,Deepak Sharma,Private Equity,0.0
1437,2016-08-11,91SpringBoard,Consumer Internet,Co-Working Spaces Discovery & Booking platform,Mumbai,Sumit Dayal and others,Private Equity,0.0
1438,2016-08-11,Genextstudents,Consumer Internet,Online Tutoring Service provider,Mumbai,1Crowd (through crowdfunding),Seed Funding,2.005773
1439,2016-08-11,Zenoti,Technology,Cloud Based Software Solutions Provider,Hyderabad,Norwest Venture Partners,Private Equity,143.955
1439,2016-08-11,Zenoti,Technology,Cloud Based Software Solutions Provider,Hyderabad,Accel India,Private Equity,143.955
1440,2016-08-12,Crofarm,Technology,Agri-Tech supply chain Solution provider,Gurgaon,Mukul Singhal,Private Equity,14.3955
1440,2016-08-12,Crofarm,Technology,Agri-Tech supply chain Solution provider,Gurgaon,Rohit Jain,Private Equity,14.3955
1440,2016-08-12,Crofarm,Technology,Agri-Tech supply chain Solution provider,Gurgaon,Himanshu Aggrawal,Private Equity,14.3955
1440,2016-08-12,Crofarm,Technology,Agri-Tech supply chain Solution provider,Gurgaon,Sunil Goyal Ashish Gupta,Private Equity,14.3955
1440,2016-08-12,Crofarm,Technology,Agri-Tech supply chain Solution provider,Gurgaon,,Private Equity,14.3955
1441,2016-08-12,Faircent.com,Consumer Internet,peer-to-peer lending platform,Gurgaon,Brand Capital,Private Equity,14.3955
1442,2016-08-12,Innovaccer,Technology,Integrated Enterprise Analytics Platform,Noida,Westbridge Capital Partners,Private Equity,149.7132
1443,2016-08-12,Cuberoot,Technology,Data Analytics & Audience Management Platform,Gurgaon,Undisclosed Investors,Seed Funding,4.7985
1444,2016-08-12,Funcastic,Consumer Internet,B2C vernacular podcast aggregator platform,New Delhi,HT Media Ltd,Seed Funding,0.0
1444,2016-08-12,Funcastic,Consumer Internet,B2C vernacular podcast aggregator platform,New Delhi,North Base Media,Seed Funding,0.0
1445,2016-08-15,Buttercups,ECommerce,Women Intimate Wear eTailer,Bangalore,Anand Chandrasekaran,Seed Funding,0.0
1445,2016-08-15,Buttercups,ECommerce,Women Intimate Wear eTailer,Bangalore,Kanwaljit Singh,Seed Funding,0.0
1445,2016-08-15,Buttercups,ECommerce,Women Intimate Wear eTailer,Bangalore,Manoj Varghese,Seed Funding,0.0
1446,2016-08-16,Zappfresh,ECommerce,Raw Meat Products eTailer,Gurgaon,Ashvin Chadha,Seed Funding,0.0
1447,2016-08-16,OyoRooms,Consumer Internet,Budget Hotels Aggregator,New Delhi,SoftBank Group,Private Equity,595.014
1448,2016-08-16,Hike,Consumer Internet,Mobile Messaging App,New Delhi,Tencent Holdings,Private Equity,1679.475
1448,2016-08-16,Hike,Consumer Internet,Mobile Messaging App,New Delhi,Foxconn Technology Group,Private Equity,1679.475
1448,2016-08-16,Hike,Consumer Internet,Mobile Messaging App,New Delhi,Tiger Global,Private Equity,1679.475
1448,2016-08-16,Hike,Consumer Internet,Mobile Messaging App,New Delhi,SoftBank Group,Private Equity,1679.475
1448,2016-08-16,Hike,Consumer Internet,Mobile Messaging App,New Delhi,Bharti Enterprises,Private Equity,1679.475
1449,2016-08-16,Joolz,eCommerce,Online Jewellery Store,Mumbai,Powerhouse Ventures,Private Equity,4.7985
1449,2016-08-16,Joolz,eCommerce,Online Jewellery Store,Mumbai,M&S Partners,Private Equity,4.7985
1450,2016-08-16,SaleBhai,eCommerce,"Sweets, Dry Fruits & Handicrafts etailer",Ahmedabad,Brand Capital,Private Equity,14.3955
1451,2016-08-16,Makkajai,Technology,Online & Mobile learning for kids,Pune,Anand Chandrasekaran,Seed Funding,2.39925
1451,2016-08-16,Makkajai,Technology,Online & Mobile learning for kids,Pune,Ananth Narayanan,Seed Funding,2.39925
1451,2016-08-16,Makkajai,Technology,Online & Mobile learning for kids,Pune,Mekin Maheshwari,Seed Funding,2.39925
1451,2016-08-16,Makkajai,Technology,Online & Mobile learning for kids,Pune,Ravi Garikipati,Seed Funding,2.39925
1451,2016-08-16,Makkajai,Technology,Online & Mobile learning for kids,Pune,Divyesh Shah,Seed Funding,2.39925
1451,2016-08-16,Makkajai,Technology,Online & Mobile learning for kids,Pune,Swastika Company Ltd,Seed Funding,2.39925
1452,2016-08-16,Gradopedia,Consumer Internet,Career progression Portal,Mumbai,Undisclosed Dubai based HNIs,Seed Funding,0.0
1453,2016-08-17,MaalGaadi,Logistics,Online Logistics Marketplace,Indore,Swan Angel Network,Seed Funding,3.598875
1453,2016-08-17,MaalGaadi,Logistics,Online Logistics Marketplace,Indore,Sachin Khandelwal and others,Seed Funding,3.598875
1454,2016-08-17,ZiPi,Technology,Mobile Chatbot App,Bangalore,Swan Angel Network,Seed Funding,0.0
1455,2016-08-17,Appknox,Technology,Mobile security solutions,Bangalore,SeedPlus,Private Equity,6.477975
1455,2016-08-17,Appknox,Technology,Mobile security solutions,Bangalore,Infocomm Investments,Private Equity,6.477975
1455,2016-08-17,Appknox,Technology,Mobile security solutions,Bangalore,Accel Partners RNT Associates,Private Equity,6.477975
1456,2016-08-17,Pikkol,Logistics,Packers & Movers,Bangalore,Indian Angel Network,Seed Funding,0.0
1457,2016-08-18,Meesho,eCommerce,Mobile based eCommerce SAAS platform,Bangalore,Kashyap Deorah,Seed Funding,0.0
1457,2016-08-18,Meesho,eCommerce,Mobile based eCommerce SAAS platform,Bangalore,Rajul Garg,Seed Funding,0.0
1457,2016-08-18,Meesho,eCommerce,Mobile based eCommerce SAAS platform,Bangalore,Maninder Gulati,Seed Funding,0.0
1458,2016-08-18,Sesame Software,Technology,Financial Technology Solutions Provider,Kozhikode,Speridian Technologies,Private Equity,0.0
1459,2016-08-19,Quikr,Consumer Internet,Classified Listings platform,Mumbai,Brand Capital,Private Equity,191.94
1460,2016-08-19,Digio,Technology,Aadhar based Document Signing platform,Bangalore,Rainmatter,Private Equity,3.598875
1461,2016-08-19,Ziffity,Technology,Full Service Ecommerce Agency,Chennai,Aspire Systems,Private Equity,0.0
1462,2016-08-22,Zzungry,Consumer Internet,Food Delivery platform,Bangalore,Satish Vasudeva,Seed Funding,0.0
1462,2016-08-22,Zzungry,Consumer Internet,Food Delivery platform,Bangalore,Madhusudhan Jujare & Others,Seed Funding,0.0
1463,2016-08-22,Puro Wellness,healthcare,"Organic, Natural Food substitute manufacturer",Mumbai,Torrent Group,Private Equity,355.089
1464,2016-08-22,Fitternity,Consumer Internet,Fitness Gym & Services Discovery platform,Mumbai,Saha Fund,Private Equity,0.0
1464,2016-08-22,Fitternity,Consumer Internet,Fitness Gym & Services Discovery platform,Mumbai,Exfinity Venture Partners & Others,Private Equity,0.0
1465,2016-08-23,TAC Security,Technology,Cyber-Security Solutions Provider,New Delhi,Vijay Kedia,Seed Funding,0.0
1466,2016-08-23,Notesgen,Consumer Internet,Online Notes Sharing Portal,New Delhi,Riju Gupta,Seed Funding,0.9597
1466,2016-08-23,Notesgen,Consumer Internet,Online Notes Sharing Portal,New Delhi,Kamal Chabra,Seed Funding,0.9597
1467,2016-08-23,NearU,Consumer Internet,Marketing app for retailers,Mumbai,Dr. Goutam Challagalla,Seed Funding,0.0
1468,2016-08-23,Octo.ai,Technology,Artificial Intelligence based marketing platform,New Delhi,Outbox Ventures,Seed Funding,1.9194
1468,2016-08-23,Octo.ai,Technology,Artificial Intelligence based marketing platform,New Delhi,Jaspreet Bindra,Seed Funding,1.9194
1468,2016-08-23,Octo.ai,Technology,Artificial Intelligence based marketing platform,New Delhi,Arjun Malhotra,Seed Funding,1.9194
1468,2016-08-23,Octo.ai,Technology,Artificial Intelligence based marketing platform,New Delhi,Rohan Malhotra,Seed Funding,1.9194
1468,2016-08-23,Octo.ai,Technology,Artificial Intelligence based marketing platform,New Delhi,Sidharth Rao,Seed Funding,1.9194
1468,2016-08-23,Octo.ai,Technology,Artificial Intelligence based marketing platform,New Delhi,Rakesh Agrawal,Seed Funding,1.9194
1469,2016-08-24,ShaadiSaga,Consumer Internet,Wedding Website Creator,New Delhi,ah! Ventures,Seed Funding,0.0
1469,2016-08-24,ShaadiSaga,Consumer Internet,Wedding Website Creator,New Delhi,Anupam Mittal,Seed Funding,0.0
1469,2016-08-24,ShaadiSaga,Consumer Internet,Wedding Website Creator,New Delhi,Kunal Shah,Seed Funding,0.0
1469,2016-08-24,ShaadiSaga,Consumer Internet,Wedding Website Creator,New Delhi,Sandeep Tandon,Seed Funding,0.0
1469,2016-08-24,ShaadiSaga,Consumer Internet,Wedding Website Creator,New Delhi,Dheeraj Jain,Seed Funding,0.0
1469,2016-08-24,ShaadiSaga,Consumer Internet,Wedding Website Creator,New Delhi,Rohit Chokhani,Seed Funding,0.0
1470,2016-08-24,UnaAcademy,Consumer Internet,Free Interactive education platform,Bangalore,Blume Ventures,Private Equity,9.597
1470,2016-08-24,UnaAcademy,Consumer Internet,Free Interactive education platform,Bangalore,Sachin Bansal,Private Equity,9.597
1470,2016-08-24,UnaAcademy,Consumer Internet,Free Interactive education platform,Bangalore,Vijay Shekhar Sharma,Private Equity,9.597
1470,2016-08-24,UnaAcademy,Consumer Internet,Free Interactive education platform,Bangalore,Binny Bansal,Private Equity,9.597
1470,2016-08-24,UnaAcademy,Consumer Internet,Free Interactive education platform,Bangalore, Kunal Shah,Private Equity,9.597
1470,2016-08-24,UnaAcademy,Consumer Internet,Free Interactive education platform,Bangalore,Sandeep Tandon,Private Equity,9.597
1470,2016-08-24,UnaAcademy,Consumer Internet,Free Interactive education platform,Bangalore,Ashish Tulsian,Private Equity,9.597
1471,2016-08-24,Advenio,Technology,Clinical Imaging Solution Provider,Chandigarh,Kalaari Capital,Seed Funding,0.9597
1472,2016-08-24,Guarented,eCommerce,Home Furnishing rental marketplace,Bangalore,Kalaari Capital,Seed Funding,4.7985
1473,2016-08-24,Beyond Evolution,Technology,Mobile Apps & Tech Services provider,Gurgaon,Vineet Taneja,Seed Funding,0.0
1473,2016-08-24,Beyond Evolution,Technology,Mobile Apps & Tech Services provider,Gurgaon,Kamal Puri,Seed Funding,0.0
1474,2016-08-24,Uber Dreams,eCommerce,Dreams fulfilling marketplace,Mumbai,Mohit Lalvani,Seed Funding,4.7985
1475,2016-08-24,Convegenius,Education,Edutainment platform,Noida,Michael and Susan Dell Foundation,Private Equity,8.6373
1476,2016-08-24,UrbanLadder,eCommerce,Online Furniture Store,Mumbai,Trifecta Capital,Private Equity,28.791
1477,2016-08-24,enCashea,Consumer Internet,Scrap Collection and Recycling platform,Bangalore,Kunal Shah,Seed Funding,0.0
1477,2016-08-24,enCashea,Consumer Internet,Scrap Collection and Recycling platform,Bangalore,Sandeep Tandon,Seed Funding,0.0
1477,2016-08-24,enCashea,Consumer Internet,Scrap Collection and Recycling platform,Bangalore,Tracxn Labs,Seed Funding,0.0
1478,2016-08-25,EngineerBabu,Technology,Mobile App & Web Development company,Indore,Scale Ventures,Seed Funding,0.0
1479,2016-08-25,Cult,Healthcare,Health and Fitness Centres,Bangalore,CureFit,Private Equity,28.791
1480,2016-08-25,WitWorks,Technology,Consumer IoT Startup,Bangalore,Fireside Ventures,Seed Funding,0.0
1480,2016-08-25,WitWorks,Technology,Consumer IoT Startup,Bangalore,Investopad,Seed Funding,0.0
1480,2016-08-25,WitWorks,Technology,Consumer IoT Startup,Bangalore,P39 Capital,Seed Funding,0.0
1480,2016-08-25,WitWorks,Technology,Consumer IoT Startup,Bangalore,Anupam Mittal,Seed Funding,0.0
1480,2016-08-25,WitWorks,Technology,Consumer IoT Startup,Bangalore,Pranay Jivrajka,Seed Funding,0.0
1480,2016-08-25,WitWorks,Technology,Consumer IoT Startup,Bangalore,Maninder Gulati,Seed Funding,0.0
1480,2016-08-25,WitWorks,Technology,Consumer IoT Startup,Bangalore,Abhinav Sinha,Seed Funding,0.0
1481,2016-08-25,NearFox,Consumer Internet,Local Lifestyle Content and Discovery Platform,Mumbai,Globevestor Angel Fund,Seed Funding,0.0
1481,2016-08-25,NearFox,Consumer Internet,Local Lifestyle Content and Discovery Platform,Mumbai,Devendra Rane,Seed Funding,0.0
1481,2016-08-25,NearFox,Consumer Internet,Local Lifestyle Content and Discovery Platform,Mumbai,Ravi Jain,Seed Funding,0.0
1481,2016-08-25,NearFox,Consumer Internet,Local Lifestyle Content and Discovery Platform,Mumbai, Arpan Nagdeve,Seed Funding,0.0
1482,2016-08-25,ZoomCar,Consumer Internet,Self-driven car booking platform,Bangalore,Ford Smart Mobility Llc,Private Equity,230.328
1483,2016-08-26,Plix,Consumer Internet,Photo and Video Sharing App,Gurgaon,Instalabs,Seed Funding,4.7985
1484,2016-08-26,Mobikwik,Consumer Internet,Digital Wallet platform,Gurgaon,Net1 UEPS Technologies Inc,Private Equity,383.88
1485,2016-08-26,MyDidi,Consumer Internet,"on-demand, hyper-local Cleaning services provider",Mumbai,Undisclosed Ex Mckinsey Directors and Partners,Seed Funding,5.27835
1486,2016-08-26,CrownIt,Consumer Internet,Cashback Mobile app,Gurgaon,Kunal Shah & Sandeep Tandon,Seed Funding,0.0
1486,2016-08-26,CrownIt,Consumer Internet,Cashback Mobile app,Gurgaon,Girish Mathrubootham,Seed Funding,0.0
1486,2016-08-26,CrownIt,Consumer Internet,Cashback Mobile app,Gurgaon,Anand Chandrasekaran,Seed Funding,0.0
1487,2016-08-29,LoanTap,Consumer Internet,Lending platform for Salaried professionals,Mumbai,Dr. Abhishek Pandey,Private Equity,28.791
1487,2016-08-29,LoanTap,Consumer Internet,Lending platform for Salaried professionals,Mumbai,Jaysukh Sapra,Private Equity,28.791
1488,2016-08-29,Runnr,Consumer Internet,hyperlocal Logistics services provider,Bangalore,Nexus Venture Partners,Private Equity,67.179
1488,2016-08-29,Runnr,Consumer Internet,hyperlocal Logistics services provider,Bangalore,Blume Ventures,Private Equity,67.179
1489,2016-08-29,Zolo,Consumer Internet,on-demand online talent marketplace,Noida,Hitouch AG,Private Equity,0.0
1490,2016-08-29,Notion Press,Consumer Internet,Self-Publishing books platform,Chennai,Undisclosed HNI investors,Private Equity,9.597
1491,2016-08-29,LivSpace,Consumer Internet,Online portal for Home Design,Bangalore,Bessemer Venture Partners,Private Equity,143.955
1491,2016-08-29,LivSpace,Consumer Internet,Online portal for Home Design,Bangalore,Jungle Ventures,Private Equity,143.955
1491,2016-08-29,LivSpace,Consumer Internet,Online portal for Home Design,Bangalore,Helion Ventures,Private Equity,143.955
1492,2016-08-30,iAugmentor Labs,Technology,Assessment & Learning Platform,Gurgaon,Rajasthan Angel Investor Network & Others,Seed Funding,1.429953
1493,2016-08-30,DayBox,Consumer Internet,Fruit & Vegetable Delivery platform,New Delhi,Ashutosh Lawania,Seed Funding,0.998088
1493,2016-08-30,DayBox,Consumer Internet,Fruit & Vegetable Delivery platform,New Delhi,Rajul Jain,Seed Funding,0.998088
1493,2016-08-30,DayBox,Consumer Internet,Fruit & Vegetable Delivery platform,New Delhi,Badal Malick,Seed Funding,0.998088
1493,2016-08-30,DayBox,Consumer Internet,Fruit & Vegetable Delivery platform,New Delhi,Rishi Gupta & Others,Seed Funding,0.998088
1494,2016-08-30,Paytm,eCommerce,Mobile Wallet & ECommerce platform,Bangalore,MediaTek Inc.,Private Equity,575.82
1495,2016-08-30,CropIn,Technology,Agriculture Technology Solutions,Bangalore,Sophia Investment ApS,Private Equity,19.194
1496,2016-08-30,Canvera,Consumer Internet,Photographer Discovery & Information platform,Bangalore,Info Edge (India) Ltd,Private Equity,28.791
1497,2016-08-30,Prime Focus Technologies,Technology,Hybrid Cloud technology enabled Media ERP platform,Mumbai,Ambit Pragma,Private Equity,0.0
1498,2016-08-31,Flyrobe,eCommerce,Online fashion rental platform,Mumbai,IDG Ventures,Private Equity,50.8641
1498,2016-08-31,Flyrobe,eCommerce,Online fashion rental platform,Mumbai,Sequoia Capital,Private Equity,50.8641
1498,2016-08-31,Flyrobe,eCommerce,Online fashion rental platform,Mumbai,GREE Ventures,Private Equity,50.8641
1499,2016-08-31,inclov,Consumer Internet,Matchmaking App for Disabled,Mumbai,Sarbvir Singh,Seed Funding,0.0
1499,2016-08-31,inclov,Consumer Internet,Matchmaking App for Disabled,Mumbai,Raghav Bahl,Seed Funding,0.0
1500,2016-07-01,RazorPay,Consumer Internet,Online Payment Gateway,Bangalore,MasterCard,Private Equity,0.0
1501,2016-07-01,DarwinBox,Technology,HR Software Services Startup,Hyderabad,3one4 Capital,Seed Funding,0.0
1501,2016-07-01,DarwinBox,Technology,HR Software Services Startup,Hyderabad,Tracxn Labs,Seed Funding,0.0
1501,2016-07-01,DarwinBox,Technology,HR Software Services Startup,Hyderabad,Aaruha Technology Fund,Seed Funding,0.0
1501,2016-07-01,DarwinBox,Technology,HR Software Services Startup,Hyderabad,Endiya Partners,Seed Funding,0.0
1502,2016-07-01,Venture Catalysts,Consumer Internet,Seed Investment & Innovation Platform,Mumbai,Zaffiro Ventures,Seed Funding,4.7985
1503,2016-07-01,PressPlay TV,Consumer Internet,Video Content Discovery Platform,New Delhi,Sequoia Capital,Private Equity,0.0
1503,2016-07-01,PressPlay TV,Consumer Internet,Video Content Discovery Platform,New Delhi,SD Ventures,Private Equity,0.0
1503,2016-07-01,PressPlay TV,Consumer Internet,Video Content Discovery Platform,New Delhi,Vistaar Investment Advisors Pvt. Ltd.,Private Equity,0.0
1504,2016-07-02,Playment,Consumer Internet,Mobile Marketplace for Crowdsourced Work,Bangalore,SAIF Partners,Private Equity,6.7179
1505,2016-07-04,WealthTrust,Consumer Internet,Wealth Management App,Mumbai,India Quotient,Seed Funding,0.0
1506,2016-07-04,Curefit,Consumer Internet,Online Preventive Healthcare Platform,Bangalore,Accel Partners,Private Equity,143.955
1506,2016-07-04,Curefit,Consumer Internet,Online Preventive Healthcare Platform,Bangalore,IDG Ventures,Private Equity,143.955
1506,2016-07-04,Curefit,Consumer Internet,Online Preventive Healthcare Platform,Bangalore,Kalaari Capital,Private Equity,143.955
1507,2016-07-04,StitchWood,eCommerce,Custom Furniture Online,Mumbai,Deepak Gupta,Seed Funding,1.9194
1508,2016-07-04,Grab.in,Logistics,hyperlocal logistics service,Mumbai,Aramex Ventures Llc,Private Equity,19.194
1509,2016-07-04,Fulfil.IO,Consumer Internet,Cloud Based ERP Software,US,Rajan Anandan,Seed Funding,0.0
1510,2016-07-04,NeoGrowth,Finance,SME Lending platform,Mumbai,IIFL Wealth Management Seed Venture Fund,Private Equity,153.552
1510,2016-07-04,NeoGrowth,Finance,SME Lending platform,Mumbai,Omidyar Network,Private Equity,153.552
1510,2016-07-04,NeoGrowth,Finance,SME Lending platform,Mumbai,Khosla Impact,Private Equity,153.552
1510,2016-07-04,NeoGrowth,Finance,SME Lending platform,Mumbai,Aspada,Private Equity,153.552
1511,2016-07-05,SeeDoc,Consumer Internet,Video Based Doctor Consulting platform App,Gurgaon,YourNest Angel Fund & Others,Private Equity,9.597
1512,2016-07-05,BookMyShow,Consumer Internet,Event & Movie Ticketing platform,Mumbai,Stripes Group,Private Equity,786.954
1512,2016-07-05,BookMyShow,Consumer Internet,Event & Movie Ticketing platform,Mumbai,Network 18,Private Equity,786.954
1512,2016-07-05,BookMyShow,Consumer Internet,Event & Movie Ticketing platform,Mumbai,Accel Partners,Private Equity,786.954
1512,2016-07-05,BookMyShow,Consumer Internet,Event & Movie Ticketing platform,Mumbai,SAIF Partners,Private Equity,786.954
1513,2016-07-05,Flyrobe,eCommerce,Online fashion rental platform,Mumbai,Sequoia Capital,Seed Funding,16.3149
1513,2016-07-05,Flyrobe,eCommerce,Online fashion rental platform,Mumbai,Rohit Bansal,Seed Funding,16.3149
1513,2016-07-05,Flyrobe,eCommerce,Online fashion rental platform,Mumbai,Kunal Bahl,Seed Funding,16.3149
1513,2016-07-05,Flyrobe,eCommerce,Online fashion rental platform,Mumbai,Sandeep Tandon,Seed Funding,16.3149
1513,2016-07-05,Flyrobe,eCommerce,Online fashion rental platform,Mumbai,Kunal Shah,Seed Funding,16.3149
1513,2016-07-05,Flyrobe,eCommerce,Online fashion rental platform,Mumbai,Zishaan Hayath,Seed Funding,16.3149
1513,2016-07-05,Flyrobe,eCommerce,Online fashion rental platform,Mumbai, Abhishek Jain,Seed Funding,16.3149
1514,2016-07-06,HappilyUnmarried,eCommerce,Online Merchandize etailer,New Delhi,Info Edge (India) Ltd,Private Equity,7.10178
1515,2016-07-06,Don't Scratch Your Head,Technology,Full Stack Offline & Online ERP Solution,Ahmedabad,Gaurav Singhvi,Seed Funding,2.39925
1515,2016-07-06,Don't Scratch Your Head,Technology,Full Stack Offline & Online ERP Solution,Ahmedabad,Zaffiro Ventures,Seed Funding,2.39925
1516,2016-07-06,Wedding Wishlist,Consumer Internet,"Wedding Wishlist, Gifts & Registry Creation platform",Chennai,Kirthiga Reddy,Seed Funding,2.850309
1516,2016-07-06,Wedding Wishlist,Consumer Internet,"Wedding Wishlist, Gifts & Registry Creation platform",Chennai,Renuka Ramanath,Seed Funding,2.850309
1516,2016-07-06,Wedding Wishlist,Consumer Internet,"Wedding Wishlist, Gifts & Registry Creation platform",Chennai,Cherry Tin,Seed Funding,2.850309
1517,2016-07-07,AppDaily,Technology,Mobile Security App development & Distribution,Mumbai,Kalaari Capital,Private Equity,19.194
1517,2016-07-07,AppDaily,Technology,Mobile Security App development & Distribution,Mumbai,Qualcomm Ventures,Private Equity,19.194
1517,2016-07-07,AppDaily,Technology,Mobile Security App development & Distribution,Mumbai,ru-Net,Private Equity,19.194
1517,2016-07-07,AppDaily,Technology,Mobile Security App development & Distribution,Mumbai,Zodius Technology Opportunities Fund,Private Equity,19.194
1517,2016-07-07,AppDaily,Technology,Mobile Security App development & Distribution,Mumbai,,Private Equity,19.194
1518,2016-07-07,Adytude,Consumer Internet,Gamified Consumer Insights Portal,New Delhi,Indian Angel Network,Private Equity,9.597
1519,2016-07-07,Quickli,Logistics,On-Demand Delivery Startup,Gurgaon,AVG Group,Private Equity,0.0
1519,2016-07-07,Quickli,Logistics,On-Demand Delivery Startup,Gurgaon,500 Startups,Private Equity,0.0
1520,2016-07-07,SpectraVR,Technology,Virtual Reality Content Studio,Mumbai,Rothenberg Ventures,Seed Funding,0.0
1521,2016-07-08,Pitstop,Consumer Internet,Online Car Repair and Servicing Booking platform,Bangalore,Alex Chua,Seed Funding,0.0
1521,2016-07-08,Pitstop,Consumer Internet,Online Car Repair and Servicing Booking platform,Bangalore,Rahul Garg,Seed Funding,0.0
1522,2016-07-08,HolaChef,Consumer Internet,Online Food Ordering & Delivery Platform,Mumbai,Kalaari Capital,Private Equity,18.71415
1522,2016-07-08,HolaChef,Consumer Internet,Online Food Ordering & Delivery Platform,Mumbai,India Quotient,Private Equity,18.71415
1523,2016-07-11,Purplle,eCommerce,Beauty Products Marketplace,Mumbai,JSW Ventures,Private Equity,57.582
1523,2016-07-11,Purplle,eCommerce,Beauty Products Marketplace,Mumbai,Blume Ventures & IvyCap Ventures,Private Equity,57.582
1524,2016-07-11,Trak N Tell,Technology,Car Tracking & Safety System,Gurgaon,Brian Acton,Private Equity,33.5895
1525,2016-07-11,Overcart.com,eCommerce,Unboxed & refurbished electronic products marketplace,Gurgaon,JSW Ventures,Private Equity,28.791
1525,2016-07-11,Overcart.com,eCommerce,Unboxed & refurbished electronic products marketplace,Gurgaon,Omidyar Network,Private Equity,28.791
1525,2016-07-11,Overcart.com,eCommerce,Unboxed & refurbished electronic products marketplace,Gurgaon,Sattva Capital,Private Equity,28.791
1525,2016-07-11,Overcart.com,eCommerce,Unboxed & refurbished electronic products marketplace,Gurgaon,Venture Works,Private Equity,28.791
1526,2016-07-12,SirionLabs,Technology,SAAS based Service Agreement Management,Gurgaon,Sequoia Capital,Private Equity,117.56325
1527,2016-07-12,GyanDhan,Consumer Internet,Education Focused Financing Platform,New Delhi,Stanford Angels & Entrepreneurs,Seed Funding,0.0
1527,2016-07-12,GyanDhan,Consumer Internet,Education Focused Financing Platform,New Delhi,Harvard Angels,Seed Funding,0.0
1528,2016-07-12,MintM,Consumer Internet,Digital Marketing & AdTech Platform,Bangalore,Mumbai Angels,Private Equity,0.0
1528,2016-07-12,MintM,Consumer Internet,Digital Marketing & AdTech Platform,Bangalore, Times Internet,Private Equity,0.0
1529,2016-07-12,HitGrit,Consumer Internet,Online Legal Consultation platform,Chandigarh,Ashish Mahajan,Seed Funding,0.0
1529,2016-07-12,HitGrit,Consumer Internet,Online Legal Consultation platform,Chandigarh,Sarvesh Sharma,Seed Funding,0.0
1530,2016-07-12,Find My Stay,Consumer Internet,Online Budget Hotel Aggregator & Booking Platform,New Delhi,Rishi Parti,Seed Funding,0.0
1530,2016-07-12,Find My Stay,Consumer Internet,Online Budget Hotel Aggregator & Booking Platform,New Delhi,Yogesh Bansal,Seed Funding,0.0
1531,2016-07-13,YAAP,Consumer Internet,"Online Content Discovery, Creation & Distribution Platform",New Delhi,Rainmaker Ventures,Private Equity,47.985
1532,2016-07-13,Utoo Cabs,Consumer Internet,Cab aggregation & Rental platform,Chennai,Ajay Piramal,Seed Funding,0.0
1533,2016-07-13,Twigly,Consumer Internet,Online Food Ordering & Delivery Startup,Gurgaon,Tracxn Labs,Seed Funding,5.7582
1533,2016-07-13,Twigly,Consumer Internet,Online Food Ordering & Delivery Startup,Gurgaon,Hyderabad Angels,Seed Funding,5.7582
1533,2016-07-13,Twigly,Consumer Internet,Online Food Ordering & Delivery Startup,Gurgaon,Kunal Shah,Seed Funding,5.7582
1533,2016-07-13,Twigly,Consumer Internet,Online Food Ordering & Delivery Startup,Gurgaon,Gaurav Bhalotia,Seed Funding,5.7582
1534,2016-07-13,ShareChat,Consumer Internet,Vernacular Language Content Creation & Sharing App,Bangalore,SAIF Partners,Private Equity,12.95595
1534,2016-07-13,ShareChat,Consumer Internet,Vernacular Language Content Creation & Sharing App,Bangalore,India Quotient,Private Equity,12.95595
1535,2016-07-13,Urban Tailor,Consumer Internet,E-Tailoring service provider,Bangalore,Unitus Seed Fund,Private Equity,0.0
1536,2016-07-13,RentMojo,Consumer Internet,Online Furniture Renting Platform,Bangalore,Accel Partners,Private Equity,47.985
1536,2016-07-13,RentMojo,Consumer Internet,Online Furniture Renting Platform,Bangalore,IDG Ventures India,Private Equity,47.985
1537,2016-07-13,CityFurnish,Consumer Internet,Online Furniture Renting Platform,Gurgaon,Brand Capital,Seed Funding,0.0
1538,2016-07-13,HEAL Institute,Healthcare,Sports Focused Healthcare Startup,Mumbai,Jaspal Bindra,Seed Funding,0.0
1538,2016-07-13,HEAL Institute,Healthcare,Sports Focused Healthcare Startup,Mumbai,Parth Jindal,Seed Funding,0.0
1539,2016-07-14,Augrav,eCommerce,Personalized precious Jewellery etailer,Coimbatore,Keiretsu Forum,Seed Funding,4.31865
1540,2016-07-14,ShoppinPal,Technology,M-Commerce Solutions for Retail Stores,Pune,Plug and Play Tech Center,Private Equity,10.26879
1540,2016-07-14,ShoppinPal,Technology,M-Commerce Solutions for Retail Stores,Pune,Steelhead Ventures & Others,Private Equity,10.26879
1541,2016-07-14,TransTutors / AskIITians,Consumer Internet,Online Education & Tutoring portals,New Delhi,500 Startups,Private Equity,0.0
1542,2016-07-15,WorkApps,Technology,Enterprise Work Management Software,Pune,SRI Capital,Seed Funding,9.597
1543,2016-07-15,BankerBay,Consumer Internet,Online Investment Banking platform,Bangalore,undisclosed investors,Private Equity,19.194
1544,2016-07-15,BaggOut,eCommerce,Women\\xe2\\x80\\x99s Fashion etailer,New Delhi,Sumit Jain,Seed Funding,0.0
1544,2016-07-15,BaggOut,eCommerce,Women\\xe2\\x80\\x99s Fashion etailer,New Delhi,Anurag Gupta,Seed Funding,0.0
1544,2016-07-15,BaggOut,eCommerce,Women\\xe2\\x80\\x99s Fashion etailer,New Delhi,Varun Khanna,Seed Funding,0.0
1544,2016-07-15,BaggOut,eCommerce,Women\\xe2\\x80\\x99s Fashion etailer,New Delhi,Faraz Khan,Seed Funding,0.0
1545,2016-07-15,TripShelf,eCommerce,Travel Package Marketplace,New Delhi,GEMS group,Seed Funding,2.39925
1546,2016-07-15,SatvaCart,eCommerce,Online Grocers,New Delhi,Abhijit Avasthi,Seed Funding,0.0
1546,2016-07-15,SatvaCart,eCommerce,Online Grocers,New Delhi,Karan Chellani,Seed Funding,0.0
1546,2016-07-15,SatvaCart,eCommerce,Online Grocers,New Delhi,SP Vijay,Seed Funding,0.0
1547,2016-07-15,Ridlr,Consumer Internet,Public Transport Mobile App,Mumbai,Times Internet,Private Equity,57.582
1547,2016-07-15,Ridlr,Consumer Internet,Public Transport Mobile App,Mumbai,Innoven Capital,Private Equity,57.582
1547,2016-07-15,Ridlr,Consumer Internet,Public Transport Mobile App,Mumbai,Matrix Partners India,Private Equity,57.582
1547,2016-07-15,Ridlr,Consumer Internet,Public Transport Mobile App,Mumbai,Qualcomm Ventures,Private Equity,57.582
1548,2016-07-18,Yellowdig,Consumer Internet,Online Learning Platform,Pune,SRI Capital,Seed Funding,6.23805
1549,2016-07-18,Zuppler,Consumer Internet,Online Food Ordering platform,New Delhi,SRI Capital,Seed Funding,6.23805
1550,2016-07-18,BlueStone,eCommerce,Jewellery Etailer,Mumbai,IIFL and Accel Partners,Private Equity,287.91
1550,2016-07-18,BlueStone,eCommerce,Jewellery Etailer,Mumbai,Kalaari Capital,Private Equity,287.91
1550,2016-07-18,BlueStone,eCommerce,Jewellery Etailer,Mumbai,IvyCap Ventures,Private Equity,287.91
1550,2016-07-18,BlueStone,eCommerce,Jewellery Etailer,Mumbai,RB Investments,Private Equity,287.91
1551,2016-07-18,underDOGS,Technology,Game Development Startup,Mumbai,Intelli Reboot Digital Pvt. Ltd,Private Equity,0.0
1552,2016-07-18,ImageProVision,Technology,Image Analysis Solutions,Pune,Satish Jamdar,Seed Funding,0.0
1553,2016-07-19,Sagacito,Technology,Cloud-Based Enterprise Solutions,New Delhi,Star India Pvt. Ltd,Private Equity,95.97
1554,2016-07-19,Deal4Loans / Wishfin,Consumer Internet,\\nLoans Comparison platform\\n\\n\\n\\n     (adsbygoogle = window.adsbygoogle || []).push({});\\n\\n,Noida,Franklin Templeton International Services Pvt. Ltd,Private Equity,143.955
1555,2016-07-19,NiYO Solutions,Technology,Payroll & Benefits Software solutions,Bangalore,Prime Venture Partners,Private Equity,9.597
1556,2016-07-19,AppLop,Consumer Internet,Mobile Apps SaaS Platform,Gurgaon,Green House Ventures Accelerator,Seed Funding,2.39925
1557,2016-07-20,Tax2Win,Consumer Internet,Online Tax Filing Portal,Jaipur,Undisclosed Investors,Private Equity,9.597
1558,2016-07-20,Truckola,Logistics,Tech-focused cargo transport startup,Mumbai,Abhishek Agarwal,Seed Funding,5.710215
1558,2016-07-20,Truckola,Logistics,Tech-focused cargo transport startup,Mumbai,Krishnakumar Nataraj,Seed Funding,5.710215
1558,2016-07-20,Truckola,Logistics,Tech-focused cargo transport startup,Mumbai,Sarath Sura,Seed Funding,5.710215
1558,2016-07-20,Truckola,Logistics,Tech-focused cargo transport startup,Mumbai,Shanti Mohan,Seed Funding,5.710215
1558,2016-07-20,Truckola,Logistics,Tech-focused cargo transport startup,Mumbai,Sarthak and Nihit Agarwal,Seed Funding,5.710215
1558,2016-07-20,Truckola,Logistics,Tech-focused cargo transport startup,Mumbai,Suramya Gupta,Seed Funding,5.710215
1559,2016-07-20,iServe Financial,Consumer Internet,Loan Comparison & Deals platform,Pune,Nilesh Shah,Seed Funding,0.0
1560,2016-07-21,MyTaxiIndia,Consumer Internet,Online Car rental booking platform,New Delhi,Nihon Kotsu Co,Private Equity,9.597
1561,2016-07-21,AbeRuk,eCommerce,Online Marketplace for books,Bangalore,Swastika Company Pvt Ltd,Seed Funding,0.0
1562,2016-07-21,Wiwigo,Consumer Internet,Inter-City Taxi Booking platform,Bangalore,Indian Angel Network,Seed Funding,5.710215
1563,2016-07-21,Drums Food,Food & Beverage,Yogurt and Ice Cream maker,Mumbai,Verlinvest,Undisclosed,0.0
1563,2016-07-21,Drums Food,Food & Beverage,Yogurt and Ice Cream maker,Mumbai,DSG Consumer Partners,Undisclosed,0.0
1564,2016-06-01,Chikoop,Consumer Internet,Free Ad based Voice Calling,Indore,Undisclosed Investors,Seed Funding,0.0
1565,2016-06-01,BRIDGEi2I,Technology,Data Analytics Platform,Bangalore,Edelweiss Private Equity,Private Equity,0.0
1566,2016-06-02,Droom,eCommerce,Online marketplace for used automobiles,New Delhi,Beenext,Private Equity,0.0
1566,2016-06-02,Droom,eCommerce,Online marketplace for used automobiles,New Delhi,Digital Garage,Private Equity,0.0
1566,2016-06-02,Droom,eCommerce,Online marketplace for used automobiles,New Delhi,Lightbox,Private Equity,0.0
1566,2016-06-02,Droom,eCommerce,Online marketplace for used automobiles,New Delhi,Beenos,Private Equity,0.0
1567,2016-06-02,Visit,Consumer Internet,On-Demand Healthcare Service provider,New Delhi,MapmyIndia,Seed Funding,0.0
1568,2016-06-02,Atomberg,Technology,"smart, energy efficient home appliance manufacturer",Mumbai,Parampara Capital,Private Equity,9.597
1569,2016-06-02,Coutloot,eCommerce,Fashion Re-Commerce Platform,Mumbai,Venture Catalysts,Seed Funding,0.0
1570,2016-06-02,Limo,Consumer Internet,Bus Aggregator Mobile app,Mumbai,Rainmaker Ventures,Private Equity,9.597
1571,2016-06-03,iCliniq,Consumer Internet,Doctor Consultation platform,Bangalore,MadhanKumar Madathupalayam,Seed Funding,0.0
1572,2016-06-03,GoGo Truck,Consumer Internet,Truck Aggregator & Booking platform,Chennai,Undisclosed Investor,Seed Funding,0.719775
1573,2016-06-03,Vyome Biosciences,Healthcare,Treatment Development for Antibiotic-resistant diseases,New Delhi,Romulus Capital,Private Equity,19.194
1574,2016-06-06,SillyMonks,Consumer Internet,Digital Media and Entertainment Startup,Hyderabad,Sreenivasa Reddy Musani,Seed Funding,4.299456
1575,2016-06-07,CueMath,Education,K-12 Maths Learning Courses,Bangalore,Sequoia Capital,Private Equity,38.388
1575,2016-06-07,CueMath,Education,K-12 Maths Learning Courses,Bangalore,Unitus Seed Fund,Private Equity,38.388
1576,2016-06-07,KrazyBee,Consumer Internet,Student Micro-Loan platform,Bangalore,Yeahmobi,Private Equity,19.194
1576,2016-06-07,KrazyBee,Consumer Internet,Student Micro-Loan platform,Bangalore,Fenqile,Private Equity,19.194
1577,2016-06-07,Intgrea,Technology,Post merger Integration Partners,Bangalore,Undisclosed Investor,Seed Funding,0.9597
1578,2016-06-07,HelpShift,Technology,Mobile CRM Platform,Pune,Microsoft Ventures,Private Equity,220.731
1578,2016-06-07,HelpShift,Technology,Mobile CRM Platform,Pune,Salesforce Ventures,Private Equity,220.731
1579,2016-06-07,CreditVidya,Technology,Credit Scoring Platform,Mumbai,Kalaari Capital,Private Equity,9.597
1580,2016-06-08,Grey Campus,Consumer Internet,Online Learning Platform,Hyderabad,Sarath Sura,Seed Funding,9.597
1581,2016-06-08,ListUp,eCommerce,Location based Classified Mobile app,Mumbai,Kae Capital,Seed Funding,4.7985
1581,2016-06-08,ListUp,eCommerce,Location based Classified Mobile app,Mumbai,Kunal Shah,Seed Funding,4.7985
1581,2016-06-08,ListUp,eCommerce,Location based Classified Mobile app,Mumbai,Sandeep Tandon,Seed Funding,4.7985
1582,2016-06-08,6Degree,Technology,Tech-enabled Fashion Talent platform,Mumbai,Indian Angel Network,Seed Funding,1.9194
1583,2016-06-08,Shopwati,Consumer Internet,Online Fashion Discussion Community,Gurgaon,Sanjiv Rai,Seed Funding,0.0
1584,2016-06-08,Cookifi,Consumer Internet,Online Chef Discovery & Booking Service,Bangalore,Kunal Shah,Seed Funding,0.0
1584,2016-06-08,Cookifi,Consumer Internet,Online Chef Discovery & Booking Service,Bangalore,Aneesh Reddy,Seed Funding,0.0
1584,2016-06-08,Cookifi,Consumer Internet,Online Chef Discovery & Booking Service,Bangalore,Tracxn Labs,Seed Funding,0.0
1584,2016-06-08,Cookifi,Consumer Internet,Online Chef Discovery & Booking Service,Bangalore,Venkat Tadanki,Seed Funding,0.0
1584,2016-06-08,Cookifi,Consumer Internet,Online Chef Discovery & Booking Service,Bangalore,Krishna Mehra,Seed Funding,0.0
1584,2016-06-08,Cookifi,Consumer Internet,Online Chef Discovery & Booking Service,Bangalore,Amit Rathore,Seed Funding,0.0
1585,2016-06-08,StoreKing,eCommerce,Connecting Small Town Consumers to E-Commerce,Bangalore,Axiata Digital,Private Equity,153.552
1586,2016-06-08,Wired Hub,Real Estate,Co-Working Spaces,Jaipur,Ankit Maheshwari,Seed Funding,0.0
1586,2016-06-08,Wired Hub,Real Estate,Co-Working Spaces,Jaipur,Anand Singh,Seed Funding,0.0
1587,2016-06-08,MySeniorDoctor,Consumer Internet,Online medical support platform,Gurgaon,BlackJag Partners,Seed Funding,1.9194
1588,2016-06-09,Teabox,eCommerce,Online Tea Store,Siliguri,Cameron Jones,Seed Funding,0.0
1589,2016-06-09,ExtraaEdge,Consumer Internet,Student Acquisition Platform,Pune,Ritesh Dwivedy,Seed Funding,0.0
1589,2016-06-09,ExtraaEdge,Consumer Internet,Student Acquisition Platform,Pune,Priti Padhy,Seed Funding,0.0
1590,2016-06-09,EPayLater,Technology,Fin-Tech Platform,Mumbai,3 undisclosed HNIs,Seed Funding,19.194
1591,2016-06-10,Kyazoonga,eCommerce,Online event ticketing Platform,Mumbai,Ratan Tata,Seed Funding,0.0
1592,2016-06-10,Paytunes,Consumer Internet,Mobile based rewards platform,New Delhi,CIO Angel Network,Private Equity,4.7985
1592,2016-06-10,Paytunes,Consumer Internet,Mobile based rewards platform,New Delhi,Indian Angel Network,Private Equity,4.7985
1593,2016-06-10,Kickstart Jobs,Technology,Entry level hiring platform,Gurgaon,Vivek Joshi,Seed Funding,0.0
1593,2016-06-10,Kickstart Jobs,Technology,Entry level hiring platform,Gurgaon,Mohit Satyanand,Seed Funding,0.0
1593,2016-06-10,Kickstart Jobs,Technology,Entry level hiring platform,Gurgaon,Amit Banati,Seed Funding,0.0
1593,2016-06-10,Kickstart Jobs,Technology,Entry level hiring platform,Gurgaon,Arun Khanna,Seed Funding,0.0
1594,2016-06-10,Freshee,FMCG,Household packaging & Storage product manufacturer,Mumbai,Edelweiss Private Equity,Private Equity,0.0
1595,2016-06-10,MadRat Games,Technology,Wearable Gaming Platform,Bangalore,Ratan Tata,Seed Funding,0.0
1595,2016-06-10,MadRat Games,Technology,Wearable Gaming Platform,Bangalore,Bhavish Aggarwal,Seed Funding,0.0
1595,2016-06-10,MadRat Games,Technology,Wearable Gaming Platform,Bangalore,Ankit Bhati,Seed Funding,0.0
1595,2016-06-10,MadRat Games,Technology,Wearable Gaming Platform,Bangalore,Binny Bansal,Seed Funding,0.0
1595,2016-06-10,MadRat Games,Technology,Wearable Gaming Platform,Bangalore,Girish Mathrubootham,Seed Funding,0.0
1596,2016-06-11,Jazzmyride,eCommerce,Auto Parts & Accessories eTailer,New Delhi,TVS Automobile Solutions Ltd,Private Equity,0.0
1597,2016-06-11,AutoSense,Technology,Data Analytics based Customer Management Services,New Delhi,TVS Automobile Solutions Ltd,Private Equity,0.0
1598,2016-06-11,Redsun Telematics,Consumer Internet,Internet of Things Platform,Chennai,TVS Automobile Solutions Ltd,Private Equity,0.0
1599,2016-06-13,KhanaGadi,Consumer Internet,Online Food Delivery for Train Travelers,Jaipur,50K Ventures,Seed Funding,0.0
1600,2016-06-13,Bombay Shirt Company,eCommerce,Online custom Shirt retailer,Mumbai,undisclosed investor,Private Equity,9.597
1601,2016-06-13,Matrubharti,Consumer Internet,e-Book Publisher,Undiscolsed,Viridian Capital,Seed Funding,0.28791
1602,2016-06-14,EdTechReview,Consumer Internet,Education based online portal,New Delhi,EVC Ventures,Seed Funding,0.0
1603,2016-06-14,Bonhomia,Food & Beverage,Premium Tea & Coffee Capsules maker,New Delhi,Valpro Capital and existing investors,Private Equity,0.0
1604,2016-06-14,Gobolt,Logistics,B2B Logistics provider,New Delhi,MCube8,Seed Funding,0.0
1605,2016-06-14,Jivox,Technology,Data Driven Advertising platform,Bangalore,You & Mr Jones,Private Equity,57.582
1605,2016-06-14,Jivox,Technology,Data Driven Advertising platform,Bangalore,Fortisure Ventures,Private Equity,57.582
1605,2016-06-14,Jivox,Technology,Data Driven Advertising platform,Bangalore,Diaz Nesamoney,Private Equity,57.582
1606,2016-06-14,Sminq,Consumer Internet,Queue management Mobile app,Pune,Saama Capital,Seed Funding,9.597
1606,2016-06-14,Sminq,Consumer Internet,Queue management Mobile app,Pune,Blume Ventures & Vaibhav Domkundwar,Seed Funding,9.597
1607,2016-06-14,CureJoy,Consumer Internet,Online Alternative health community platform,Bangalore,Accel Partners India,Private Equity,42.2268
1608,2016-06-15,Oneway.cab,Consumer Internet,Taxi Rental Platform,Vadodara,Indian Angel Network,Seed Funding,4.31865
1609,2016-06-15,GrabOnRent,eCommerce,On-demand product rental marketplace,Bangalore,IvyCap Ventures and Unicorn India Ventures,Private Equity,0.0
1610,2016-06-16,Diro Labs,Consumer Internet,Contact Management Mobile App,New Delhi,Info Edge (India) Ltd,Private Equity,4.31865
1611,2016-06-16,Unnati Helpers,Consumer Internet,Help Hiring Platform,Gurgaon,Info Edge (India) Ltd,Private Equity,5.7582
1612,2016-06-16,Athletto,Consumer Internet,Sports Venue discovery and booking platform,Bangalore,Atul Ingle,Seed Funding,0.0
1613,2016-06-16,Saavn,Consumer Internet,Web/Mobile Music Streaming service,USA,Guy Oseary,Private Equity,0.0
1614,2016-06-16,Voonik,eCommerce,Online Women\\xe2\\x80\\x99s Fashion Marketplace,Bangalore,Sequoia Capital,Private Equity,191.94
1615,2016-06-16,ThinkPhi,Technology,Sustainable Green Tech Solution developer,Mumbai,Nimmagadda Prasad,Seed Funding,0.0
1616,2016-06-17,Cleartax,Consumer Internet,Online Tax Filing Platform,New Delhi,Ravi Adusumalli,Private Equity,115.164
1616,2016-06-17,Cleartax,Consumer Internet,Online Tax Filing Platform,New Delhi,SAIF Partners,Private Equity,115.164
1617,2016-06-17,Silvan Innovation Labs,Technology,Home Automation Solutions,Bangalore,Infuse Ventures,Private Equity,8.6373
1618,2016-06-17,GreytHR,Technology,Payroll & HR Software Developer,Bangalore,New Enterprise Associates (NEA),Private Equity,49.9044
1618,2016-06-17,GreytHR,Technology,Payroll & HR Software Developer,Bangalore,Blume Ventures,Private Equity,49.9044
1619,2016-06-17,Duffl,eCommerce,Fashion Rental Marketplace,Bangalore,BetOnIndia Technology Pvt Ltd,Seed Funding,0.0
1620,2016-06-17,BYG,Consumer Internet,Fitness centre Discovery & Booking Mobile app,Bangalore,Sanjay Verma,Seed Funding,0.0
1620,2016-06-17,BYG,Consumer Internet,Fitness centre Discovery & Booking Mobile app,Bangalore,Amit Khanna (LetsVenture),Seed Funding,0.0
1621,2016-06-20,Dipper,eCommerce,Freight Logistics Marketplace,New Delhi,Undisclosed investor,Seed Funding,0.0
1622,2016-06-20,Qonfuse,Consumer Internet,Online Test Papers for competitive exams,New Delhi,Hamraj Kumar,Seed Funding,0.0
1623,2016-06-20,The Indian IRIS,Consumer Internet,Govt Policy Research & Information portal,Ahmedabad,Timbru Ventures,Seed Funding,0.0
1624,2016-06-21,Onspoon,Consumer Internet,Online Platform for Event Sponsorship,Mumbai,Swan Angel Network,Seed Funding,1.43955
1625,2016-06-21,REstate,Consumer Internet,Real Estate Platform,Bangalore,Idein Ventures,Seed Funding,0.0
1626,2016-06-21,Cleartrip,Consumer Internet,Online Travel Agency,Mumbai,Concur Technologies,Private Equity,0.0
1626,2016-06-21,Cleartrip,Consumer Internet,Online Travel Agency,Mumbai,Gund Investment,Private Equity,0.0
1627,2016-06-21,ProcMart,Consumer Internet,Online Procurement Marketplace,Noida,IndiaMart,Private Equity,0.0
1628,2016-06-21,Celerix,Technology,Fintech Product Development & Services Startup,Bangalore,Bitkemy Ventures,Seed Funding,3.8388
1629,2016-06-21,NatureNama,Consumer Internet,Online Outdoors & travel,Mumbai,Unicorn Venture,Seed Funding,2.159325
1630,2016-06-21,CyclopsMedtech,Technology,Medical Technology Provider,Bangalore,CP Bothra,Seed Funding,0.0
1631,2016-06-21,Syona Cosmetics,FMCG,Beauty Products & Training to Salons & Spas,Chennai,The Chennai Angels,Seed Funding,1.43955
1632,2016-06-21,PrettySecrets,eCommerce,Women Lingerie Store,Mumbai,RB Investments PTE Ltd,Private Equity,57.582
1632,2016-06-21,PrettySecrets,eCommerce,Women Lingerie Store,Mumbai,Orios Venture Partners,Private Equity,57.582
1633,2016-06-22,SpiderG,Consumer Internet,Online invoice app for SMEs,Pune,Rahul Kirloskar,Seed Funding,1.43955
1633,2016-06-22,SpiderG,Consumer Internet,Online invoice app for SMEs,Pune,Fusion Tech Ventures,Seed Funding,1.43955
1633,2016-06-22,SpiderG,Consumer Internet,Online invoice app for SMEs,Pune,Adi Saravanan,Seed Funding,1.43955
1633,2016-06-22,SpiderG,Consumer Internet,Online invoice app for SMEs,Pune,Pravin Dongre,Seed Funding,1.43955
1633,2016-06-22,SpiderG,Consumer Internet,Online invoice app for SMEs,Pune,Mahendra Doshi,Seed Funding,1.43955
1634,2016-06-23,FarEye,Technology,Logistics Management Software,New Delhi,Saif Partners,Private Equity,33.5895
1635,2016-06-23,The Uolo,Consumer Internet,School Parent Communication App,Bangalore,Purvi Ventures,Seed Funding,2.01537
1635,2016-06-23,The Uolo,Consumer Internet,School Parent Communication App,Bangalore,Rajul Garg,Seed Funding,2.01537
1635,2016-06-23,The Uolo,Consumer Internet,School Parent Communication App,Bangalore,Vipin Arora,Seed Funding,2.01537
1636,2016-06-23,Staqu,Technology,Artificial Intelligence based search platform,Gurgaon,Indian Angel Network,Seed Funding,0.0
1637,2016-06-23,Padhopadhao,Consumer Internet,Home Tutors search & Discovery,New Delhi,Rise India,Private Equity,0.0
1638,2016-06-24,Drivify,Consumer Internet,Professional Driver discovery & Booking Mobile app,Mumbai,Jitendra Gupta,Seed Funding,0.47985
1638,2016-06-24,Drivify,Consumer Internet,Professional Driver discovery & Booking Mobile app,Mumbai,Pankaj Tripathi,Seed Funding,0.47985
1639,2016-06-24,PratiLipi,Consumer Internet,Multi-Lingual self-publishing platform,Bangalore,Nexus Venture Partners,Seed Funding,0.0
1640,2016-06-24,ParaBlu,Technology,Cloud Data Security & Privacy Solutions,Bangalore,Kalaari Capital,Seed Funding,4.7985
1641,2016-06-24,Schedulers Logistics,Logistics,Cold Storage Logistics solutions,Mumbai,GVFL,Private Equity,57.582
1642,2016-06-24,LEAP India,Others,Supply Chain Equipment & Services provider,Mumbai,Mayfield Ventures,Private Equity,28.791
1643,2016-06-24,KabadiExpress,Others,Free Door Step Scrap Pickup Service,New Delhi,Undisclosed investor,Seed Funding,1.420356
1644,2016-06-27,YourDost,Consumer Internet,Online counselling & Personal coaching platform,Bangalore,SAIF Partners,Seed Funding,11.5164
1644,2016-06-27,YourDost,Consumer Internet,Online counselling & Personal coaching platform,Bangalore,Aprameya Radhakrishnan,Seed Funding,11.5164
1644,2016-06-27,YourDost,Consumer Internet,Online counselling & Personal coaching platform,Bangalore,Phanindra Sama,Seed Funding,11.5164
1644,2016-06-27,YourDost,Consumer Internet,Online counselling & Personal coaching platform,Bangalore,Subba Rao Telidevara,Seed Funding,11.5164
1644,2016-06-27,YourDost,Consumer Internet,Online counselling & Personal coaching platform,Bangalore,Vibhu Garg,Seed Funding,11.5164
1644,2016-06-27,YourDost,Consumer Internet,Online counselling & Personal coaching platform,Bangalore,Paula Ravindra Mariwala,Seed Funding,11.5164
1644,2016-06-27,YourDost,Consumer Internet,Online counselling & Personal coaching platform,Bangalore,Gaurav Bhalotia,Seed Funding,11.5164
1645,2016-06-27,Gomalon,Consumer Internet,Online Spa & Salon discovery & Booking platform,Bangalore,Undisclosed investor,Seed Funding,0.9597
1646,2016-06-27,Voler Cars,Consumer Internet,Self-Driven Car rental platform,New Delhi,Kanodia family,Seed Funding,0.0
1646,2016-06-27,Voler Cars,Consumer Internet,Self-Driven Car rental platform,New Delhi,Amit Banka,Seed Funding,0.0
1647,2016-06-27,Travelyaari,Consumer Internet,Online ticket booking platform,Bangalore,GVFL Ltd,Private Equity,28.791
1648,2016-06-28,FabHotels,Consumer Internet,Online Hotel aggregator & Booking platform,Gurgaon,Accel Partners,Private Equity,76.776
1648,2016-06-28,FabHotels,Consumer Internet,Online Hotel aggregator & Booking platform,Gurgaon,RB Investments,Private Equity,76.776
1649,2016-06-28,Locanix,Technology,GPS based SaaS Solutions,Ahmedabad,Undisclosed investors,Seed Funding,2.8791
1650,2016-06-28,LendingKart,Consumer Internet,Online Working Capital Business Loans Platform,Ahmedabad,Bertelsmann India Investments,Private Equity,307.104
1650,2016-06-28,LendingKart,Consumer Internet,Online Working Capital Business Loans Platform,Ahmedabad,Mayfield India,Private Equity,307.104
1650,2016-06-28,LendingKart,Consumer Internet,Online Working Capital Business Loans Platform,Ahmedabad,Saama Capital,Private Equity,307.104
1650,2016-06-28,LendingKart,Consumer Internet,Online Working Capital Business Loans Platform,Ahmedabad,India Quotient,Private Equity,307.104
1651,2016-06-28,Hello Tax,Consumer Internet,Online Tax Filing Platform,New Delhi,Sanjeev Sinha,Seed Funding,2.831115
1652,2016-06-28,MySuperBrain,Consumer Internet,Online Talent Discovery Platform for Kids,Hyderabad,Soniks Consulting,Seed Funding,0.0
1653,2016-06-28,BlogBeats,Consumer Internet,Online Blogging Platform,Bangalore,Undisclosed Investor,Seed Funding,0.0
1654,2016-06-29,LetReach,eCommerce,ECommerce SAAS Solutions,New Delhi,vCommission,Private Equity,0.9597
1655,2016-06-29,TrendieApp,Technology,Visual Content Marketing,Kolkata,Harsh Vardhan Hada,Seed Funding,0.47985
1656,2016-06-29,ImpactGuru,Consumer Internet,Crowdfunding Platform,Mumbai,Piyush Jain,Seed Funding,0.0
1657,2016-06-29,Velvetcase,eCommerce,Online designer jewellery marketplace,Mumbai,Uniqorn Ventures Fund,Private Equity,14.3955
1657,2016-06-29,Velvetcase,eCommerce,Online designer jewellery marketplace,Mumbai,TV Mohandas Pai,Private Equity,14.3955
1657,2016-06-29,Velvetcase,eCommerce,Online designer jewellery marketplace,Mumbai,S Somasegar,Private Equity,14.3955
1658,2016-06-30,Meru Cabs,Consumer Internet,Online/ Mobile Tax Cab booking,Mumbai,Brand Capital,Private Equity,239.925
1659,2016-06-30,Campus Diaries,Consumer Internet,Student focussed Content Discovery portal,Bangalore,Aarin Capital,Seed Funding,2.11134
1660,2016-06-30,Scripbox,Consumer Internet,Online Mutual Fund Investment platform,Bangalore,Omidyar Network,Private Equity,0.0
1660,2016-06-30,Scripbox,Consumer Internet,Online Mutual Fund Investment platform,Bangalore,Accel Partners & existing investors,Private Equity,0.0
1661,2016-06-30,Biryani Blues,Food & Beverage,QSR Chain,Gurgaon,Carpediem Capital & Others,Private Equity,3.531696
1662,2016-05-01,MotoMojo,Consumer Internet,Mobile based Vehicle maintenance App,Mumbai,Niloufer Dundh,Seed Funding,0.0
1662,2016-05-01,MotoMojo,Consumer Internet,Mobile based Vehicle maintenance App,Mumbai,Fauzan Rahim,Seed Funding,0.0
1662,2016-05-01,MotoMojo,Consumer Internet,Mobile based Vehicle maintenance App,Mumbai,Balamurugan Mani,Seed Funding,0.0
1662,2016-05-01,MotoMojo,Consumer Internet,Mobile based Vehicle maintenance App,Mumbai,,Seed Funding,0.0
1663,2016-05-01,Get My Parking,Technology,Parking Technology Platform,New Delhi,The Chennai Angels,Seed Funding,3.608472
1664,2016-05-01,Prescribez,Consumer Internet,Health Service Aggregator Platform,Pune,Ankush Mehta,Seed Funding,1.391565
1665,2016-05-02,Airwood,Technology,Agri Data & Analytics Platform,Chennai,StartupXseed Ventures,Seed Funding,0.0
1666,2016-05-03,Mobikwik,Consumer Internet,Mobile & Digital Wallet,Gurgaon,GMO Payment Gateway,Private Equity,479.85
1666,2016-05-03,Mobikwik,Consumer Internet,Mobile & Digital Wallet,Gurgaon,MediaTek,Private Equity,479.85
1667,2016-05-03,iDreamCareer,Consumer Internet,Career Planning Services Portal,New Delhi,Brand Capital,Private Equity,0.0
1668,2016-05-03,Zwayam,Consumer Internet,Online Recruitment Platform,Bangalore,Undisclosed investors,Seed Funding,2.39925
1669,2016-05-03,BoiBanit,Consumer Internet,Online Food Delivery platform,Vadodara,Undisclosed investors,Seed Funding,0.0
1670,2016-05-03,Zuver,Consumer Internet,Car driver Discovery App,Mumbai,Shruth & Smith Group,Seed Funding,1.72746
1670,2016-05-03,Zuver,Consumer Internet,Car driver Discovery App,Mumbai,Hermes Group,Seed Funding,1.72746
1671,2016-05-03,Prepathon,Education,Competitive Exam learning platform,Mumbai,Blume Ventures,Private Equity,0.0
1672,2016-05-04,EasyRoads,Consumer Internet,Road Trip planning Mobile app,Mumbai,Rohan Angrish,Seed Funding,1.9194
1672,2016-05-04,EasyRoads,Consumer Internet,Road Trip planning Mobile app,Mumbai,Hrishi Oberoi,Seed Funding,1.9194
1672,2016-05-04,EasyRoads,Consumer Internet,Road Trip planning Mobile app,Mumbai,Rahul Mehta,Seed Funding,1.9194
1672,2016-05-04,EasyRoads,Consumer Internet,Road Trip planning Mobile app,Mumbai,Kapil Hetamsaria,Seed Funding,1.9194
1672,2016-05-04,EasyRoads,Consumer Internet,Road Trip planning Mobile app,Mumbai,Pranav Dedhia,Seed Funding,1.9194
1673,2016-05-04,Lenskart,eCommerce,Eyewear & Accessories etailer,New Delhi,International Finance Corp,Private Equity,575.82
1673,2016-05-04,Lenskart,eCommerce,Eyewear & Accessories etailer,New Delhi,TPG Growth,Private Equity,575.82
1673,2016-05-04,Lenskart,eCommerce,Eyewear & Accessories etailer,New Delhi,Adveq Management,Private Equity,575.82
1673,2016-05-04,Lenskart,eCommerce,Eyewear & Accessories etailer,New Delhi,IDG Ventures,Private Equity,575.82
1673,2016-05-04,Lenskart,eCommerce,Eyewear & Accessories etailer,New Delhi,Ratan Tata,Private Equity,575.82
1673,2016-05-04,Lenskart,eCommerce,Eyewear & Accessories etailer,New Delhi,Kris Gopalakrishnan,Private Equity,575.82
1674,2016-05-04,Seclore,Technology,Enterprise Security Technology platform,Mumbai,Sistema Asia Fund,Private Equity,115.164
1674,2016-05-04,Seclore,Technology,Enterprise Security Technology platform,Mumbai,Helion Venture,Private Equity,115.164
1674,2016-05-04,Seclore,Technology,Enterprise Security Technology platform,Mumbai,VentureEast,Private Equity,115.164
1674,2016-05-04,Seclore,Technology,Enterprise Security Technology platform,Mumbai,India Alternatives,Private Equity,115.164
1675,2016-05-04,SolarTown,Technology,Solar Rooftop system installation company,Chennai,Grex.in,Seed Funding,1.9194
1676,2016-05-04,Comarete,Technology,Telecom & Media IT services company,Pune,Grex.in,Seed Funding,1.9194
1677,2016-05-04,MyDentistChoice,eCommerce,Medical Supplies eTailer,Hyderabad,Undisclosed investors,Seed Funding,1.43955
1678,2016-05-04,Active.ai,Technology,Intelligent Tech platform for Finance vertical,Singapore,Kalaari Capital Accelerator Program,Seed Funding,4.7985
1679,2016-05-04,Affordplan,Technology,Affordable non-emergency medical service health plans,New Delhi,Kalaari Capital Accelerator Program,Seed Funding,4.7985
1680,2016-05-04,Indee,Consumer Internet,Web Video Streaming Platform,Bangalore,Kalaari Capital Accelerator Program,Seed Funding,4.7985
1681,2016-05-05,Unbxd,Technology,eCommerce product discovery software,New Delhi,IDG Ventures,Private Equity,0.0
1681,2016-05-05,Unbxd,Technology,eCommerce product discovery software,New Delhi,Inventus Capital,Private Equity,0.0
1681,2016-05-05,Unbxd,Technology,eCommerce product discovery software,New Delhi,Indian Angel Network,Private Equity,0.0
1682,2016-05-05,WebAlligator,Consumer Internet,Cloud Based Software Solutions,Bangalore,Group of undisclosed Angel Investors & HNIs,Seed Funding,3.598875
1683,2016-05-06,EduAce Services,Education,Education Workshops & mentoring programs,Lucknow,MoMagic Technologies,Private Equity,9.597
1684,2016-05-06,Meesho,eCommerce,Social commerce platform,Bangalore,Rajul Garg & Others,Seed Funding,0.0
1685,2016-05-07,Zebroads,Logistics,Logistics and Warehousing services,Hyderabad,Undisclosed investors,Seed Funding,0.719775
1686,2016-05-09,Locus,Technology,Logistics Intelligence platform,Bangalore,Exfinity Venture Partners,Private Equity,26.39175
1686,2016-05-09,Locus,Technology,Logistics Intelligence platform,Bangalore,Blume Ventures,Private Equity,26.39175
1686,2016-05-09,Locus,Technology,Logistics Intelligence platform,Bangalore,BeeNext,Private Equity,26.39175
1686,2016-05-09,Locus,Technology,Logistics Intelligence platform,Bangalore,Rajesh Ranavat,Private Equity,26.39175
1687,2016-05-09,Toko Innovations,Consumer Internet,Children\\xe2\\x80\\x99s Entertainment Portal,Bangalore,Roopak Saluja,Seed Funding,4.31865
1687,2016-05-09,Toko Innovations,Consumer Internet,Children\\xe2\\x80\\x99s Entertainment Portal,Bangalore,Vishal Khare,Seed Funding,4.31865
1688,2016-05-09,Rentickle,eCommerce,"Furniture, appliances Portal",New Delhi,Manish Kheterpal,Seed Funding,2.39925
1688,2016-05-09,Rentickle,eCommerce,"Furniture, appliances Portal",New Delhi,Vinay Mittal,Seed Funding,2.39925
1688,2016-05-09,Rentickle,eCommerce,"Furniture, appliances Portal",New Delhi,Dinesh Mittal,Seed Funding,2.39925
1688,2016-05-09,Rentickle,eCommerce,"Furniture, appliances Portal",New Delhi,Sandeep Gupta,Seed Funding,2.39925
1689,2016-05-10,HealthifyMe,Consumer Internet,Health & Fitness App,Bangalore,IDG Ventures India,Private Equity,57.582
1689,2016-05-10,HealthifyMe,Consumer Internet,Health & Fitness App,Bangalore,Inventus Capital,Private Equity,57.582
1689,2016-05-10,HealthifyMe,Consumer Internet,Health & Fitness App,Bangalore,Blume Ventures,Private Equity,57.582
1690,2016-05-10,Zarget,Consumer Internet,Conversion Rate Optimization Platform,Chennai,Accel Partners,Private Equity,14.3955
1690,2016-05-10,Zarget,Consumer Internet,Conversion Rate Optimization Platform,Chennai,Matrix Partners,Private Equity,14.3955
1690,2016-05-10,Zarget,Consumer Internet,Conversion Rate Optimization Platform,Chennai,Girish Mathrubootham,Private Equity,14.3955
1691,2016-05-10,InnoNano Research,Technology,Clean Water Technology,Chennai,NanoHoldings,Private Equity,172.746
1692,2016-05-10,SchoolWear,eCommerce,School Uniform & Supplies Marketplace,Mumbai,Undisclosed investors,Seed Funding,14.3955
1693,2016-05-10,Swiggy,Consumer Internet,Food Delivery Platform,Bangalore,Norwest Venture Partners,Private Equity,67.179
1693,2016-05-10,Swiggy,Consumer Internet,Food Delivery Platform,Bangalore,DST Global,Private Equity,67.179
1693,2016-05-10,Swiggy,Consumer Internet,Food Delivery Platform,Bangalore,Accel Partners,Private Equity,67.179
1694,2016-05-11,Zenify,Consumer Internet,Home rental Discovery & Booking Portal,Bangalore,Undisclosed Investors,Private Equity,8.6373
1695,2016-05-11,Faircent,Consumer Internet,Online Peer to Peer Lending platform,Gurgaon,JM Financial Products Ltd,Private Equity,0.0
1695,2016-05-11,Faircent,Consumer Internet,Online Peer to Peer Lending platform,Gurgaon,Arun Tadanki,Private Equity,0.0
1695,2016-05-11,Faircent,Consumer Internet,Online Peer to Peer Lending platform,Gurgaon,Doreswamy Nandkishore,Private Equity,0.0
1695,2016-05-11,Faircent,Consumer Internet,Online Peer to Peer Lending platform,Gurgaon,Kshitij Jain,Private Equity,0.0
1696,2016-05-11,Fractal Analytics,Technology,Data Analytics Company,Mumbai,Khazanah Nasional Berhad,Private Equity,959.7
1697,2016-05-12,Unacademy,Consumer Internet,Free Online Education Platform,Bangalore,Blume Ventures,Seed Funding,4.7985
1697,2016-05-12,Unacademy,Consumer Internet,Free Online Education Platform,Bangalore,Rajan Anandan,Seed Funding,4.7985
1697,2016-05-12,Unacademy,Consumer Internet,Free Online Education Platform,Bangalore,Sumit Jain,Seed Funding,4.7985
1697,2016-05-12,Unacademy,Consumer Internet,Free Online Education Platform,Bangalore,Aprameya Radhakrishna,Seed Funding,4.7985
1697,2016-05-12,Unacademy,Consumer Internet,Free Online Education Platform,Bangalore,Sujeet Kumar,Seed Funding,4.7985
1697,2016-05-12,Unacademy,Consumer Internet,Free Online Education Platform,Bangalore,Phanindra Sama,Seed Funding,4.7985
1698,2016-05-12,Capital Float,Consumer Internet,Online Lending Platform,Bangalore,Creation Investments Capital Management,Private Equity,239.925
1698,2016-05-12,Capital Float,Consumer Internet,Online Lending Platform,Bangalore,SAIF Partners,Private Equity,239.925
1698,2016-05-12,Capital Float,Consumer Internet,Online Lending Platform,Bangalore,Sequoia Capital,Private Equity,239.925
1698,2016-05-12,Capital Float,Consumer Internet,Online Lending Platform,Bangalore,Aspada Ventures,Private Equity,239.925
1699,2016-05-12,Life Circle,Healthcare,Senior Healthcare Services,Hyderabad,GROUPE SOS,Private Equity,1.43955
1700,2016-05-12,Dream Wallets,Consumer Internet,Online Crowdfunding platform,Jaipur,Rakesh Gupta,Seed Funding,0.0
1700,2016-05-12,Dream Wallets,Consumer Internet,Online Crowdfunding platform,Jaipur,Aditya Aggarwal,Seed Funding,0.0
1700,2016-05-12,Dream Wallets,Consumer Internet,Online Crowdfunding platform,Jaipur,Siddharth Banerjee,Seed Funding,0.0
1700,2016-05-12,Dream Wallets,Consumer Internet,Online Crowdfunding platform,Jaipur,Vikas Ranjan,Seed Funding,0.0
1700,2016-05-12,Dream Wallets,Consumer Internet,Online Crowdfunding platform,Jaipur,Anshul Jindal,Seed Funding,0.0
1700,2016-05-12,Dream Wallets,Consumer Internet,Online Crowdfunding platform,Jaipur,Sunil Koul,Seed Funding,0.0
1700,2016-05-12,Dream Wallets,Consumer Internet,Online Crowdfunding platform,Jaipur,and Sanjeev Agrawal,Seed Funding,0.0
1701,2016-05-12,ShabdNagari,Consumer Internet,Hindi social networking portal,Kanpur,ah! Ventures,Seed Funding,0.0
1702,2016-05-12,Galleri5,Consumer Internet,Visual Content Discovery platform,Bangalore,Phanindra Sama,Seed Funding,0.0
1702,2016-05-12,Galleri5,Consumer Internet,Visual Content Discovery platform,Bangalore,Raghunandan G,Seed Funding,0.0
1702,2016-05-12,Galleri5,Consumer Internet,Visual Content Discovery platform,Bangalore,,Seed Funding,0.0
1703,2016-05-12,Derbii,Logistics,Carpooling Services,Gurgaon,Anurag Chauhan,Seed Funding,0.0
1704,2016-05-13,StayZilla,Consumer Internet,Budget Room Aggregator Booking platform,Chennai,Matrix Partners,Private Equity,129.5595
1704,2016-05-13,StayZilla,Consumer Internet,Budget Room Aggregator Booking platform,Chennai,Nexus Ventures,Private Equity,129.5595
1705,2016-05-13,WoW Express,Logistics,E-Commerce Logistics Solutions,Mumbai,Undisclosed Investors & Tamarind Family Private Trust,Private Equity,21.1134
1706,2016-05-16,Smartivity,eCommerce,Smart Learning products,Delhi,S Chand,Private Equity,9.597
1706,2016-05-16,Smartivity,eCommerce,Smart Learning products,Delhi,AdvantEdge Partners,Private Equity,9.597
1707,2016-05-16,BedBathMore,Consumer Internet,Home Decor eMarketplace,Mumbai,Kinnevik Group,Private Equity,0.0
1707,2016-05-16,BedBathMore,Consumer Internet,Home Decor eMarketplace,Mumbai,Rocket Internet,Private Equity,0.0
1708,2016-05-17,Murgency,Consumer Internet,Medical Emergency Response App,Mumbai,Rata Tata,Private Equity,0.0
1709,2016-05-17,Crownit,Consumer Internet,Mobile customer rewards management platform,Gurgaon,Undisclosed investors,Private Equity,0.0
1709,2016-05-17,Crownit,Consumer Internet,Mobile customer rewards management platform,Gurgaon,Accel Partners,Private Equity,0.0
1709,2016-05-17,Crownit,Consumer Internet,Mobile customer rewards management platform,Gurgaon,Helion Venture Partners,Private Equity,0.0
1710,2016-05-17,Blinge,eCommerce,Apparel Rental platform,Mumbai,Anupam Mittal,Seed Funding,0.0
1710,2016-05-17,Blinge,eCommerce,Apparel Rental platform,Mumbai,Anuj Srivastava,Seed Funding,0.0
1710,2016-05-17,Blinge,eCommerce,Apparel Rental platform,Mumbai,Ankit Nagori,Seed Funding,0.0
1711,2016-05-18,TheSmartQ,Consumer Internet,Food Ordering Mobile App,Bangalore,YourNest Angel Fund,Seed Funding,2.39925
1712,2016-05-18,PurpleHealth,Consumer Internet,Online health-on-demand platform,Trivandrum,Katabole Technology Venture,Seed Funding,0.9597
1713,2016-05-18,Fundamentor,Education,Aptitude Development Program,Pune,Subramanya SV,Seed Funding,0.0
1714,2016-05-18,EduPristine,Education,Online Certification Courses,Mumbai,Kaizen Management Advisors,Private Equity,95.97
1714,2016-05-18,EduPristine,Education,Online Certification Courses,Mumbai,DeVry Inc,Private Equity,95.97
1715,2016-05-18,BhiveWorkspace,Reality,Co-Working Spaces,Bangalore,Blume Ventures,Private Equity,9.597
1716,2016-05-18,Parentlane,Consumer Internet,Parenting & Child Care app,Bangalore,Sujeet Kumar,Seed Funding,0.0
1716,2016-05-18,Parentlane,Consumer Internet,Parenting & Child Care app,Bangalore,Aprameya,Seed Funding,0.0
1716,2016-05-18,Parentlane,Consumer Internet,Parenting & Child Care app,Bangalore,Sumit Jain,Seed Funding,0.0
1716,2016-05-18,Parentlane,Consumer Internet,Parenting & Child Care app,Bangalore,Subramanya Venkat,Seed Funding,0.0
1716,2016-05-18,Parentlane,Consumer Internet,Parenting & Child Care app,Bangalore,Venk,Seed Funding,0.0
1716,2016-05-18,Parentlane,Consumer Internet,Parenting & Child Care app,Bangalore,Ravi Machani,Seed Funding,0.0
1716,2016-05-18,Parentlane,Consumer Internet,Parenting & Child Care app,Bangalore,Hitesh Gupta,Seed Funding,0.0
1716,2016-05-18,Parentlane,Consumer Internet,Parenting & Child Care app,Bangalore,Rohit Choudhary,Seed Funding,0.0
1717,2016-05-19,Appie,Consumer Internet,Location-based offline retail discovery platform,Mumbai,Undisclosed investors,Seed Funding,9.597
1718,2016-05-19,Niki.ai,Technology,Artificial Intelligence Platform,Bangalore,Ratan Tata,Private Equity,0.0
1719,2016-05-19,TaxiVaxi,Consumer Internet,Cab Aggregating Platform,New Delhi,Undisclosed HNIs,Seed Funding,4.7985
1720,2016-05-19,Veqta,Consumer Internet,On Demand Digital Sports Network,New Delhi,Chatsworth Management,Seed Funding,4.7985
1720,2016-05-19,Veqta,Consumer Internet,On Demand Digital Sports Network,New Delhi,ITW Digital,Seed Funding,4.7985
1721,2016-05-20,i2ifunding,Consumer Internet,Online Peer to Peer Funding,Noida,Undisclosed Investors,Seed Funding,2.8791
1722,2016-05-23,EduRev,Consumer Internet,Online Learning Platform,Gurgaon,Pradeep Reddy Kamasan,Seed Funding,0.0
1723,2016-05-23,Hoppingo,Consumer Internet,Fashion Discovery platform,New Delhi,vCommission,Seed Funding,0.854133
1724,2016-05-24,Eatonomist,Consumer Internet,Food Delivery Platform,Gurgaon,MCube Capital Advisors Pvt Ltd,Seed Funding,0.0
1725,2016-05-24,Goalwise,Consumer Internet,Online investment platform,Bangalore,Undisclosed HNIs,Seed Funding,9.597
1726,2016-05-25,Roast,Consumer Internet,Mobile entertainment App,New Delhi,Indian Angel Network,Seed Funding,0.0
1727,2016-05-25,Address Health,Healthcare,Pediatric Primary Healthcare Network,Bangalore,Gray Matters Capital,Private Equity,14.3955
1728,2016-05-25,Arcatron Mobility,Technology,Mobility Devices for differently abled,Pune,Sudhir Mehta,Seed Funding,0.9597
1729,2016-05-25,SheThePeople,Consumer Internet,Digital platform for Women,New Delhi,Anand Mahindra,Seed Funding,0.0
1730,2016-05-26,Cleartax,Consumer Internet,Online Income Tax Filing platform,Bangalore,FF Angel,Private Equity,19.194
1730,2016-05-26,Cleartax,Consumer Internet,Online Income Tax Filing platform,Bangalore,Sequoia Capital,Private Equity,19.194
1731,2016-05-26,Consure Medical,Healthcare,Medical Devices Kit manufacturer,New Delhi,Accel Partners,Private Equity,0.0
1731,2016-05-26,Consure Medical,Healthcare,Medical Devices Kit manufacturer,New Delhi,Indian Angel Network,Private Equity,0.0
1731,2016-05-26,Consure Medical,Healthcare,Medical Devices Kit manufacturer,New Delhi,India Innovation Fund India Venture Partners,Private Equity,0.0
1732,2016-05-26,mChamp,Consumer Internet,Celebrity Entertainment Contest App,New Delhi,MoMagic Technologies,Seed Funding,4.558575
1733,2016-05-27,Pianta,Consumer Internet,Online healthcare service discovery platform,Bangalore,Kunal Shah,Seed Funding,0.0
1733,2016-05-27,Pianta,Consumer Internet,Online healthcare service discovery platform,Bangalore,Sandeep Tandon,Seed Funding,0.0
1734,2016-05-30,Vahanalytics,Technology,Safe driving Analytics platform,Mumbai,Anirudh Damani,Seed Funding,1.9194
1734,2016-05-30,Vahanalytics,Technology,Safe driving Analytics platform,Mumbai,Vikram Lakhotia,Seed Funding,1.9194
1735,2016-05-31,Play Your Sport,Consumer Internet,Location based Sports & Fitness Discovery App,New Delhi,Ashish Gupta and other undisclosed investors,Seed Funding,0.0
1736,2016-05-31,Koovs,eCommerce,Apparel & Lifestyle eTailer,New Delhi,HT Media Ltd,Private Equity,42.2268
1737,2016-05-31,CCavenue,Consumer Internet,Payment Gateway,Mumbai,NSI Infinium Global Pvt. Ltd,Private Equity,85.4133
1738,2016-05-31,1mg,eCommerce,Online Pharmacy,Gurgaon,HBM Healthcare Investments,Private Equity,0.0
1739,2016-05-31,Tpot,Food & Beverage,QSR Chain,Gurgaon,Ashish Gupta,Seed Funding,0.0
1740,2016-05-31,MachaDalo,Consumer Internet,Hyperlocal Advertising Platform,Mumbai,Undisclosed Investors,Seed Funding,1.679475
1741,2016-04-01,Dil Mil,Consumer Internet,Matchmaking Mobile App,SFO / Bangalore,Nelstone Ventures,Private Equity,25.9119
1741,2016-04-01,Dil Mil,Consumer Internet,Matchmaking Mobile App,SFO / Bangalore,Transmedia Capital,Private Equity,25.9119
1741,2016-04-01,Dil Mil,Consumer Internet,Matchmaking Mobile App,SFO / Bangalore,Maiden Lane Ventures,Private Equity,25.9119
1741,2016-04-01,Dil Mil,Consumer Internet,Matchmaking Mobile App,SFO / Bangalore,CSC Upshot & Angel investors,Private Equity,25.9119
1742,2016-04-01,PicsDream,Consumer Internet,Online Marketplace for Photographers,Delhi,Raman Roy,Seed Funding,0.0
1743,2016-04-01,Process 9,Consumer Internet,online translation and transliteration,Gurgaon,Indian Angel Network,Seed Funding,0.0
1743,2016-04-01,Process 9,Consumer Internet,online translation and transliteration,Gurgaon,Alok Sharma,Seed Funding,0.0
1743,2016-04-01,Process 9,Consumer Internet,online translation and transliteration,Gurgaon,Kris Gopalakrishnan,Seed Funding,0.0
1743,2016-04-01,Process 9,Consumer Internet,online translation and transliteration,Gurgaon,Saurabh Srivastava,Seed Funding,0.0
1743,2016-04-01,Process 9,Consumer Internet,online translation and transliteration,Gurgaon,and Ajai Chowdhry,Seed Funding,0.0
1744,2016-04-04,Housing,Consumer Internet,Real Estate Portal,Mumbai,Vineet Singh,Private Equity,0.0
1745,2016-04-04,Roll Mafia,Food & Beverage,Rolls & Biryanis QSR chain,Pune,Equentia Natural Resource & Other undisclosed investors,Seed Funding,0.0
1746,2016-04-04,Hungama,Consumer Internet,Digital Media Entertainment Portal,Mumbai,Xiaomi Inc,Private Equity,239.925
1747,2016-04-04,Highway Delite,Consumer Internet,Various Highway Help Services,Bangalore,N.S. Raghavan Centre for Entrepreneurial Learning,Seed Funding,0.0
1748,2016-04-05,Cult Fitness,Healthcare,Healthcare training programs,Bangalore,Mukesh Bansal,Seed Funding,0.0
1749,2016-04-05,Haptik,Technology,Personal Assistant App,Mumbai,Times Internet Ltd,Private Equity,0.0
1750,2016-04-05,Servify,Consumer Internet,Gadget & Appliances Service App,Mumbai,Blume Ventures,Private Equity,0.0
1750,2016-04-05,Servify,Consumer Internet,Gadget & Appliances Service App,Mumbai,Barkawi Holdings GmbH,Private Equity,0.0
1750,2016-04-05,Servify,Consumer Internet,Gadget & Appliances Service App,Mumbai,TM Service Technology Holdings GmbH,Private Equity,0.0
1751,2016-04-06,Shipsy,Logistics,Logistics Solutions,Gurgaon,DTDC Express Ltd,Private Equity,9.597
1752,2016-04-06,gear6,Consumer Internet,Online bike service and repairs platform,Bangalore,Ninestarter,Seed Funding,4.7985
1753,2016-04-06,MyGlamm,Consumer Internet,Mobile based on-demand Beauty Services platform,Mumbai,LOccitane,Private Equity,57.582
1754,2016-04-06,Petoo,Consumer Internet,Online Food Delivery Platform,Bangalore,Axilor Ventures,Private Equity,9.597
1755,2016-04-07,Truly Social,Consumer Internet,Mobile Gaming Studio,London,Nazara Technologies Pvt Ltd,Private Equity,0.0
1756,2016-04-08,Little Black Book,Consumer Internet,"Curated Food, event & Lifestyle guide",New Delhi,IDG,Seed Funding,0.0
1756,2016-04-08,Little Black Book,Consumer Internet,"Curated Food, event & Lifestyle guide",New Delhi,Indian Angel Network,Seed Funding,0.0
1757,2016-04-08,Vahan,Education,Mobile Education Platform,Chennai,Villgro,Seed Funding,0.0
1758,2016-04-08,imedilane,Consumer Internet,Online Health Diagnosis platform,New Delhi,Mahendra Patel,Seed Funding,0.38388
1758,2016-04-08,imedilane,Consumer Internet,Online Health Diagnosis platform,New Delhi,Nilender Chauhan,Seed Funding,0.38388
1759,2016-04-11,Living Local,Consumer Internet,Social discovery platform,Mumbai,Rattan Chadha,Seed Funding,1.9194
1760,2016-04-11,Vegfru,eCommerce,Online Fruit & Vegetable Marketplace,New Delhi,Wingify,Seed Funding,0.0
1761,2016-04-11,Oyo,Consumer Internet,Online Branded Budget Room Booking Service,New Delhi,Softbank,Private Equity,959.7
1761,2016-04-11,Oyo,Consumer Internet,Online Branded Budget Room Booking Service,New Delhi,Sequoia Capital,Private Equity,959.7
1761,2016-04-11,Oyo,Consumer Internet,Online Branded Budget Room Booking Service,New Delhi,Lightspeed Venture Partners,Private Equity,959.7
1761,2016-04-11,Oyo,Consumer Internet,Online Branded Budget Room Booking Service,New Delhi,Greenoaks Capital,Private Equity,959.7
1761,2016-04-11,Oyo,Consumer Internet,Online Branded Budget Room Booking Service,New Delhi,DSG Consumer Partners and Venture Nursery,Private Equity,959.7
1762,2016-04-11,PriceRaja,Consumer Internet,Price Comparison Portal,Gurgaon,Prashant Puri,Seed Funding,2.8791
1763,2016-04-12,MagicX,Consumer Internet,On-Demand Task Management App,Bangalore,Kris Gopalakrishnan,Seed Funding,9.597
1763,2016-04-12,MagicX,Consumer Internet,On-Demand Task Management App,Bangalore,Dr. Ranjan Pai,Seed Funding,9.597
1764,2016-04-12,Happydemic,Consumer Internet,Artist Discovery & Booking platform,Mumbai,Shaan,Seed Funding,0.0
1765,2016-04-12,LenDenClub,Finance,Peer-to-Peer Lending Platform,Mumbai,Anirudh Damani,Seed Funding,0.0
1765,2016-04-12,LenDenClub,Finance,Peer-to-Peer Lending Platform,Mumbai,Daud Ali,Seed Funding,0.0
1765,2016-04-12,LenDenClub,Finance,Peer-to-Peer Lending Platform,Mumbai,Narendra Karnavat,Seed Funding,0.0
1765,2016-04-12,LenDenClub,Finance,Peer-to-Peer Lending Platform,Mumbai,Vikas Kapoor,Seed Funding,0.0
1765,2016-04-12,LenDenClub,Finance,Peer-to-Peer Lending Platform,Mumbai,Vikram Lakhotia,Seed Funding,0.0
1765,2016-04-12,LenDenClub,Finance,Peer-to-Peer Lending Platform,Mumbai,Krishna Jhunjhunwaala,Seed Funding,0.0
1765,2016-04-12,LenDenClub,Finance,Peer-to-Peer Lending Platform,Mumbai,Jayesh Shah,Seed Funding,0.0
1766,2016-04-12,Indi.com,Consumer Internet,Video Social Network,Undiscolsed,Anil Kapoor,Seed Funding,0.0
1767,2016-04-13,Legalraasta,Consumer Internet,Online legal Services for Startups,New Delhi,Pravin Khandelwal,Seed Funding,9.597
1767,2016-04-13,Legalraasta,Consumer Internet,Online legal Services for Startups,New Delhi,Yatin Kumar Jain,Seed Funding,9.597
1768,2016-04-13,RainCan,Consumer Internet,Subscription-based grocery delivery Mobile App,Pune,Dr. Aniruddha Malpani,Seed Funding,1.43955
1769,2016-04-13,Hippily,eCommerce,Fashion ECommerce App,Mumbai,Dr. Sridhar Ramaswamy,Seed Funding,2.39925
1769,2016-04-13,Hippily,eCommerce,Fashion ECommerce App,Mumbai,Rakesh Mathur,Seed Funding,2.39925
1770,2016-04-13,kredX,eCommerce,Invoice discounting Marketplace,Bangalore,Prime Venture Partners,Seed Funding,7.19775
1770,2016-04-13,kredX,eCommerce,Invoice discounting Marketplace,Bangalore,,Seed Funding,7.19775
1771,2016-04-14,Wedwise,Consumer Internet,Wedding related services community,New Delhi,StartUp Equity Partners,Seed Funding,0.0
1772,2016-04-14,BeaconsTalk,Technology,contextual mobile advertising,Mumbai,Rajeev Agrawal,Seed Funding,0.9597
1772,2016-04-14,BeaconsTalk,Technology,contextual mobile advertising,Mumbai,Prashant Gooty,Seed Funding,0.9597
1773,2016-04-15,Deal 4Loans,Consumer Internet,Loan Comparison Portal,Noida,Ram Shriram,Seed Funding,0.0
1773,2016-04-15,Deal 4Loans,Consumer Internet,Loan Comparison Portal,Noida,Neeraj Arora,Seed Funding,0.0
1773,2016-04-15,Deal 4Loans,Consumer Internet,Loan Comparison Portal,Noida,Puru Vashishtha,Seed Funding,0.0
1774,2016-04-15,RenewBuy,Consumer Internet,Online Car & Bike Insurance Comparison portal,New Delhi,Mount Nathan Advisors,Seed Funding,9.597
1775,2016-04-15,Blue Box Media,Consumer Internet,Online Tech Portals,Jaipur,Mahavir Pratap Sharma,Seed Funding,0.0
1775,2016-04-15,Blue Box Media,Consumer Internet,Online Tech Portals,Jaipur,Ajay Data,Seed Funding,0.0
1775,2016-04-15,Blue Box Media,Consumer Internet,Online Tech Portals,Jaipur,Yogesh Chaudhary,Seed Funding,0.0
1775,2016-04-15,Blue Box Media,Consumer Internet,Online Tech Portals,Jaipur,Sanjay Phophaliya,Seed Funding,0.0
1775,2016-04-15,Blue Box Media,Consumer Internet,Online Tech Portals,Jaipur,Siddharth Agarwal,Seed Funding,0.0
1775,2016-04-15,Blue Box Media,Consumer Internet,Online Tech Portals,Jaipur,Kamal Kothari,Seed Funding,0.0
1776,2016-04-15,Vyomo,Consumer Internet,On-Demand Beauty Service provider,New Delhi,Naturals Salon Chain,Private Equity,143.955
1777,2016-04-15,Organicshop,eCommerce,Marketplace for organic products,Jaipur,Vivek Nathani,Seed Funding,0.0
1777,2016-04-15,Organicshop,eCommerce,Marketplace for organic products,Jaipur,Yogesh Chaudhary,Seed Funding,0.0
1777,2016-04-15,Organicshop,eCommerce,Marketplace for organic products,Jaipur,Mahavir Pratap Sharma,Seed Funding,0.0
1777,2016-04-15,Organicshop,eCommerce,Marketplace for organic products,Jaipur,Kamal Kothari,Seed Funding,0.0
1777,2016-04-15,Organicshop,eCommerce,Marketplace for organic products,Jaipur,H C Jain,Seed Funding,0.0
1778,2016-04-15,MInd Your Fleet,Consumer Internet,Car Rental Software,Noida,Undisclosed Investors,Seed Funding,0.0
1779,2016-04-15,NestAway,Consumer Internet,Furnished Home Rental Platform,Bangalore,Tiger Global,Private Equity,287.91
1780,2016-04-15,Tapchief,Consumer Internet,Expert Advice Platform,Bangalore,Vijay Shekhar Sharma,Seed Funding,1.43955
1781,2016-04-18,Rapido,Consumer Internet,Bike Aggregator App,Bangalore,Pawan Munjal,Private Equity,0.0
1781,2016-04-18,Rapido,Consumer Internet,Bike Aggregator App,Bangalore,AdvantEdge Partners,Private Equity,0.0
1781,2016-04-18,Rapido,Consumer Internet,Bike Aggregator App,Bangalore,Astarc Ventures,Private Equity,0.0
1782,2016-04-18,Yufta,eCommerce,Women\\xe2\\x80\\x99s Fashion ECommerce Portal,Bangalore,Ajay Data & other HNIs,Seed Funding,0.0
1783,2016-04-18,Smytten,eCommerce,Online Discovery and Shopping Platform,Gurgaon,Rajan Anandan,Seed Funding,0.0
1784,2016-04-18,Houssup,Consumer Internet,interior design and home furnishing portal,Jaipur,Mitin Patel,Seed Funding,0.0
1784,2016-04-18,Houssup,Consumer Internet,interior design and home furnishing portal,Jaipur,Gaurav Agarwal,Seed Funding,0.0
1785,2016-04-18,Jugnoo,Consumer Internet,On-demand Delivery & Logistics platform,Chandigarh,Paytm & existing investors,Private Equity,95.97
1786,2016-04-18,Tork Motocycles,Auto,Electric Motorcycle Manufacturer,Pune,Bhavish Aggarwal,Seed Funding,0.0
1786,2016-04-18,Tork Motocycles,Auto,Electric Motorcycle Manufacturer,Pune,Ankit Bhati,Seed Funding,0.0
1787,2016-04-19,Betaout,eCommerce,customer intelligence and marketing automation platform,Noida,Stanford Angels,Private Equity,14.3955
1787,2016-04-19,Betaout,eCommerce,customer intelligence and marketing automation platform,Noida,LetsVenture,Private Equity,14.3955
1787,2016-04-19,Betaout,eCommerce,customer intelligence and marketing automation platform,Noida,Chennai Angels,Private Equity,14.3955
1787,2016-04-19,Betaout,eCommerce,customer intelligence and marketing automation platform,Noida,Hyderabad Angels,Private Equity,14.3955
1787,2016-04-19,Betaout,eCommerce,customer intelligence and marketing automation platform,Noida,Mumbai Angels,Private Equity,14.3955
1788,2016-04-19,DriversCart,Consumer Internet,on-demand chauffeur provider,Chennai,ah! Ventures,Seed Funding,4.31865
1789,2016-04-19,LensKart,eCommerce,Eyewear etailing platform,New Delhi,Ratan Tata,Private Equity,0.0
1790,2016-04-19,CollegeDekho,Consumer Internet,College & Student information platform,New Delhi,Man Capital,Private Equity,19.194
1791,2016-04-19,OYOfit,Consumer Internet,Fitness Services Aggregator platform,Bangalore,RN Agarwal,Seed Funding,0.0
1792,2016-04-19,Oliveboard,Consumer Internet,Online exam practice & preparation platform,Bangalore,India Educational Investment Fund,Private Equity,0.0
1793,2016-04-19,Simplilearn,Consumer Internet,Online certification platform,Bangalore,Brand Capital,Private Equity,0.0
1794,2016-04-20,1mg,eCommerce,Online Pharmacy,Gurgaon,Maverick Capital Ventures,Private Equity,143.955
1794,2016-04-20,1mg,eCommerce,Online Pharmacy,Gurgaon,Sequoia Capital,Private Equity,143.955
1794,2016-04-20,1mg,eCommerce,Online Pharmacy,Gurgaon,Omidyar Network,Private Equity,143.955
1795,2016-04-20,Fashalot,Consumer Internet,Fashion and Store discovery mobile app,New Delhi,YourNest Angel Fund,Seed Funding,0.0
1795,2016-04-20,Fashalot,Consumer Internet,Fashion and Store discovery mobile app,New Delhi,Rajul Garg,Seed Funding,0.0
1796,2016-04-20,Broomberg,Consumer Internet,Cleaning Services Provider,New Delhi,Undisclosed Angel investors & HNIs,Seed Funding,0.0
1797,2016-04-21,m.paani,Consumer Internet,Loyalty rewards platform,Mumbai,Blume Ventures,Seed Funding,0.0
1797,2016-04-21,m.paani,Consumer Internet,Loyalty rewards platform,Mumbai,Adil Allana,Seed Funding,0.0
1797,2016-04-21,m.paani,Consumer Internet,Loyalty rewards platform,Mumbai,Aprameya Radhakrishna,Seed Funding,0.0
1797,2016-04-21,m.paani,Consumer Internet,Loyalty rewards platform,Mumbai,Gautam Ivatury,Seed Funding,0.0
1797,2016-04-21,m.paani,Consumer Internet,Loyalty rewards platform,Mumbai,Signal Point Partners,Seed Funding,0.0
1798,2016-04-21,Yufta,eCommerce,hyperlocal fashion retail platform,Jaipur,Ajay Data & undisclosed HNIs,Seed Funding,0.0
1799,2016-04-21,mishTag,Consumer Internet,"Style, Fashion Discovery Mobile app",New Delhi,M&Y Partners,Seed Funding,0.0
1799,2016-04-21,mishTag,Consumer Internet,"Style, Fashion Discovery Mobile app",New Delhi,SVG Media,Seed Funding,0.0
1799,2016-04-21,mishTag,Consumer Internet,"Style, Fashion Discovery Mobile app",New Delhi,Anthil Ventures & others,Seed Funding,0.0
1800,2016-04-21,Advanced Structures India,Auto,Automotive Design and Engineering company,Bangalore,GirnarSoft,Private Equity,0.0
1801,2016-04-22,Licious,eCommerce,Mobile based Meat ordering App,Bangalore,Mayfield India II Management Ltd,Private Equity,28.791
1802,2016-04-22,Knolskae,Consumer Internet,Educational Gamification & Simulation platform,Bangalore,Inventus Capital Partners,Private Equity,0.0
1802,2016-04-22,Knolskae,Consumer Internet,Educational Gamification & Simulation platform,Bangalore,HR Fund,Private Equity,0.0
1803,2016-04-22,Druva,Technology,Converged Backup & Data Protection Solutions for Enterprises,Pune,NTT Finance,Private Equity,0.0
1803,2016-04-22,Druva,Technology,Converged Backup & Data Protection Solutions for Enterprises,Pune,Telephone Corporation,Private Equity,0.0
1804,2016-04-22,TOKO Innovation Studios,Consumer Internet,Children\xe2\x80\x99s Entertainment Games & Products,New Delhi,Indian Angel network,Seed Funding,4.31865
1805,2016-04-25,Commut,Consumer Internet,Shuttle Service Provider,Hyderabad,50K Ventures,Seed Funding,1.9194
1806,2016-04-25,intouchapp,Consumer Internet,Contact Management Mobile App,Pune,Blume Ventures,Seed Funding,0.0
1807,2016-04-25,Dropkaffe,Food & Beverage,Ready-to-Drink Beverage Producer,Bangalore,GrowthStory,Seed Funding,5.27835
1807,2016-04-25,Dropkaffe,Food & Beverage,Ready-to-Drink Beverage Producer,Bangalore,Apurva Salapuria,Seed Funding,5.27835
1807,2016-04-25,Dropkaffe,Food & Beverage,Ready-to-Drink Beverage Producer,Bangalore,Hitesh Oberoi,Seed Funding,5.27835
1807,2016-04-25,Dropkaffe,Food & Beverage,Ready-to-Drink Beverage Producer,Bangalore,Sidharth Pansari,Seed Funding,5.27835
1807,2016-04-25,Dropkaffe,Food & Beverage,Ready-to-Drink Beverage Producer,Bangalore,Nirupa Shankar,Seed Funding,5.27835
1808,2016-04-26,Transerv,Consumer Internet,Digital Payments platform,Mumbai,IDFC SPICE Fund,Private Equity,143.955
1808,2016-04-26,Transerv,Consumer Internet,Digital Payments platform,Mumbai,Micromax Informatics,Private Equity,143.955
1809,2016-04-26,ClearTax,Consumer Internet,Online filing of Tax returns,Bangalore,Max Levchin,Private Equity,12.4761
1809,2016-04-26,ClearTax,Consumer Internet,Online filing of Tax returns,Bangalore,Scott Banister,Private Equity,12.4761
1810,2016-04-26,Roposo,eCommerce,Social Fashion ECommerce Discovery platform,Gurgaon,Bertelsmann India Investments,Private Equity,143.955
1811,2016-04-27,MilkBasket,Consumer Internet,Micro Grocery Delivery Platform,Gurgaon,EVC Ventures,Seed Funding,4.7985
1812,2016-04-27,CareonGO,Consumer Internet,Online Pharmacy,Undiscolsed,Farooq Oomerbhoy,Seed Funding,0.0
1812,2016-04-27,CareonGO,Consumer Internet,Online Pharmacy,Undiscolsed,Anupam Mittal,Seed Funding,0.0
1812,2016-04-27,CareonGO,Consumer Internet,Online Pharmacy,Undiscolsed,Anand Mittal,Seed Funding,0.0
1812,2016-04-27,CareonGO,Consumer Internet,Online Pharmacy,Undiscolsed,Ravi Garikipati,Seed Funding,0.0
1812,2016-04-27,CareonGO,Consumer Internet,Online Pharmacy,Undiscolsed,Vibhu Garg,Seed Funding,0.0
1812,2016-04-27,CareonGO,Consumer Internet,Online Pharmacy,Undiscolsed,Singapore Angel Network,Seed Funding,0.0
1812,2016-04-27,CareonGO,Consumer Internet,Online Pharmacy,Undiscolsed,Konglo Ventures,Seed Funding,0.0
1813,2016-04-27,RailYatri,Consumer Internet,Train Related Information portal,Noida,Nandan Nilekani,Private Equity,0.0
1813,2016-04-27,RailYatri,Consumer Internet,Train Related Information portal,Noida,Helion Ventures,Private Equity,0.0
1813,2016-04-27,RailYatri,Consumer Internet,Train Related Information portal,Noida,Omidyar Networks,Private Equity,0.0
1813,2016-04-27,RailYatri,Consumer Internet,Train Related Information portal,Noida,Blume Ventures,Private Equity,0.0
1814,2016-04-27,ICHR,Consumer Internet,Mobile based Children health Information app,New Delhi,Undisclosed,Seed Funding,4.31865
1815,2016-04-27,Murgency,Consumer Internet,Medical Emergency Response App,Mumbai,Axilor Ventures,Private Equity,0.0
1816,2016-04-28,The Wedding Brigade,Consumer Internet,Online Wedding Information Portal,Mumbai,Blume Ventures & Other unnamed Investors,Seed Funding,5.7582
1817,2016-04-28,DocsApp,Consumer Internet,Online Doctor Discovery & Chat platform,Bangalore,Rebright Partners,Private Equity,11.5164
1817,2016-04-28,DocsApp,Consumer Internet,Online Doctor Discovery & Chat platform,Bangalore,Anand Rajaraman,Private Equity,11.5164
1817,2016-04-28,DocsApp,Consumer Internet,Online Doctor Discovery & Chat platform,Bangalore,Venky Harinarayan,Private Equity,11.5164
1818,2016-04-29,Impact Guru,Consumer Internet,Online Crowdfunding platform for NGOs & Social Projects,Mumbai,RB Investments,Seed Funding,4.7985
1818,2016-04-29,Impact Guru,Consumer Internet,Online Crowdfunding platform for NGOs & Social Projects,Mumbai,Fundnel,Seed Funding,4.7985
1819,2016-04-29,LetReach,eCommerce,ECommerce SAAS Solutions,New Delhi,vCommission,Private Equity,0.9597
1820,2016-03-01,DriveU,Consumer Internet,Chauffeurs Discovery for private car owners,Bangalore,Unitus Seed Fund,Seed Funding,0.0
1821,2016-03-01,Gympik,Consumer Internet,"Fitness Centres, Gym Discovery online marketplace",Bangalore,RoundGlass Partners,Private Equity,0.0
1822,2016-03-01,Testbook,Consumer Internet,Online Test Preparation Platform,Mumbai,S Chand & Co,Private Equity,0.0
1823,2016-03-01,IQlect,Technology,Big Data Analytics Platform,Bangalore,Lip-Bu Tan,Private Equity,0.0
1823,2016-03-01,IQlect,Technology,Big Data Analytics Platform,Bangalore,Michael Marks,Private Equity,0.0
1823,2016-03-01,IQlect,Technology,Big Data Analytics Platform,Bangalore,Nicolas Braithwaite,Private Equity,0.0
1824,2016-03-02,MoMark,Consumer Internet,Mobile Wallet Aggregation platform,Noida,YourNest Angel Fund,Private Equity,5.7582
1825,2016-03-02,Skedool,Consumer Internet,AI based Office Assistant Mobile App,Seattle / Bangalore,Kludein LLC\\nPhanindra Sama,Seed Funding,0.0
1825,2016-03-02,Skedool,Consumer Internet,AI based Office Assistant Mobile App,Seattle / Bangalore,Narayan Ramachandran,Seed Funding,0.0
1825,2016-03-02,Skedool,Consumer Internet,AI based Office Assistant Mobile App,Seattle / Bangalore,Pranav Pai,Seed Funding,0.0
1826,2016-03-02,Systemantics,Technology,Industrial robots maker,Bangalore,Nandan Nilekani,Private Equity,13.4358
1826,2016-03-02,Systemantics,Technology,Industrial robots maker,Bangalore,Accel Partners,Private Equity,13.4358
1827,2016-03-03,Vertuals,Technology,Audio Visual Digital Content creators for Brands,Mumbai,Dino Morea,Seed Funding,0.0
1828,2016-03-03,Imarticus Learning,Education,Financial Services & Analytics Education Institute,Mumbai,Blinc Advisors,Private Equity,9.597
1828,2016-03-03,Imarticus Learning,Education,Financial Services & Analytics Education Institute,Mumbai,Amit Nanavati,Private Equity,9.597
1828,2016-03-03,Imarticus Learning,Education,Financial Services & Analytics Education Institute,Mumbai,Tashwinder Singh,Private Equity,9.597
1828,2016-03-03,Imarticus Learning,Education,Financial Services & Analytics Education Institute,Mumbai,Taranjit Jaswal,Private Equity,9.597
1828,2016-03-03,Imarticus Learning,Education,Financial Services & Analytics Education Institute,Mumbai,Amit Khanna,Private Equity,9.597
1829,2016-03-03,Shouut,Consumer Internet,Social Discovery Mobile app,New Delhi,Undisclosed investor,Seed Funding,4.7985
1830,2016-03-04,TinyStep,Consumer Internet,Parenting Social Network Platform,Bangalore,Matt Glickman,Private Equity,0.0
1831,2016-03-04,Aahaa,ECommerce,Office Products Super Store,Chennai,YourNest Angel Fund,Private Equity,9.597
1831,2016-03-04,Aahaa,ECommerce,Office Products Super Store,Chennai,,Private Equity,9.597
1832,2016-03-04,Arcatron Mobility,Technology,Smart wheelchair Design and Development,Pune,Sudhir Mehta,Seed Funding,0.0
1832,2016-03-04,Arcatron Mobility,Technology,Smart wheelchair Design and Development,Pune,Anoop Hingorani,Seed Funding,0.0
1833,2016-03-04,FTCash,Consumer Internet,Mobile Payments Platform,Kolkata,IvyCap Ventures,Seed Funding,1.43955
1834,2016-03-04,Civilsdaily,Consumer Internet,Civil Services News Aggregator,New Delhi,Manoj Kumar & Other undisclosed investors,Seed Funding,0.0
1835,2016-03-04,Zappka,Consumer Internet,Mobile App discovery and review platform,Gurgaon,Daman Soni,Seed Funding,0.9597
1835,2016-03-04,Zappka,Consumer Internet,Mobile App discovery and review platform,Gurgaon,Rajat Gupta & Others,Seed Funding,0.9597
1836,2016-03-04,Tarusa World,ECommerce,Handicraft products eTailer,Mumbai,Mohit Gulati,Seed Funding,0.0
1837,2016-03-04,medECUBE,Healthcare,Healthcare related Services provider,Gurgaon,Artiman Ventures,Private Equity,38.388
1838,2016-03-07,N.O.W,Consumer Internet,Bike Taxi Service & Hyperlocal Delivery App,Noida,Ruchirans Jaipuria,Seed Funding,4.7985
1838,2016-03-07,N.O.W,Consumer Internet,Bike Taxi Service & Hyperlocal Delivery App,Noida,Anuj Sanghi,Seed Funding,4.7985
1839,2016-03-07,Ninjacart,ECommerce,B2B marketplace for Farmers & Retailers,Bangalore,Accel Partners,Private Equity,28.791
1839,2016-03-07,Ninjacart,ECommerce,B2B marketplace for Farmers & Retailers,Bangalore,Qualcomm Ventures,Private Equity,28.791
1839,2016-03-07,Ninjacart,ECommerce,B2B marketplace for Farmers & Retailers,Bangalore,M&S Partners,Private Equity,28.791
1839,2016-03-07,Ninjacart,ECommerce,B2B marketplace for Farmers & Retailers,Bangalore,Zop Smart,Private Equity,28.791
1840,2016-03-07,Reach,Consumer Internet,Cross Platform P2P file sharing mobile app,Bangalore,Rebright Partners,Seed Funding,4.7985
1840,2016-03-07,Reach,Consumer Internet,Cross Platform P2P file sharing mobile app,Bangalore,Sol Primero,Seed Funding,4.7985
1840,2016-03-07,Reach,Consumer Internet,Cross Platform P2P file sharing mobile app,Bangalore,Sudhir Anandarao,Seed Funding,4.7985
1840,2016-03-07,Reach,Consumer Internet,Cross Platform P2P file sharing mobile app,Bangalore,Ankur Warikoo,Seed Funding,4.7985
1840,2016-03-07,Reach,Consumer Internet,Cross Platform P2P file sharing mobile app,Bangalore,Ankur Singla,Seed Funding,4.7985
1841,2016-03-07,Vanity Cube,Consumer Internet,Hyperlocal Beauty Services platform,New Delhi,Unicorn Ventures,Seed Funding,2.39925
1842,2016-03-07,Wooplr,ECommerce,Curated Fashion ECommerce portal,Bangalore,Naveen Tewari,Seed Funding,0.0
1842,2016-03-07,Wooplr,ECommerce,Curated Fashion ECommerce portal,Bangalore,Abhay Singhal,Seed Funding,0.0
1842,2016-03-07,Wooplr,ECommerce,Curated Fashion ECommerce portal,Bangalore,Amit Gupta,Seed Funding,0.0
1842,2016-03-07,Wooplr,ECommerce,Curated Fashion ECommerce portal,Bangalore,Piyush Shah,Seed Funding,0.0
1842,2016-03-07,Wooplr,ECommerce,Curated Fashion ECommerce portal,Bangalore,Raghunandan G,Seed Funding,0.0
1842,2016-03-07,Wooplr,ECommerce,Curated Fashion ECommerce portal,Bangalore,Rajiv Mehta,Seed Funding,0.0
1843,2016-03-07,Medidaili,Consumer Internet,Medical Support service platform,Bangalore,Undisclosed private investors,Seed Funding,0.9597
1844,2016-03-08,Finomena,Technology,Credit Worthiness Big Data Analytics,New Delhi,Matrix Partners India,Private Equity,0.0
1845,2016-03-08,Cookaroo,Consumer Internet,Food Delivery Platform,Bangalore,Vijay Krishna Yadav,Seed Funding,0.0
1846,2016-03-08,vPhrase Analytics,Technology,AI based data analytics platform,Mumbai,Apoorv Ranjan Sharma,Seed Funding,0.0
1846,2016-03-08,vPhrase Analytics,Technology,AI based data analytics platform,Mumbai,Daud Ali and others,Seed Funding,0.0
1847,2016-03-08,LoveCycles,Consumer Internet,Women\\xe2\\x80\\x99s health Tracker,Bangalore,Prime Venture Partners,Seed Funding,7.19775
1848,2016-03-08,Kartrocket,ECommerce,ECommerce SAAS platform,New Delhi,Undisclosed Japanese investor,Private Equity,76.776
1848,2016-03-08,Kartrocket,ECommerce,ECommerce SAAS platform,New Delhi,Bertelsmann India Investments,Private Equity,76.776
1848,2016-03-08,Kartrocket,ECommerce,ECommerce SAAS platform,New Delhi,Nirvana Digital India Fund,Private Equity,76.776
1848,2016-03-08,Kartrocket,ECommerce,ECommerce SAAS platform,New Delhi,Nirvana Digital Investment Holding Co Ltd,Private Equity,76.776
1848,2016-03-08,Kartrocket,ECommerce,ECommerce SAAS platform,New Delhi,500 Start-Ups,Private Equity,76.776
1849,2016-03-08,dunzo,Consumer Internet,Daily Task Management App,Bangalore,Aspada Investment Advisors,Seed Funding,6.23805
1849,2016-03-08,dunzo,Consumer Internet,Daily Task Management App,Bangalore,Blume Ventures.,Seed Funding,6.23805
1850,2016-03-09,Indiamart,ECommerce,B2B Marketplace for SMBs,Noida,Amadeus Capital,Private Equity,0.0
1851,2016-03-09,SmartVizX,Technology,Virtual Reality Solutions,Noida,Indian Angel Network,Seed Funding,4.7985
1851,2016-03-09,SmartVizX,Technology,Virtual Reality Solutions,Noida,Stanford Angels,Seed Funding,4.7985
1851,2016-03-09,SmartVizX,Technology,Virtual Reality Solutions,Noida,Entrepreneurs India,Seed Funding,4.7985
1852,2016-03-09,MyGubbi,Real Estate,Interior Design & Home D\\xc3\\xa9cor Solutions,Bangalore,Vipul Parekh,Seed Funding,23.9925
1852,2016-03-09,MyGubbi,Real Estate,Interior Design & Home D\\xc3\\xa9cor Solutions,Bangalore,ajesh K Murthy,Seed Funding,23.9925
1852,2016-03-09,MyGubbi,Real Estate,Interior Design & Home D\\xc3\\xa9cor Solutions,Bangalore,,Seed Funding,23.9925
1853,2016-03-09,Nukkad Shops,Consumer Internet,Hyperlocal Grocery Delivery Service,Hyderabad,PurpleTalk Inc,Seed Funding,9.597
1854,2016-03-09,Cloudacar,Consumer Internet,Carpooling Mobile App,Pune,Amit Choudhary,Seed Funding,0.0
1854,2016-03-09,Cloudacar,Consumer Internet,Carpooling Mobile App,Pune,Anuj Puri,Seed Funding,0.0
1855,2016-03-09,Justride,Consumer Internet,Self Drive Car Rental,Mumbai,Dheeraj Jain & Other angel investors,Seed Funding,3.8388
1856,2016-03-09,Yana,Consumer Internet,Personal AI Transaction Engine App,Gurgaon,Puneet Gupta,Seed Funding,0.0
1856,2016-03-09,Yana,Consumer Internet,Personal AI Transaction Engine App,Gurgaon,,Seed Funding,0.0
1857,2016-03-10,Big Fish Ventures,Food & Beverage,premium dining lounges Chain,New Delhi,Undisclosed investors,Private Equity,106.5267
1858,2016-03-10,Stylflip,ECommerce,Pre-Owned Fashion marketplace mobile app,Mumbai,Raj Gala Shah,Seed Funding,0.0
1858,2016-03-10,Stylflip,ECommerce,Pre-Owned Fashion marketplace mobile app,Mumbai,Zaheer Memon,Seed Funding,0.0
1859,2016-03-10,Icertis,Technology,Contract Management Software Solutions platform,Pune/Seattle,Ignition Partners,Private Equity,143.955
1859,2016-03-10,Icertis,Technology,Contract Management Software Solutions platform,Pune/Seattle,Greycroft Partners,Private Equity,143.955
1859,2016-03-10,Icertis,Technology,Contract Management Software Solutions platform,Pune/Seattle,Fidelity Growth Partners India,Private Equity,143.955
1860,2016-03-10,Supplified,ECommerce,Construction material eTailer,New Delhi,Mohit Goel,Seed Funding,9.597
1861,2016-03-11,JollyFoodFellow,Technology,Food Related Marketing & Branding platform,Ahmedabad,Janak Parikh,Seed Funding,0.0
1862,2016-03-14,PinkBlue,ECommerce,Medical Supplies eTailer,Bangalore,Hari Krishna,Seed Funding,2.145965976
1862,2016-03-14,PinkBlue,ECommerce,Medical Supplies eTailer,Bangalore,Ajay Modani,Seed Funding,2.145965976
1862,2016-03-14,PinkBlue,ECommerce,Medical Supplies eTailer,Bangalore,Dr V Ravinder,Seed Funding,2.145965976
1862,2016-03-14,PinkBlue,ECommerce,Medical Supplies eTailer,Bangalore,Anirudh Rastogi,Seed Funding,2.145965976
1862,2016-03-14,PinkBlue,ECommerce,Medical Supplies eTailer,Bangalore,Abhishek Jain,Seed Funding,2.145965976
1862,2016-03-14,PinkBlue,ECommerce,Medical Supplies eTailer,Bangalore,Rakesh Gakhar,Seed Funding,2.145965976
1862,2016-03-14,PinkBlue,ECommerce,Medical Supplies eTailer,Bangalore,Rajeev Mudumba,Seed Funding,2.145965976
1862,2016-03-14,PinkBlue,ECommerce,Medical Supplies eTailer,Bangalore,Nagendra Prasad Bhanuprakash,Seed Funding,2.145965976
1863,2016-03-14,TruckingCube,Logistics,"Domestic, Commercial, and Industrial Goods Movers",New Delhi,Agarwal Movers Group,Private Equity,142.9953
1864,2016-03-14,eSwasthya,Consumer Internet,Online Medicine Delivery Aggregator,Ahmedabad,Hemang Sahani,Seed Funding,0.0
1865,2016-03-15,FlipClass,Consumer Internet,Tutor Search Platform,Bangalore,S Chand and Co Pvt Ltd,Private Equity,9.597
1865,2016-03-15,FlipClass,Consumer Internet,Tutor Search Platform,Bangalore,Blume Ventures,Private Equity,9.597
1866,2016-03-15,Proximit,Technology,Advertising Technology,Pune,Funding through 1Crowd platform,Seed Funding,1.43955
1867,2016-03-15,WithMe,Consumer Internet,Personalized Fashion App,Gurgaon,Alex Kuruvilla,Seed Funding,2.39925
1867,2016-03-15,WithMe,Consumer Internet,Personalized Fashion App,Gurgaon,Pradeep Guha,Seed Funding,2.39925
1867,2016-03-15,WithMe,Consumer Internet,Personalized Fashion App,Gurgaon,Saket Dhankar,Seed Funding,2.39925
1867,2016-03-15,WithMe,Consumer Internet,Personalized Fashion App,Gurgaon,Rajan Pandhare,Seed Funding,2.39925
1868,2016-03-16,Gapoon,Consumer Internet,Hyperlocal Home Maintenance services,Bangalore,Chandrashekar Tallapragada,Seed Funding,1.72746
1868,2016-03-16,Gapoon,Consumer Internet,Hyperlocal Home Maintenance services,Bangalore,Pankaj Kapoor,Seed Funding,1.72746
1869,2016-03-16,Avagmah,Consumer Internet,Online Education Portal,Bangalore,Kris Gopalakrishnan,Seed Funding,0.0
1869,2016-03-16,Avagmah,Consumer Internet,Online Education Portal,Bangalore,Atul Nishar,Seed Funding,0.0
1870,2016-03-16,WorkIndia,Consumer Internet,Online Job Board,Mumbai,Beenext,Seed Funding,0.0
1871,2016-03-16,Wealthy,Consumer Internet,Online Investment management portal,Bangalore,Zishaan Hayath,Seed Funding,2.39925
1871,2016-03-16,Wealthy,Consumer Internet,Online Investment management portal,Bangalore,Abhishek Goyal,Seed Funding,2.39925
1871,2016-03-16,Wealthy,Consumer Internet,Online Investment management portal,Bangalore,Arjun and Rohan Malhotra,Seed Funding,2.39925
1871,2016-03-16,Wealthy,Consumer Internet,Online Investment management portal,Bangalore,Harpreet Singh Grover,Seed Funding,2.39925
1871,2016-03-16,Wealthy,Consumer Internet,Online Investment management portal,Bangalore,Gagan Dugal,Seed Funding,2.39925
1872,2016-03-17,Pramati,Healthcare,Specialized Patient Care platform,Noida,Undisclosed investors,Seed Funding,1.9194
1873,2016-03-17,Qlivery,Consumer Internet,Ondemand Concierge Service,Gurgaon,Swastika Company Ltd,Seed Funding,2.20731
1874,2016-03-17,HealthEnablr,Consumer Internet,Doctor Discovery and booking platform,Mumbai,Undisclosed investors,Seed Funding,7.6776
1875,2016-03-17,Liftiee,Consumer Internet,Car/ bike Pooling App,Mumbai,Rannvijay Singh,Seed Funding,1.036476
1875,2016-03-17,Liftiee,Consumer Internet,Car/ bike Pooling App,Mumbai,Anita Hassanandani,Seed Funding,1.036476
1876,2016-03-18,Hello Curry,Food & Beverage,Quick Service Restaurant Chain,Hyderabad,Sashi Reddi & Other unnamed investors,Private Equity,14.3955
1877,2016-03-19,goSporto,Consumer Internet,Online Sports discovery and booking platform,New Delhi,Naveen Gupta,Seed Funding,0.28791
1878,2016-03-21,OneClickWash,Consumer Internet,Online Laundry & Washing service Booking & Delivery,Gurgaon,Unitus Seed Fund,Seed Funding,0.0
1879,2016-03-21,Girnar Software,Consumer Internet,Online News Media Network,Jaipur,Google Capital,Private Equity,0.0
1880,2016-03-21,Room On Call,Consumer Internet,Budget hotel aggregator,Gurgaon,CASHurDRIVE Marketing Pvt Ltd,Private Equity,19.194
1881,2016-03-22,Byju's,Consumer Internet,Educational Video Content Creator,Bangalore,Sequoia India,Private Equity,719.775
1881,2016-03-22,Byju's,Consumer Internet,Educational Video Content Creator,Bangalore,Sofina,Private Equity,719.775
1882,2016-03-22,BigBasket,eCommerce,Online Grocery Shop,Bangalore,Abraaj Group,Private Equity,1439.55
1883,2016-03-22,DrivoJoy,Consumer Internet,On-demand 2-wheeler Servicing platform,Bangalore,Indian Angel Network,Seed Funding,5.7582
1883,2016-03-22,DrivoJoy,Consumer Internet,On-demand 2-wheeler Servicing platform,Bangalore,Tracxn Labs & Others,Seed Funding,5.7582
1884,2016-03-22,Smartron,Technology,Internet of Things Device manufacturer,Bangalore,Sachin Tendulkar,Private Equity,0.0
1885,2016-03-22,LifCare,Consumer Internet,Online Pharmacy portal,Jaipur,Rajul Garg,Seed Funding,0.0
1885,2016-03-22,LifCare,Consumer Internet,Online Pharmacy portal,Jaipur,Alok Mittal,Seed Funding,0.0
1885,2016-03-22,LifCare,Consumer Internet,Online Pharmacy portal,Jaipur,Kunal Shah,Seed Funding,0.0
1885,2016-03-22,LifCare,Consumer Internet,Online Pharmacy portal,Jaipur,Rishi Mandawat,Seed Funding,0.0
1885,2016-03-22,LifCare,Consumer Internet,Online Pharmacy portal,Jaipur,Dheeraj Jain,Seed Funding,0.0
1885,2016-03-22,LifCare,Consumer Internet,Online Pharmacy portal,Jaipur,Sandeep Tandon,Seed Funding,0.0
1885,2016-03-22,LifCare,Consumer Internet,Online Pharmacy portal,Jaipur,Dexter Angel Circle,Seed Funding,0.0
1886,2016-03-22,CreditSeva,Consumer Internet,Online Credit management tools,Hyderabad,Pix Vine Capital,Seed Funding,3.45492
1886,2016-03-22,CreditSeva,Consumer Internet,Online Credit management tools,Hyderabad,Infocomm Development Authority of Singapore,Seed Funding,3.45492
1887,2016-03-22,CityShor,Consumer Internet,online lifestyle media recommendation portal,Ahmedabad,GAIN,Seed Funding,0.0
1888,2016-03-23,Endless Robotics,Technology,Interior Painting Automation,Hyderabad,Devidas Desai,Seed Funding,0.9597
1888,2016-03-23,Endless Robotics,Technology,Interior Painting Automation,Hyderabad,Vipul Gautam,Seed Funding,0.9597
1888,2016-03-23,Endless Robotics,Technology,Interior Painting Automation,Hyderabad,Singapore Angel Network,Seed Funding,0.9597
1889,2016-03-23,SP Robotics,Technology,Robotic Classes for Students,Chennai,Indian Angel Network,Seed Funding,2.8791
1889,2016-03-23,SP Robotics,Technology,Robotic Classes for Students,Chennai,,Seed Funding,2.8791
1890,2016-03-23,StalkBuyLove,eCommerce,Fashion eTailer,New Delhi,500 Startups,Seed Funding,0.0
1890,2016-03-23,StalkBuyLove,eCommerce,Fashion eTailer,New Delhi,Littlerock,Seed Funding,0.0
1890,2016-03-23,StalkBuyLove,eCommerce,Fashion eTailer,New Delhi,Singularity Ventures,Seed Funding,0.0
1891,2016-03-23,eKincare,Consumer Internet,Healthcare related solutions,Hyderabad,BitChemy Ventures,Private Equity,3.16701
1891,2016-03-23,eKincare,Consumer Internet,Healthcare related solutions,Hyderabad,Maheshwari Investments Pvt Ltd,Private Equity,3.16701
1891,2016-03-23,eKincare,Consumer Internet,Healthcare related solutions,Hyderabad,Anshoo Gaur,Private Equity,3.16701
1891,2016-03-23,eKincare,Consumer Internet,Healthcare related solutions,Hyderabad,Rama Krishna Reddy,Private Equity,3.16701
1891,2016-03-23,eKincare,Consumer Internet,Healthcare related solutions,Hyderabad,Sandeep Seerapu,Private Equity,3.16701
1892,2016-03-23,HashLearn,Consumer Internet,Mobile based private tutoring services,Undiscolsed,Bhavish Aggarwal,Seed Funding,0.0
1892,2016-03-23,HashLearn,Consumer Internet,Mobile based private tutoring services,Undiscolsed,Binny Bansal,Seed Funding,0.0
1892,2016-03-23,HashLearn,Consumer Internet,Mobile based private tutoring services,Undiscolsed, Rajan Anandan,Seed Funding,0.0
1892,2016-03-23,HashLearn,Consumer Internet,Mobile based private tutoring services,Undiscolsed,Mekin Maheshwar,Seed Funding,0.0
1892,2016-03-23,HashLearn,Consumer Internet,Mobile based private tutoring services,Undiscolsed,Sunil Kalra,Seed Funding,0.0
1892,2016-03-23,HashLearn,Consumer Internet,Mobile based private tutoring services,Undiscolsed,Anupam Mittal,Seed Funding,0.0
1892,2016-03-23,HashLearn,Consumer Internet,Mobile based private tutoring services,Undiscolsed,Krishna Mehra,Seed Funding,0.0
1892,2016-03-23,HashLearn,Consumer Internet,Mobile based private tutoring services,Undiscolsed,Singapore Angel Network,Seed Funding,0.0
1893,2016-03-23,Wheelstreet,Consumer Internet,Online Bike Rental platform,Bangalore,Broadbean Capital services,Private Equity,4.7985
1894,2016-03-24,Horntell,Consumer Internet,Unified Push Notification service,Gurgaon,Bharanidharan Viswanathan,Seed Funding,1.43955
1894,2016-03-24,Horntell,Consumer Internet,Unified Push Notification service,Gurgaon,Sanjiv Mittal,Seed Funding,1.43955
1894,2016-03-24,Horntell,Consumer Internet,Unified Push Notification service,Gurgaon,Shobhit Shukla,Seed Funding,1.43955
1894,2016-03-24,Horntell,Consumer Internet,Unified Push Notification service,Gurgaon,Rahul Agarwal,Seed Funding,1.43955
1895,2016-03-28,Schoolkart,eCommerce,Online Marketplace for Schools,Noida,Undisclosed investors,Seed Funding,2.8791
1896,2016-03-29,HealthEminds,Consumer Internet,Online mental healthcare,Bangalore,Robin Utthappa,Seed Funding,0.0
1897,2016-03-29,Babygogo,Consumer Internet,Child healthcare experts aggregator mobile app,New Delhi,Rajul Garg,Seed Funding,2.8791
1897,2016-03-29,Babygogo,Consumer Internet,Child healthcare experts aggregator mobile app,New Delhi,Daljit Singh,Seed Funding,2.8791
1897,2016-03-29,Babygogo,Consumer Internet,Child healthcare experts aggregator mobile app,New Delhi,Aditya Vij,Seed Funding,2.8791
1897,2016-03-29,Babygogo,Consumer Internet,Child healthcare experts aggregator mobile app,New Delhi,Kishore Kumar,Seed Funding,2.8791
1897,2016-03-29,Babygogo,Consumer Internet,Child healthcare experts aggregator mobile app,New Delhi,Shuchin Bajaj,Seed Funding,2.8791
1898,2016-03-29,Veritas Finance,Finance,Asset Based Lending platform,Chennai,Sarva Capital,Private Equity,45.1059
1899,2016-03-29,QikShip,Consumer Internet,Mobile based Logistics provider,New Delhi,undisclosed investors,Seed Funding,1.9194
1900,2016-03-29,FixNix,Consumer Internet,GRC SAAS Platform,Chennai,Jay Vijayan,Seed Funding,4.7985
1901,2016-03-30,True Balance,Technology,Mobile Balance Check App,Gurgaon,SoftBank Ventures Korea,Private Equity,0.0
1902,2016-03-30,Touchkin,Healthcare,Predictive Healthcare platform,Bangalore,Alok Mittal,Seed Funding,3.8388
1902,2016-03-30,Touchkin,Healthcare,Predictive Healthcare platform,Bangalore,Amit Gupta,Seed Funding,3.8388
1902,2016-03-30,Touchkin,Healthcare,Predictive Healthcare platform,Bangalore,Anuj Srivastava,Seed Funding,3.8388
1902,2016-03-30,Touchkin,Healthcare,Predictive Healthcare platform,Bangalore,Himanshu Aggarwal,Seed Funding,3.8388
1902,2016-03-30,Touchkin,Healthcare,Predictive Healthcare platform,Bangalore,Raghunandan G,Seed Funding,3.8388
1902,2016-03-30,Touchkin,Healthcare,Predictive Healthcare platform,Bangalore,Puneet Agarwal,Seed Funding,3.8388
1903,2016-03-31,SwitchMe,Consumer Internet,Home Loan Rate comparison platform,Mumbai,Mohandas Pai,Seed Funding,0.0
1903,2016-03-31,SwitchMe,Consumer Internet,Home Loan Rate comparison platform,Mumbai,Hiro Mashita,Seed Funding,0.0
1903,2016-03-31,SwitchMe,Consumer Internet,Home Loan Rate comparison platform,Mumbai,Singapore Angel Network,Seed Funding,0.0
1903,2016-03-31,SwitchMe,Consumer Internet,Home Loan Rate comparison platform,Mumbai,500 Startups,Seed Funding,0.0
1903,2016-03-31,SwitchMe,Consumer Internet,Home Loan Rate comparison platform,Mumbai,Rajan Anandan,Seed Funding,0.0
1903,2016-03-31,SwitchMe,Consumer Internet,Home Loan Rate comparison platform,Mumbai,Ajay Sarupria,Seed Funding,0.0
1904,2016-03-31,Transcell,Healthcare,Family Stem Cell Banking Services,Hyderabad,Indian Angel Network,Seed Funding,0.0
1905,2016-02-01,Blue Tokai Coffee,ECommerce,Specialty Coffee Etailer,New Delhi,Snow Leopard Technology Ventures,Seed Funding,0.0
1906,2016-02-02,Altizone,Technology,IoT & M2M Solutions,Pune,Wipro Ventures,Private Equity,38.388
1906,2016-02-02,Altizone,Technology,IoT & M2M Solutions,Pune, Lumis Partners,Private Equity,38.388
1907,2016-02-02,Oust App,Consumer Internet,Competitive Exam Preparation Platform,Bangalore,T V Mohandas Pai,Seed Funding,0.0
1907,2016-02-02,Oust App,Consumer Internet,Competitive Exam Preparation Platform,Bangalore, Aarin Capital,Seed Funding,0.0
1908,2016-02-02,Strike,Consumer Internet,Mobile Email productivity tool,Bangalore,Multiple investors through Ten Minute Million competition,Seed Funding,0.2159325
1909,2016-02-02,MaaxMarket,Consumer Internet,Marketing Automation platform,Undiscolsed,Multiple investors through Ten Minute Million competition,Seed Funding,0.2159325
1910,2016-02-02,Gamooz,Technology,Augmented Reality Solutions,Gurgaon,Multiple investors through Ten Minute Million competition,Seed Funding,0.2159325
1911,2016-02-02,SoundSurround,Technology,Audio Technology Solutions,Mumbai,Multiple investors through Ten Minute Million competition,Seed Funding,0.2159325
1912,2016-02-03,Mazkara,Consumer Internet,Beauty & Wellness Platform,Pune / Dubai,Dunamis Ventures Pte Ltd.,Seed Funding,9.597
1913,2016-02-03,RoadGods,ECommerce,Auto Spare Parts eTailer,New Delhi,Green House Ventures (GHV),Seed Funding,0.9597
1914,2016-02-03,Pindropmusic,Consumer Internet,Music Discovery Mobile App,Noida,Green House Ventures (GHV),Seed Funding,0.9597
1915,2016-02-03,Woodpie,Consumer Internet,Book Recommendation Service,Bangalore,Ingram Content Group,Seed Funding,0.28791
1916,2016-02-04,Perfumery,ECommerce,Fragrances & Perfume eTailer,New Delhi,Oranda Global & Others,Seed Funding,0.28791
1917,2016-02-05,Magic Crate,Education,Children Education Platform,Bangalore,TV Mohandas Pai,Seed Funding,0.0
1917,2016-02-05,Magic Crate,Education,Children Education Platform,Bangalore,Aarin Capital,Seed Funding,0.0
1918,2016-02-05,ZenDrive,Technology,Safe Driving Data & Analytics platform,Bangalore / SFO,Sherpa Capital,Private Equity,129.5595
1918,2016-02-05,ZenDrive,Technology,Safe Driving Data & Analytics platform,Bangalore / SFO,Nyca Partners and Thomvest Ventures,Private Equity,129.5595
1919,2016-02-05,Smartcooky,ECommerce,Marketplace for Health Foods,New Delhi,Vandana Luthra,Private Equity,0.0
1919,2016-02-05,Smartcooky,ECommerce,Marketplace for Health Foods,New Delhi,,Private Equity,0.0
1920,2016-02-05,Turtlemint,Consumer Internet,online personalized insurance platform,Mumbai,Nexus Venture Partners,Private Equity,0.0
1921,2016-02-05,BHIVE,Real Estate,Workspace Rentals,Bangalore,Raghunandan G,Seed Funding,0.0
1921,2016-02-05,BHIVE,Real Estate,Workspace Rentals,Bangalore,Venturesity,Seed Funding,0.0
1921,2016-02-05,BHIVE,Real Estate,Workspace Rentals,Bangalore,Arihant Patni,Seed Funding,0.0
1922,2016-02-05,Gingercrush,Ecommerce,Personalized Products & Merchandize eTailer,Vadodara,Saha Fund,Private Equity,9.597
1922,2016-02-05,Gingercrush,Ecommerce,Personalized Products & Merchandize eTailer,Vadodara,TV Mohandas Pai,Private Equity,9.597
1922,2016-02-05,Gingercrush,Ecommerce,Personalized Products & Merchandize eTailer,Vadodara,Zia Mody,Private Equity,9.597
1922,2016-02-05,Gingercrush,Ecommerce,Personalized Products & Merchandize eTailer,Vadodara,Mumbai Angels,Private Equity,9.597
1922,2016-02-05,Gingercrush,Ecommerce,Personalized Products & Merchandize eTailer,Vadodara,Ananda Kallugadde,Private Equity,9.597
1922,2016-02-05,Gingercrush,Ecommerce,Personalized Products & Merchandize eTailer,Vadodara,Rakesh Desai,Private Equity,9.597
1922,2016-02-05,Gingercrush,Ecommerce,Personalized Products & Merchandize eTailer,Vadodara,Rakesh Malhotra,Private Equity,9.597
1923,2016-02-05,American Vision,Consumer Internet,Optical Store Aggregator Platform,Pune,Undisclosed investors,Seed Funding,0.777357
1924,2016-02-05,DawaiLelo,Consumer Internet,Healthcare Services & Online Pharmacy Mobile App,Varanasi,Undisclosed investors,Seed Funding,0.499044
1925,2016-02-06,Heads Up For Tails,Ecommerce,Pet Products eTailer,New Delhi,Undisclosed investors,Seed Funding,9.597
1926,2016-02-06,LiveNutriFit,Healthcare,Weight loss & Healthcare Info portal,New Delhi,Mohit Goel,Seed Funding,0.0
1926,2016-02-06,LiveNutriFit,Healthcare,Weight loss & Healthcare Info portal,New Delhi,Vinod Jain & Others,Seed Funding,0.0
1927,2016-02-08,Moglix,Ecommerce,Industrial & Home Products Marketplace,New Delhi,Ratan Tata,Private Equity,0.0
1928,2016-02-08,iStyleYou,Consumer Internet,Personal Fashion Stylist App,Gurgaon,Green House Ventures (GHV),Seed Funding,0.9597
1929,2016-02-08,AdUrCup,Consumer Internet,Ad Network,New Delhi,Green House Ventures (GHV),Seed Funding,0.9597
1930,2016-02-08,Weddingz,Consumer Internet,online marketplace for wedding venues and vendors,Mumbai,Sixth Sense Ventures,Private Equity,0.0
1931,2016-02-08,Urban Dhobi,Consumer Internet,On Demand Laundry Services,Jaipur,Vinod Bansal,Seed Funding,0.0
1931,2016-02-08,Urban Dhobi,Consumer Internet,On Demand Laundry Services,Jaipur,Sanjeev Singhal,Seed Funding,0.0
1932,2016-02-08,Gray Routes,Consumer Internet,Last mile logistics solutions,Mumbai,Mahesh Parasuraman,Seed Funding,0.0
1932,2016-02-08,Gray Routes,Consumer Internet,Last mile logistics solutions,Mumbai,Rahul Gautam & Others,Seed Funding,0.0
1933,2016-02-08,Xpressbees,ECommerce,ECommerce Logistics solutions,Pune,SAIF Partners,Private Equity,119.9625
1933,2016-02-08,Xpressbees,ECommerce,ECommerce Logistics solutions,Pune,IDG Ventures India,Private Equity,119.9625
1933,2016-02-08,Xpressbees,ECommerce,ECommerce Logistics solutions,Pune,Vertex Ventures,Private Equity,119.9625
1933,2016-02-08,Xpressbees,ECommerce,ECommerce Logistics solutions,Pune,Valiant Capital,Private Equity,119.9625
1934,2016-02-08,Invictus Oncology,Healthcare,Cancer therapeutic Info & Solutions,New Delhi,Ratan Tata,Private Equity,0.0
1935,2016-02-08,Hansel.io,Technology,Mobile App Tech Solutions,Bangalore,Endiya Partners,Seed Funding,0.0
1935,2016-02-08,Hansel.io,Technology,Mobile App Tech Solutions,Bangalore,Mekin Maheshwari,Seed Funding,0.0
1935,2016-02-08,Hansel.io,Technology,Mobile App Tech Solutions,Bangalore,Rajesh Sawhney,Seed Funding,0.0
1936,2016-02-09,Inc42,Consumer Internet,Startup Focused Media News Portal,New Delhi,India Ventures,Seed Funding,0.0
1936,2016-02-09,Inc42,Consumer Internet,Startup Focused Media News Portal,New Delhi,Aarin Capital & Others,Seed Funding,0.0
1937,2016-02-09,GOQii,Technology,Personalized fitness coaching & Fitness band,Mumbai,Edelweiss Financial Services,Private Equity,0.0
1938,2016-02-10,Capzest,Consumer Internet,Digital Lending Platform,Mumbai,Lion Ventures,Seed Funding,1.9194
1939,2016-02-10,GlamStudios,Consumer Internet,Online Salon Aggregator,Noida,Aqeel Ahmed,Seed Funding,0.0
1940,2016-02-10,Affimity,Consumer Internet,Social Networking platform,Bangalore,undisclosed investors,Seed Funding,11.5164
1941,2016-02-10,Anandakanda,Technology,Medicine Intake Reminder System,Pune,undisclosed investors,Seed Funding,1.43955
1942,2016-02-10,JoulestoWatts,Technology,IT services & Talent collaboration services startup,Bangalore,Manipal Global Education Services,Seed Funding,0.0
1943,2016-02-10,Shopkirana,Consumer Internet,Retailer Supply Chain platform,Indore,Atul Jain,Seed Funding,0.0
1943,2016-02-10,Shopkirana,Consumer Internet,Retailer Supply Chain platform,Indore,Anil Gelra,Seed Funding,0.0
1943,2016-02-10,Shopkirana,Consumer Internet,Retailer Supply Chain platform,Indore,Jaikumar Nair,Seed Funding,0.0
1944,2016-02-10,Stylofie,Consumer Internet,Online Beauty Parlour search & discovery Platform,Gurgaon,Jaideep Mehta,Seed Funding,0.0
1945,2016-02-10,OyBob,eCommerce,Hyperlocal Products & Services marketplace,Gurgaon,Sachin Dalal,Seed Funding,0.0
1946,2016-02-12,ActOnMagic,Technology,Cloud Analytics and Management Products,Bangalore,Jayabalan Subramanian,Seed Funding,1.199625
1947,2016-02-12,Bonhomia,Food & Beverage,premium Tea and Coffee,New Delhi,Alok Rawat,Seed Funding,9.597
1947,2016-02-12,Bonhomia,Food & Beverage,premium Tea and Coffee,New Delhi,Grey Orange Robotics,Seed Funding,9.597
1948,2016-02-12,iGrenEnergi,Technology,Solar Power Solutions,Mumbai,Sunil Mehta,Seed Funding,9.597
1949,2016-02-12,RKSV,Consumer Internet,Online Stock Trading Platform,Mumbai,Kalaari Capital,Private Equity,38.388
1950,2016-02-15,Aasaanjobs,Consumer Internet,Online Recruitment Marketplace,Mumbai,Aspada Advisors,Private Equity,47.985
1950,2016-02-15,Aasaanjobs,Consumer Internet,Online Recruitment Marketplace,Mumbai,IDG Ventures,Private Equity,47.985
1950,2016-02-15,Aasaanjobs,Consumer Internet,Online Recruitment Marketplace,Mumbai, Inventus Capital,Private Equity,47.985
1951,2016-02-15,Snapdeal,eCommerce,Horizontal Online Marketplace,New Delhi,Ontario Teachers Pension Plan & Others,Private Equity,1919.4
1952,2016-02-15,Jugnoo,Consumer Internet,Transportation & On-demand delivery aggregator,Chandigarh,Saumya Tandon,Private Equity,0.0
1953,2016-02-15,Snapbizz,Technology,Connectivity platform for local grocery stores,Bangalore,Ratan Tata,Private Equity,0.0
1954,2016-02-15,GoYaNo,Consumer Internet,Events & Restaurant Discovery Marketplace App,Gurgaon,Mukesh Kumar Gupta,Seed Funding,0.47985
1955,2016-02-15,RentSher,Consumer Internet,Online Household Product Rental platform,Bangalore,Vaibhav Doshi,Seed Funding,2.8791
1955,2016-02-15,RentSher,Consumer Internet,Online Household Product Rental platform,Bangalore,Abhay Singhal,Seed Funding,2.8791
1955,2016-02-15,RentSher,Consumer Internet,Online Household Product Rental platform,Bangalore,Vibhu Garg,Seed Funding,2.8791
1955,2016-02-15,RentSher,Consumer Internet,Online Household Product Rental platform,Bangalore,Joby Babu,Seed Funding,2.8791
1955,2016-02-15,RentSher,Consumer Internet,Online Household Product Rental platform,Bangalore,Abhishek Acharya,Seed Funding,2.8791
1955,2016-02-15,RentSher,Consumer Internet,Online Household Product Rental platform,Bangalore,Manish Shah,Seed Funding,2.8791
1956,2016-02-15,Buddy,Finance,Micro Lending Platform for eCommerce purchases,Bangalore,Blume Ventures,Seed Funding,4.7985
1956,2016-02-15,Buddy,Finance,Micro Lending Platform for eCommerce purchases,Bangalore, Tracxn Labs,Seed Funding,4.7985
1957,2016-02-15,Legistify,Consumer Internet,Online Legal services platform,New Delhi,Ranjit Singh,Seed Funding,0.0
1958,2016-02-16,TableHero,Consumer Internet,Dynamic Restaurant Website creator,Bangalore,GrowX Ventures,Seed Funding,9.597
1958,2016-02-16,TableHero,Consumer Internet,Dynamic Restaurant Website creator,Bangalore,Kunal Shah,Seed Funding,9.597
1958,2016-02-16,TableHero,Consumer Internet,Dynamic Restaurant Website creator,Bangalore,Sandeep Tandon,Seed Funding,9.597
1958,2016-02-16,TableHero,Consumer Internet,Dynamic Restaurant Website creator,Bangalore,Haresh Chawla,Seed Funding,9.597
1958,2016-02-16,TableHero,Consumer Internet,Dynamic Restaurant Website creator,Bangalore,Powai Lake Ventures,Seed Funding,9.597
1958,2016-02-16,TableHero,Consumer Internet,Dynamic Restaurant Website creator,Bangalore,Globevestor,Seed Funding,9.597
1959,2016-02-16,BetterPlace,Technology,Data analytics based Verification services Platform,Bangalore,Unitus Seed Fund,Seed Funding,9.30909
1960,2016-02-16,Salebhai,eCommerce,"Sweets, Eatables, Handicrafts Online Marketplace",Ahmedabad,Virendra Shekhawat,Seed Funding,0.0
1960,2016-02-16,Salebhai,eCommerce,"Sweets, Eatables, Handicrafts Online Marketplace",Ahmedabad,Deepak Chokhani,Seed Funding,0.0
1960,2016-02-16,Salebhai,eCommerce,"Sweets, Eatables, Handicrafts Online Marketplace",Ahmedabad,Yogesh Patel & Others,Seed Funding,0.0
1961,2016-02-16,icustommadeit,eCommerce,Professional Custom creators Marketplace,Pune,Brand Capital,Private Equity,38.388
1961,2016-02-16,icustommadeit,eCommerce,Professional Custom creators Marketplace,Pune,Siddhivinayak Skyscrapers,Private Equity,38.388
1961,2016-02-16,icustommadeit,eCommerce,Professional Custom creators Marketplace,Pune,Dinesh R. Challa,Private Equity,38.388
1962,2016-02-16,Tring,Consumer Internet,Instant Messaging App,Pune,Vishwadeep Bajaj & Others,Seed Funding,0.0
1963,2016-02-16,Medinfi,Consumer Internet,Doctor & Clinics Discovery platform,Bangalore,Rajnish Sinha,Seed Funding,0.0
1963,2016-02-16,Medinfi,Consumer Internet,Doctor & Clinics Discovery platform,Bangalore,Prijit Debnath,Seed Funding,0.0
1963,2016-02-16,Medinfi,Consumer Internet,Doctor & Clinics Discovery platform,Bangalore,Kanchan Ghoshal,Seed Funding,0.0
1964,2016-02-17,Timemytask,Consumer Internet,On-Demand home cleaning services,Mumbai,Lead Angels,Seed Funding,0.0
1965,2016-02-17,GameZop,Technology,Mobile Gaming Platform,New Delhi,KWAN Entertainment & Marketing Solutions,Seed Funding,3.35895
1965,2016-02-17,GameZop,Technology,Mobile Gaming Platform,New Delhi,Powerhouse Ventures & Others,Seed Funding,3.35895
1966,2016-02-17,Notary Mama,Consumer Internet,On-demand Legal documentation and registration service,Bangalore,Dr Nandish Domlur,Seed Funding,0.0
1966,2016-02-17,Notary Mama,Consumer Internet,On-demand Legal documentation and registration service,Bangalore,Amit Sandill,Seed Funding,0.0
1967,2016-02-17,The Viral Fever,Consumer Internet,Independent Online Video production company,Mumbai,Tiger Global,Private Equity,95.97
1968,2016-02-17,Avanti Learning,Education,Private Coaching Classes,New Delhi,Michael & Susan Dell Foundation,Private Equity,47.985
1969,2016-02-17,Bollant Industries,Technology,Eco-friendly consumer & packaging products,Hyderabad,Ratan Tata,Private Equity,0.0
1970,2016-02-18,GetVee,Consumer Internet,Matrimony & Couples only mobile platform,New Delhi,Lightspeed Venture Partners,Private Equity,0.0
1970,2016-02-18,GetVee,Consumer Internet,Matrimony & Couples only mobile platform,New Delhi,K Ganesh,Private Equity,0.0
1971,2016-02-18,HealthKumbh,Consumer Internet,Health related Information portal,Ahmedabad,Undisclosed investor,Seed Funding,0.700581
1972,2016-02-18,Unlaze,Consumer Internet,Social Networking app for outdoor interests,Gurgaon,Sujal Shah,Seed Funding,0.0
1972,2016-02-18,Unlaze,Consumer Internet,Social Networking app for outdoor interests,Gurgaon,Dino Morea,Seed Funding,0.0
1973,2016-02-18,Tracxn,Technology,Indian Startup ecosystem trends analyzer & funding platform,Bangalore,Nandan Nilekani,Private Equity,0.0
1973,2016-02-18,Tracxn,Technology,Indian Startup ecosystem trends analyzer & funding platform,Bangalore,Mohandas Pai,Private Equity,0.0
1973,2016-02-18,Tracxn,Technology,Indian Startup ecosystem trends analyzer & funding platform,Bangalore,Neeraj Arora,Private Equity,0.0
1973,2016-02-18,Tracxn,Technology,Indian Startup ecosystem trends analyzer & funding platform,Bangalore,Anand Rajaraman,Private Equity,0.0
1973,2016-02-18,Tracxn,Technology,Indian Startup ecosystem trends analyzer & funding platform,Bangalore,Girish Mathrubootham,Private Equity,0.0
1973,2016-02-18,Tracxn,Technology,Indian Startup ecosystem trends analyzer & funding platform,Bangalore,Aneesh Reddy & Teruhide Sato,Private Equity,0.0
1974,2016-02-18,Careongo,ECommerce,Online Pharmacy store,New Delhi,Farooq Oomerbhoy & Other angel investors,Seed Funding,2.8791
1975,2016-02-18,Ark Robot,Technology,Warehouse Automation,Bangalore,Qualcomm (Through QPrize Contest),Seed Funding,3.35895
1976,2016-02-19,Jaypore,ECommerce,Ethnic Products marketplace,New Delhi,Aavishkaar,Private Equity,47.985
1977,2016-02-19,Finance Buddha,Consumer Internet,Online Loan Comparison & Discovery platform,Bangalore,Chennai Angels,Seed Funding,0.0
1978,2016-02-19,AlmaConnect,Consumer Internet,Alumni social network,New Delhi,Mohandas Pai,Seed Funding,0.0
1978,2016-02-19,AlmaConnect,Consumer Internet,Alumni social network,New Delhi,Varun Aggarwal,Seed Funding,0.0
1979,2016-02-19,Advantage Club,Consumer Internet,mobile platform for corporate employee benefits,Gurgaon,Purvi Ventures & Others,Seed Funding,3.8388
1980,2016-02-19,LocalRamu,Consumer Internet,mobile based aggregator for local service providers,Bangalore,3 undisclosed investors,Seed Funding,0.0
1981,2016-02-22,Baby Berry,Consumer Internet,Parenting Mobile app,Bangalore,Nitin Bagmane & Other undisclosed investors,Seed Funding,9.597
1982,2016-02-22,Magicpin,Consumer Internet,Hyperlocal Discover Mobile App,New Delhi,Lightspeed India,Private Equity,28.791
1983,2016-02-22,First Eat,Consumer Internet,Healthy Food Delivery platform,New Delhi,Undisclosed investor,Seed Funding,0.9597
1984,2016-02-22,SigTuple,Technology,Healthcare based Tech Solutions,Bangalore,Sachin Bansal,Seed Funding,0.0
1984,2016-02-22,SigTuple,Technology,Healthcare based Tech Solutions,Bangalore,Binny Bansal,Seed Funding,0.0
1984,2016-02-22,SigTuple,Technology,Healthcare based Tech Solutions,Bangalore,Accel Partners & Others,Seed Funding,0.0
1985,2016-02-22,Taskbob,Consumer Internet,Hyperlocal Handyman services platform,Mumbai,IvyCap Ventures,Private Equity,43.1865
1985,2016-02-22,Taskbob,Consumer Internet,Hyperlocal Handyman services platform,Mumbai,Orios Venture Partners,Private Equity,43.1865
1985,2016-02-22,Taskbob,Consumer Internet,Hyperlocal Handyman services platform,Mumbai,Mayfield India,Private Equity,43.1865
1986,2016-02-22,Styledotme,Consumer Internet,Mobile Fashion App,New Delhi,Indian Angel Network,Seed Funding,0.355089
1987,2016-02-22,NewsLaundry,Consumer Internet,Independent News Media Portal,New Delhi,Omidyar Network,Private Equity,0.0
1987,2016-02-22,NewsLaundry,Consumer Internet,Independent News Media Portal,New Delhi, Vikram Lal,Private Equity,0.0
1987,2016-02-22,NewsLaundry,Consumer Internet,Independent News Media Portal,New Delhi,Abhijit Bhandari,Private Equity,0.0
1987,2016-02-22,NewsLaundry,Consumer Internet,Independent News Media Portal,New Delhi,Mahesh Murthy,Private Equity,0.0
1987,2016-02-22,NewsLaundry,Consumer Internet,Independent News Media Portal,New Delhi,Shashank Bhagat,Private Equity,0.0
1988,2016-02-23,CupoNation,Consumer Internet,Deals and Discount platform,Gurgaon,Rocket Internet AG,Private Equity,105.567
1988,2016-02-23,CupoNation,Consumer Internet,Deals and Discount platform,Gurgaon,Holtzbrink Ventures,Private Equity,105.567
1988,2016-02-23,CupoNation,Consumer Internet,Deals and Discount platform,Gurgaon,New Enterprise Associates (NEA),Private Equity,105.567
1988,2016-02-23,CupoNation,Consumer Internet,Deals and Discount platform,Gurgaon,e.ventures,Private Equity,105.567
1988,2016-02-23,CupoNation,Consumer Internet,Deals and Discount platform,Gurgaon,ru-Net,Private Equity,105.567
1988,2016-02-23,CupoNation,Consumer Internet,Deals and Discount platform,Gurgaon,Deutsche Telekom Strategic Investments (DTSI),Private Equity,105.567
1988,2016-02-23,CupoNation,Consumer Internet,Deals and Discount platform,Gurgaon,Silicon Valley Bank,Private Equity,105.567
1989,2016-02-23,Aarav UAV,Technology,unmanned aerial vehicles creator,Kanpur,StartupXseed Ventures,Seed Funding,0.0
1989,2016-02-23,Aarav UAV,Technology,unmanned aerial vehicles creator,Kanpur,The Phoenix Fund and others,Seed Funding,0.0
1990,2016-02-24,Sayfix,Consumer Internet,Hyperlocal Home Services Provider,Bangalore,Yajnanarayana Kammaje,Seed Funding,1.53552
1991,2016-02-24,LoanZen,Consumer Internet,Peer to peer Lending marketplace,Bangalore,Tracxn Syndicate,Seed Funding,0.0
1992,2016-02-24,NoBroker,Consumer Internet,Peer to peer property listing platform,Bangalore,Beenext,Private Equity,95.97
1992,2016-02-24,NoBroker,Consumer Internet,Peer to peer property listing platform,Bangalore,Digital Garage,Private Equity,95.97
1992,2016-02-24,NoBroker,Consumer Internet,Peer to peer property listing platform,Bangalore,Beenos,Private Equity,95.97
1992,2016-02-24,NoBroker,Consumer Internet,Peer to peer property listing platform,Bangalore,Qualgro,Private Equity,95.97
1992,2016-02-24,NoBroker,Consumer Internet,Peer to peer property listing platform,Bangalore,Mamoru Taniya,Private Equity,95.97
1992,2016-02-24,NoBroker,Consumer Internet,Peer to peer property listing platform,Bangalore,SAIF Partners,Private Equity,95.97
1993,2016-02-24,AppilyEver,Consumer Internet,Online wedding services marketplace,Hyderabad,Varun Aggarwal,Seed Funding,3.8388
1993,2016-02-24,AppilyEver,Consumer Internet,Online wedding services marketplace,Hyderabad,Suresh Venkat,Seed Funding,3.8388
1993,2016-02-24,AppilyEver,Consumer Internet,Online wedding services marketplace,Hyderabad,Raj Y,Seed Funding,3.8388
1994,2016-02-24,Pocketin,Consumer Internet,Hotel reservations & Deal platform,Noida,Swastika Company Ltd,Seed Funding,1.43955
1995,2016-02-24,FeetApart,Consumer Internet,Employee engagements & Rewards platform,Bangalore,Vishal Bali & Others,Seed Funding,0.0
1996,2016-02-25,OfBusiness,eCommerce,B2B commerce Marketplace,Gurgaon,Matrix Partners India,Private Equity,47.985
1997,2016-02-25,CarveNiche,Consumer Internet,Personalized Learning Solutions & products,Bangalore,Calcutta Angels,Seed Funding,0.0
1997,2016-02-25,CarveNiche,Consumer Internet,Personalized Learning Solutions & products,Bangalore,Lead Angels & Others,Seed Funding,0.0
1998,2016-02-25,Juspay,Consumer Internet,Digital Payments solutions,Bangalore,Accel Partners,Private Equity,55.6626
1998,2016-02-25,Juspay,Consumer Internet,Digital Payments solutions,Bangalore,Ashish Hemrajani,Private Equity,55.6626
1998,2016-02-25,Juspay,Consumer Internet,Digital Payments solutions,Bangalore,Parikshit Dar,Private Equity,55.6626
1998,2016-02-25,Juspay,Consumer Internet,Digital Payments solutions,Bangalore,Rajesh Balpande,Private Equity,55.6626
1999,2016-02-25,Funcart,eCommerce,Party Supplies Etailer,New Delhi,Undisclosed HNIs,Seed Funding,0.67179
2000,2016-02-26,Freedom Smart Labs,Technology,IoT retail solutions,New Delhi,Kapil Goel,Seed Funding,1.391565
2001,2016-02-26,EduBridge,Consumer Internet,Skill development and vocational training platform,Mumbai,Insitor Impact Asia Fund,Private Equity,23.9925
2001,2016-02-26,EduBridge,Consumer Internet,Skill development and vocational training platform,Mumbai,Acumen Fund,Private Equity,23.9925
2002,2016-02-29,Nestaway,Consumer Internet,Online Home Rental Marketplace,Bangalore,Ratan Tata,Private Equity,0.0
2003,2016-02-29,Hopscotch,eCommerce,Baby & Kids Products Online Flash sales platform,Mumbai,Eduardo Saverin,Private Equity,124.761
2004,2016-02-29,PinClick,Consumer Internet,Online real estate listings,Bangalore,Undisclosed investors,Private Equity,0.0
2005,2016-01-01,Smartcooky,ECommerce,Health Food / Personal Care Marketplace,New Delhi,Rajan Anandan,Seed Funding,0.0
2005,2016-01-01,Smartcooky,ECommerce,Health Food / Personal Care Marketplace,New Delhi,Pramod Bhasin,Seed Funding,0.0
2005,2016-01-01,Smartcooky,ECommerce,Health Food / Personal Care Marketplace,New Delhi,Siddharth Pai,Seed Funding,0.0
2005,2016-01-01,Smartcooky,ECommerce,Health Food / Personal Care Marketplace,New Delhi,TV Mohandas Pai,Seed Funding,0.0
2005,2016-01-01,Smartcooky,ECommerce,Health Food / Personal Care Marketplace,New Delhi,Manvinder Singh Banga,Seed Funding,0.0
2006,2016-01-01,Helpi,Consumer Internet,On Demand Cleaning Services Mobile App,Mumbai,Undisclosed Investors,Seed Funding,0.0
2007,2016-01-04,DogSpot,ECommerce,Online Pet Store,Gurgaon,Ratan Tata,Seed Funding,0.0
2008,2016-01-04,Career360,Education,College Education Portal,New Delhi,MeritTrac,Private Equity,0.0
2009,2016-01-04,B9 Beverages,Food & Beverage,Craft Beer manufacturing company,New Delhi,Sequoia Capital,Private Equity,57.582
2009,2016-01-04,B9 Beverages,Food & Beverage,Craft Beer manufacturing company,New Delhi,Kunal Bahl,Private Equity,57.582
2009,2016-01-04,B9 Beverages,Food & Beverage,Craft Beer manufacturing company,New Delhi,Rohit Bansal,Private Equity,57.582
2009,2016-01-04,B9 Beverages,Food & Beverage,Craft Beer manufacturing company,New Delhi,Deepinder Goyal,Private Equity,57.582
2009,2016-01-04,B9 Beverages,Food & Beverage,Craft Beer manufacturing company,New Delhi,Ashish Dhawan,Private Equity,57.582
2009,2016-01-04,B9 Beverages,Food & Beverage,Craft Beer manufacturing company,New Delhi,Mayank Singhal,Private Equity,57.582
2010,2016-01-05,WIMWI Foods,Food & Beverage,Healthy food manufacturing & sales startup,Ahmedabad,Centre for Innovation Incubation and Entrepreneurship (CIIE),Seed Funding,0.0
2011,2016-01-05,MyChild App,Education,Child Disorder Information & Education,Bhopal,Samir Bangara,Seed Funding,0.9597
2011,2016-01-05,MyChild App,Education,Child Disorder Information & Education,Bhopal,Anisha Mittal,Seed Funding,0.9597
2011,2016-01-05,MyChild App,Education,Child Disorder Information & Education,Bhopal,Amit Gupta,Seed Funding,0.9597
2011,2016-01-05,MyChild App,Education,Child Disorder Information & Education,Bhopal,Pallav Nadhani,Seed Funding,0.9597
2011,2016-01-05,MyChild App,Education,Child Disorder Information & Education,Bhopal,Lalit Mangal,Seed Funding,0.9597
2011,2016-01-05,MyChild App,Education,Child Disorder Information & Education,Bhopal,Arihant Patni,Seed Funding,0.9597
2011,2016-01-05,MyChild App,Education,Child Disorder Information & Education,Bhopal,Dr. Ritesh Malik,Seed Funding,0.9597
2011,2016-01-05,MyChild App,Education,Child Disorder Information & Education,Bhopal,Deobrat Singh,Seed Funding,0.9597
2011,2016-01-05,MyChild App,Education,Child Disorder Information & Education,Bhopal,Saurab Paruthi,Seed Funding,0.9597
2011,2016-01-05,MyChild App,Education,Child Disorder Information & Education,Bhopal,Singapore Angel Network.,Seed Funding,0.9597
2012,2016-01-05,Instaproc,ECommerce,B2B Procurement Marketplace for Office Products,Noida,Dinesh Agarwal,Seed Funding,0.0
2013,2016-01-05,360Ride,Consumer Internet,Ride Sharing platform,Bangalore,Undisclosed,Seed Funding,1.43955
2014,2016-01-05,Alef\\nMobitech,Consumer Internet,Cloud Mobility Solutions,Mumbai,Tata Capital Innovation Fund,Private Equity,47.985
2015,2016-01-06,Tracxn,BFSI,Startup Funding Deal Discovery & Execution platform,Bangalore,Ratan Tata,Seed Funding,0.0
2016,2016-01-06,Qdesq,Real Estate,Branded Workspaces Aggregator,Gurgaon,Dheeraj Jain,Seed Funding,0.0
2016,2016-01-06,Qdesq,Real Estate,Branded Workspaces Aggregator,Gurgaon,Jagdish Kumar,Seed Funding,0.0
2016,2016-01-06,Qdesq,Real Estate,Branded Workspaces Aggregator,Gurgaon,Bharat Gupta,Seed Funding,0.0
2016,2016-01-06,Qdesq,Real Estate,Branded Workspaces Aggregator,Gurgaon,Ankush Saigal,Seed Funding,0.0
2016,2016-01-06,Qdesq,Real Estate,Branded Workspaces Aggregator,Gurgaon,Praveen Saini,Seed Funding,0.0
2017,2016-01-06,Sensara,Technology,"TV Search, Guide and Remote mobile app",Bangalore,Lalitesh Katragadda,Seed Funding,7.19775
2017,2016-01-06,Sensara,Technology,"TV Search, Guide and Remote mobile app",Bangalore, Ganayantrika Systems,Seed Funding,7.19775
2018,2016-01-06,Zebpay,Consumer Internet,Bitcoin Buying & Selling Mobile App,Ahmedabad,Arjun Handa,Private Equity,9.597
2018,2016-01-06,Zebpay,Consumer Internet,Bitcoin Buying & Selling Mobile App,Ahmedabad,Amit Jindal,Private Equity,9.597
2018,2016-01-06,Zebpay,Consumer Internet,Bitcoin Buying & Selling Mobile App,Ahmedabad,Nagendra Chaudhary,Private Equity,9.597
2019,2016-01-06,PlanMy\\nMedicalTrip,Healthcare,Medical Tourism platform,Pune,Bhanu Vikram Parsotam,Seed Funding,1.43955
2019,2016-01-06,PlanMy\\nMedicalTrip,Healthcare,Medical Tourism platform,Pune,Rohan Desai and Paras Patel,Seed Funding,1.43955
2020,2016-01-06,MyCity4Kids,Education,Children Education & Information platform,Gurgaon,SIDBI Venture Capital Limited,Private Equity,28.791
2020,2016-01-06,MyCity4Kids,Education,Children Education & Information platform,Gurgaon,YourNest Angel Fund,Private Equity,28.791
2021,2016-01-06,Justdakhila.com,Education,School Student admissions platform,New Delhi,Ankur Gupta,Seed Funding,7.19775
2022,2016-01-07,PitStop,Consumer Internet,Automobile Service Booking App,Bangalore,Myntra/LivSpace Founders,Seed Funding,0.0
2023,2016-01-07,Bikxie,Consumer Internet,Two Wheeler Taxi Service,Gurgaon,Undisclosed Investors,Seed Funding,0.0
2024,2016-01-07,Infurnia,Consumer Internet,Online Furniture Customization platform,Bangalore,Idein Ventures,Seed Funding,1.53552
2025,2016-01-07,Myly,Education,Mobile Based Education platform,Jaipur,Newbie Promoter Pvt Ltd,Seed Funding,0.9597
2026,2016-01-07,MakeMyTrip,Consumer Internet,Online Travel/Hotel Booking platform,Gurgaon,Ctrip.com International Ltd,Private Equity,1727.46
2027,2016-01-08,Melorra,ECommerce,Online/ Mobile Jewellery Retailer,Bangalore,Lightbox Ventures,Private Equity,47.985
2028,2016-01-08,ConfirmTKT,Consumer Internet,Train PNR Status Prediction Platform,Bangalore,Krishna Jhujhunwala,Seed Funding,2.39925
2028,2016-01-08,ConfirmTKT,Consumer Internet,Train PNR Status Prediction Platform,Bangalore,Dr. Apoorv Ranjan Sharma,Seed Funding,2.39925
2028,2016-01-08,ConfirmTKT,Consumer Internet,Train PNR Status Prediction Platform,Bangalore,Anirudh Damani,Seed Funding,2.39925
2028,2016-01-08,ConfirmTKT,Consumer Internet,Train PNR Status Prediction Platform,Bangalore,Anand Ladsariya,Seed Funding,2.39925
2028,2016-01-08,ConfirmTKT,Consumer Internet,Train PNR Status Prediction Platform,Bangalore,Sanjay Mehta & Others,Seed Funding,2.39925
2029,2016-01-08,Gyaanzone,Education,Career Planning and Education Advisory Platform,Mumbai,GBIM Technologies Pvt Ltd,Seed Funding,0.431865
2030,2016-01-08,FlatFurnish,Consumer Internet,Online Furnishing Rental Platform,Gurgaon,Arun Chandra Mohan,Seed Funding,0.0
2031,2016-01-09,Lumiere,ECommerce,Organic Food eTailer,Bangalore,Undisclosed investors,Private Equity,0.0
2032,2016-01-11,Koovs,ECommerce,Online Fashion Apparel Retailer,Gurgaon,Nahata Family,Private Equity,51.8238
2032,2016-01-11,Koovs,ECommerce,Online Fashion Apparel Retailer,Gurgaon,Waheed Alli,Private Equity,51.8238
2033,2016-01-11,Wishup,Consumer Internet,Mobile app based Concierge Service,New Delhi,500 Startups,Seed Funding,0.0
2033,2016-01-11,Wishup,Consumer Internet,Mobile app based Concierge Service,New Delhi,Mato Peric,Seed Funding,0.0
2033,2016-01-11,Wishup,Consumer Internet,Mobile app based Concierge Service,New Delhi,TracxnLabs,Seed Funding,0.0
2034,2016-01-11,FreshMenu,Consumer Internet,Online / Mobile Food Ordering platform,Bangalore,Zodius Capital,Private Equity,158.3505
2034,2016-01-11,FreshMenu,Consumer Internet,Online / Mobile Food Ordering platform,Bangalore,Lightspeed Venture Partners,Private Equity,158.3505
2035,2016-01-11,SavvyMob,ECommerce,Last Minute Hotel Bookings mobile marketplace,Bangalore,TV Mohandas Pai,Seed Funding,9.597
2035,2016-01-11,SavvyMob,ECommerce,Last Minute Hotel Bookings mobile marketplace,Bangalore,LetsVenture,Seed Funding,9.597
2036,2016-01-11,Fashionablyin,Consumer Internet,Mobile based Geo-target Fashion Marketplace,Mumbai,Ranjan Mahtani,Seed Funding,0.0
2037,2016-01-12,Shopclues,ECommerce,ECommerce Marketplace,Gurgaon,GIC,Private Equity,959.7
2037,2016-01-12,Shopclues,ECommerce,ECommerce Marketplace,Gurgaon,Tiger Global Management,Private Equity,959.7
2037,2016-01-12,Shopclues,ECommerce,ECommerce Marketplace,Gurgaon,Nexus Venture Partners,Private Equity,959.7
2038,2016-01-12,Hike Messenger,Consumer Internet,P2P Messaging Service,New Delhi,Matt Mullenweg,Private Equity,0.0
2038,2016-01-12,Hike Messenger,Consumer Internet,P2P Messaging Service,New Delhi,Adam DAngelo,Private Equity,0.0
2038,2016-01-12,Hike Messenger,Consumer Internet,P2P Messaging Service,New Delhi,Aditya Agarwal,Private Equity,0.0
2038,2016-01-12,Hike Messenger,Consumer Internet,P2P Messaging Service,New Delhi, Ruchi Sanghvi & Others,Private Equity,0.0
2039,2016-01-12,iBus Networks,Technology,Next Generation in-building connectivity,Bangalore,Vallabh Bhanshali,Private Equity,22.0731
2039,2016-01-12,iBus Networks,Technology,Next Generation in-building connectivity,Bangalore,N Squared Management LLC,Private Equity,22.0731
2039,2016-01-12,iBus Networks,Technology,Next Generation in-building connectivity,Bangalore,Jagdish & Sandeep Mehta Family Office,Private Equity,22.0731
2040,2016-01-12,Happy2Refer,Consumer Internet,Mobile based Referral Platform,Mumbai,Equity Crest,Seed Funding,2.39925
2040,2016-01-12,Happy2Refer,Consumer Internet,Mobile based Referral Platform,Mumbai,Vinners,Seed Funding,2.39925
2040,2016-01-12,Happy2Refer,Consumer Internet,Mobile based Referral Platform,Mumbai,Sparknext,Seed Funding,2.39925
2041,2016-01-13,CarTrade,Consumer Internet,Auto Classifieds Portal,Mumbai,Temasek Holdings,Private Equity,1391.565
2041,2016-01-13,CarTrade,Consumer Internet,Auto Classifieds Portal,Mumbai,March Capital,Private Equity,1391.565
2041,2016-01-13,CarTrade,Consumer Internet,Auto Classifieds Portal,Mumbai,Warburg Pincus,Private Equity,1391.565
2042,2016-01-13,Rentomo,Consumer Internet,peer-to-peer renting Marketplace,Bangalore,Shiva Ashok & Other unnamed investors,Seed Funding,0.9597
2043,2016-01-13,Roder,Consumer Internet,inter-city cab aggregator,New Delhi,Unicorn India Ventures,Seed Funding,2.30328
2044,2016-01-13,Bucker,Consumer Internet,Food Ordering Mobile App,Hyderabad,50k Ventures,Seed Funding,0.0
2044,2016-01-13,Bucker,Consumer Internet,Food Ordering Mobile App,Hyderabad,Munish Jauhar,Seed Funding,0.0
2044,2016-01-13,Bucker,Consumer Internet,Food Ordering Mobile App,Hyderabad,Pulkit Jain,Seed Funding,0.0
2044,2016-01-13,Bucker,Consumer Internet,Food Ordering Mobile App,Hyderabad,Rohit Narang,Seed Funding,0.0
2045,2016-01-13,Care24,Healthcare,Professional Health Services Platform,Mumbai,SAIF Partners,Private Equity,38.388
2045,2016-01-13,Care24,Healthcare,Professional Health Services Platform,Mumbai,India Quotient,Private Equity,38.388
2046,2016-01-13,Obino,Healthcare,Weigh Loss Coaching,Mumbai,RoundGlass Partners,Private Equity,0.0
2047,2016-01-14,Snapshopr,Consumer Internet,Visual Search & Image Recognition Platform,Bangalore,Amod Malviya,Seed Funding,0.0
2048,2016-01-14,Buildkar,ECommerce,Construction Material Marketplace,Bangalore,Mustafa Wajid,Seed Funding,0.0
2048,2016-01-14,Buildkar,ECommerce,Construction Material Marketplace,Bangalore,Umang Kumar & Others,Seed Funding,0.0
2049,2016-01-14,Orahi,Consumer Internet,Carpooling Mobile App,Gurgaon,Indian Angel Network,Seed Funding,4.99044
2050,2016-01-14,Zapr,Technology,TV to Mobile audience Platform,Gurgaon,Flipkart,Seed Funding,0.0
2050,2016-01-14,Zapr,Technology,TV to Mobile audience Platform,Gurgaon,Saavn,Seed Funding,0.0
2050,2016-01-14,Zapr,Technology,TV to Mobile audience Platform,Gurgaon,Micromax,Seed Funding,0.0
2050,2016-01-14,Zapr,Technology,TV to Mobile audience Platform,Gurgaon,Dhiraj Rajaram,Seed Funding,0.0
2050,2016-01-14,Zapr,Technology,TV to Mobile audience Platform,Gurgaon,Ambiga Dhiraj,Seed Funding,0.0
2050,2016-01-14,Zapr,Technology,TV to Mobile audience Platform,Gurgaon,Dinesh Agarwal,Seed Funding,0.0
2050,2016-01-14,Zapr,Technology,TV to Mobile audience Platform,Gurgaon,Samir Bangara,Seed Funding,0.0
2050,2016-01-14,Zapr,Technology,TV to Mobile audience Platform,Gurgaon,Sanjay Nath,Seed Funding,0.0
2050,2016-01-14,Zapr,Technology,TV to Mobile audience Platform,Gurgaon,Arihant Patni,Seed Funding,0.0
2051,2016-01-15,Remidio,Healthcare,Healthcare Product Manufacturer,Bangalore,Cipher-Plexus Capital Advisors & Indian HNIs,Private Equity,0.0
2052,2016-01-15,Fitso,Consumer Internet,Fitness related Social Networking App & Forum,Gurgaon,Varun Khurana,Seed Funding,1.9194
2052,2016-01-15,Fitso,Consumer Internet,Fitness related Social Networking App & Forum,Gurgaon,Samar Singla,Seed Funding,1.9194
2052,2016-01-15,Fitso,Consumer Internet,Fitness related Social Networking App & Forum,Gurgaon,Vinay Bansal,Seed Funding,1.9194
2052,2016-01-15,Fitso,Consumer Internet,Fitness related Social Networking App & Forum,Gurgaon,,Seed Funding,1.9194
2053,2016-01-15,evibe.in,Consumer Internet,Party Hall Booking platform,Bangalore,Hyderabad Angels,Seed Funding,0.0
2053,2016-01-15,evibe.in,Consumer Internet,Party Hall Booking platform,Bangalore,Lalit Mangal,Seed Funding,0.0
2053,2016-01-15,evibe.in,Consumer Internet,Party Hall Booking platform,Bangalore, Vikas Malpani,Seed Funding,0.0
2053,2016-01-15,evibe.in,Consumer Internet,Party Hall Booking platform,Bangalore,Gaurav Bhalotia,Seed Funding,0.0
2053,2016-01-15,evibe.in,Consumer Internet,Party Hall Booking platform,Bangalore,LV Prasad,Seed Funding,0.0
2054,2016-01-15,Zoctr,Consumer Internet,healthcare aggregator platform,Mumbai,Times Group,Seed Funding,0.0
2055,2016-01-15,Jobick,Consumer Internet,Mobile app based Job Search,Noida,Abhinav Mathur,Seed Funding,0.0
2056,2016-01-16,Plick,Consumer Internet,Instant Content Transfer Mobile App,Mumbai,Sanjay Mehta,Seed Funding,0.0
2057,2016-01-18,Voice Friends,Consumer Internet,Dating & Singles Chat Platform,Mumbai,Huzaifa Khorakiwala,Seed Funding,0.0
2058,2016-01-18,Kartrocket,Consumer Internet,SAAS DIY ECommerce Platform,New Delhi,Bertelsmann India Investments,Private Equity,57.582
2058,2016-01-18,Kartrocket,Consumer Internet,SAAS DIY ECommerce Platform,New Delhi,Nirvana Digital India Fund,Private Equity,57.582
2058,2016-01-18,Kartrocket,Consumer Internet,SAAS DIY ECommerce Platform,New Delhi,Nirvana Digital Investment Holding,Private Equity,57.582
2058,2016-01-18,Kartrocket,Consumer Internet,SAAS DIY ECommerce Platform,New Delhi,500 Startups,Private Equity,57.582
2059,2016-01-19,Swiggy,Consumer Internet,Online/Mobile food ordering platform,Bangalore,Harmony Partners,Private Equity,335.895
2059,2016-01-19,Swiggy,Consumer Internet,Online/Mobile food ordering platform,Bangalore,RB Investments & existing investors,Private Equity,335.895
2060,2016-01-19,TinyStep,Consumer Internet,Parenting Social Network,Bangalore,Flipkart,Seed Funding,0.0
2061,2016-01-19,Cashkaro,Consumer Internet,Coupon & Cashback platform,Gurgaon,Ratan Tata,Private Equity,0.0
2062,2016-01-19,Gameezop,Consumer Internet,Casual Gaming platform,New Delhi,Anand Chandrasekaran & Others,Seed Funding,0.0
2063,2016-01-19,DailyObjects,ECommerce,Mobile Accessories etailer,New Delhi,Unilazer Fund,Private Equity,13.4358
2063,2016-01-19,DailyObjects,ECommerce,Mobile Accessories etailer,New Delhi, Phanindra Sama,Private Equity,13.4358
2063,2016-01-19,DailyObjects,ECommerce,Mobile Accessories etailer,New Delhi,Peyush Bansal,Private Equity,13.4358
2064,2016-01-19,Indus OS,Technology,Local language Mobile OS,Mumbai,Omidyar Network,Private Equity,47.985
2064,2016-01-19,Indus OS,Technology,Local language Mobile OS,Mumbai,,Private Equity,47.985
2065,2016-01-19,CollegeDunia,Consumer Internet,Educational College Search platform,New Delhi,Umang Kumar,Seed Funding,4.270665
2066,2016-01-19,Villgro,Finance,Social Business Incubator & Fund,Chennai,Lemelson Foundation,Private Equity,33.5895
2066,2016-01-19,Villgro,Finance,Social Business Incubator & Fund,Chennai,Michael and Susan Dell Foundation,Private Equity,33.5895
2067,2016-01-20,Reddoorz,Consumer Internet,Budget Accomodation Aggregator,New Delhi,500 Startups,Private Equity,0.0
2068,2016-01-20,IndustryBuying,ECommerce,B2B Industrial Goods Marketplace,New Delhi,Trifecta Capital,Private Equity,17.2746
2069,2016-01-20,Just Buy Live,ECommerce,B2B Marketplace for Distributors,Mumbai,Alpha Capital,Private Equity,191.94
2070,2016-01-20,IMbesharam,ECommerce,Adult Products Etailers,New Delhi / US,Undisclosed US Based Investors,Private Equity,38.388
2071,2016-01-20,Moodoo,Consumer Internet,Social Meeting organizer App,Mumbai / UK,Sa\\xc3\\xafd Business School Seed Fund.,Seed Funding,0.38388
2072,2016-01-20,Saral Designs,Healthcare,Women Hygiene Product Manufacturer,Mumbai,Farooq Adam,Seed Funding,0.0
2072,2016-01-20,Saral Designs,Healthcare,Women Hygiene Product Manufacturer,Mumbai,Ambi Parameswaran,Seed Funding,0.0
2072,2016-01-20,Saral Designs,Healthcare,Women Hygiene Product Manufacturer,Mumbai,,Seed Funding,0.0
2073,2016-01-21,FirstCry,ECommerce,Kids Focused eTailer,Pune,Ratan Tata,Private Equity,0.0
2074,2016-01-21,Fisdom,Consumer Internet,Personal Finance Mobile App,Bangalore,Rob Chandra,Seed Funding,4.7985
2075,2016-01-21,Easypolicy,Consumer Internet,Online insurance policy aggregator,Noida,Unilazer Ventures,Private Equity,21.1134
2076,2016-01-21,Housing.com,Consumer Internet,Online Real Estate Portal,Mumbai,SoftBank Corp,Private Equity,143.955
2077,2016-01-21,CREO,Technology,Smartphone OS Developer,Bangalore,Sequoia Capital,Private Equity,28.791
2077,2016-01-21,CREO,Technology,Smartphone OS Developer,Bangalore,Beenext Ventures,Private Equity,28.791
2077,2016-01-21,CREO,Technology,Smartphone OS Developer,Bangalore,India Quotient,Private Equity,28.791
2077,2016-01-21,CREO,Technology,Smartphone OS Developer,Bangalore,Anand Chandrasekaran,Private Equity,28.791
2078,2016-01-22,ShabdaNagari,Consumer Internet,Hindi Language Social Networking Portal,Kanpur,Kanpur Angels & Others,Seed Funding,1.9194
2079,2016-01-22,Little,Consumer Internet,Deal Discovery App,Bangalore,GIC,Private Equity,0.0
2080,2016-01-22,SnapBizz,ECommerce,Mobile based Retail Market Ecosystem,Bangalore,Jungle Ventures,Private Equity,69.0984
2080,2016-01-22,SnapBizz,ECommerce,Mobile based Retail Market Ecosystem,Bangalore,Taurus Value Creation,Private Equity,69.0984
2080,2016-01-22,SnapBizz,ECommerce,Mobile based Retail Market Ecosystem,Bangalore,Konly Venture,Private Equity,69.0984
2080,2016-01-22,SnapBizz,ECommerce,Mobile based Retail Market Ecosystem,Bangalore,Blume Ventures,Private Equity,69.0984
2081,2016-01-22,Qlivery,Consumer Internet,on-demand concierge services,Gurgaon,Chandigarh Angels Funding,Seed Funding,0.0
2082,2016-01-22,PlexusMD,Consumer Internet,Social Network for Healthcare Professionals,Ahmedabad,Arihant Patni,Seed Funding,0.0
2082,2016-01-22,PlexusMD,Consumer Internet,Social Network for Healthcare Professionals,Ahmedabad,Avnish Mehra,Seed Funding,0.0
2082,2016-01-22,PlexusMD,Consumer Internet,Social Network for Healthcare Professionals,Ahmedabad,Pranay Adhvaryu,Seed Funding,0.0
2082,2016-01-22,PlexusMD,Consumer Internet,Social Network for Healthcare Professionals,Ahmedabad,Ravi Sampat,Seed Funding,0.0
2083,2016-01-22,Silvan,Technology,Home Automation & Security Solutions,Bangalore,The Chennai Angels,Seed Funding,4.942455
2084,2016-01-22,EPS,Technology,Electronic Payments Solution Company,Mumbai,APIS Partners,Private Equity,335.895
2085,2016-01-22,Qubole,Technology,Enterprise Cloud Based Data Processing,Bangalore,Institutional Venture Partners,Private Equity,287.91
2085,2016-01-22,Qubole,Technology,Enterprise Cloud Based Data Processing,Bangalore,Norwest Venture Partners,Private Equity,287.91
2085,2016-01-22,Qubole,Technology,Enterprise Cloud Based Data Processing,Bangalore,Lightspeed Venture Partners,Private Equity,287.91
2085,2016-01-22,Qubole,Technology,Enterprise Cloud Based Data Processing,Bangalore,CRV,Private Equity,287.91
2086,2016-01-22,Gajty,Healthcare,Salons & Spa Chain,Gurgaon,Purvi Ventures,Seed Funding,0.0
2087,2016-01-25,SIFTR Labs,Consumer Internet,Photography curation & Aggregator platform,Mumbai,Venture Catalysts,Seed Funding,1.43955
2088,2016-01-25,Power2SME,Consumer Internet,SME Online Buying Hub,Gurgaon,Nandan Nilekani,Private Equity,201.537
2088,2016-01-25,Power2SME,Consumer Internet,SME Online Buying Hub,Gurgaon,Accel Partners,Private Equity,201.537
2088,2016-01-25,Power2SME,Consumer Internet,SME Online Buying Hub,Gurgaon,Kalaari Capital and Inventus Capital,Private Equity,201.537
2089,2016-01-25,SkyCandle,ECommerce,Home D\\xc3\\xa9cor Product etailer,New Delhi,GPA group,Private Equity,0.0
2090,2016-01-27,Teabox.com,ECommerce,Specialty Tea ETailer,Siliguri,Ratan Tata,Private Equity,0.0
2091,2016-01-27,Buildzar,ECommerce,Construction Material ETailer,Gurgaon,Puneet Dalmia,Private Equity,38.388
2092,2016-01-27,Applicate,Technology,"Sales, Market, Distribution & Data Analytics Platform",Bangalore,Undisclosed investors,Seed Funding,9.597
2093,2016-01-27,WhatsOnRent,ECommerce,Online Rental Marketplace,Bangalore,Lalit Mangal & Others,Seed Funding,0.0
2094,2016-01-28,Zebi (yet to launch),Technology,Data Intelligence & Analytics,Hyderabad,Un disclosed investors,Seed Funding,9.597
2095,2016-01-28,Truce,FMCG,Vegetables & Fruits Supply Chain,Mumbai,Anupam Mittal,Seed Funding,3.55089
2095,2016-01-28,Truce,FMCG,Vegetables & Fruits Supply Chain,Mumbai,Amit Gupta,Seed Funding,3.55089
2095,2016-01-28,Truce,FMCG,Vegetables & Fruits Supply Chain,Mumbai,Utsav Somani,Seed Funding,3.55089
2095,2016-01-28,Truce,FMCG,Vegetables & Fruits Supply Chain,Mumbai,Neeraj Goenka,Seed Funding,3.55089
2095,2016-01-28,Truce,FMCG,Vegetables & Fruits Supply Chain,Mumbai,Farooq Adam Mukadam,Seed Funding,3.55089
2096,2016-01-28,JustDoc,Consumer Interne,Medical Video Consultation platform,Bangalore,TV Mohandas Pai,Seed Funding,0.0
2096,2016-01-28,JustDoc,Consumer Interne,Medical Video Consultation platform,Bangalore,Mohit Saxena,Seed Funding,0.0
2096,2016-01-28,JustDoc,Consumer Interne,Medical Video Consultation platform,Bangalore,Raghunandan G,Seed Funding,0.0
2096,2016-01-28,JustDoc,Consumer Interne,Medical Video Consultation platform,Bangalore,Singapore Angel Network,Seed Funding,0.0
2096,2016-01-28,JustDoc,Consumer Interne,Medical Video Consultation platform,Bangalore,TracxnLabs,Seed Funding,0.0
2097,2016-01-28,Myeglu,Technology,Connected Smart Home Solutions,Bangalore,Foxconn Technology Group & Others,Seed Funding,0.0
2098,2016-01-29,BitGiving,Consumer Internet,Crowd Funding Platform,New Delhi,Harminder Sahni,Seed Funding,0.0
2098,2016-01-29,BitGiving,Consumer Internet,Crowd Funding Platform,New Delhi,Krishna Mehra,Seed Funding,0.0
2098,2016-01-29,BitGiving,Consumer Internet,Crowd Funding Platform,New Delhi,Sanjay Bakshi,Seed Funding,0.0
2099,2016-01-29,Qriyo,Consumer Internet,Online Fitness & Educational information Aggregator,Jodhpur,Idein Ventures,Seed Funding,1.53552
2100,2016-01-29,N.O.W,Consumer Internet,Rental Bike Aggregator App,Noida,Maple Capital Advisors,Seed Funding,0.0
2101,2016-01-29,Aisle,Consumer Internet,Indians focused Matchmaking App,Bangalore,TermSheet,Seed Funding,1.775445
2101,2016-01-29,Aisle,Consumer Internet,Indians focused Matchmaking App,Bangalore,ah! Ventures,Seed Funding,1.775445
2102,2016-01-29,FreshMenu,Consumer Internet,Fresh Food Delivery platform,Bangalore,Zodius Technology Fund,Private Equity,163.149
2102,2016-01-29,FreshMenu,Consumer Internet,Fresh Food Delivery platform,Bangalore,Lightspeed Venture Partners,Private Equity,163.149
2103,2016-01-29,Truebil,ECommerce,Online marketplace for cars,Mumbai,Kalaari Capital,Private Equity,49.42455
2103,2016-01-29,Truebil,ECommerce,Online marketplace for cars,Mumbai,Inventus Capital,Private Equity,49.42455
2103,2016-01-29,Truebil,ECommerce,Online marketplace for cars,Mumbai,Tekton Ventures,Private Equity,49.42455
2103,2016-01-29,Truebil,ECommerce,Online marketplace for cars,Mumbai,Kae Capital,Private Equity,49.42455
2104,2016-01-29,Rare Media,Technology,Mobile & Cloud based App developer,New Delhi,Info Edge (India) Ltd,Private Equity,10.5567
2105,2016-01-29,TinMen,Consumer Internet,Food Delivery Platform,Hyderabad,Lead Angel Network,Seed Funding,0.0
2106,2016-01-29,CodingLabs,Technology,Coding Skill Showcase & Resume Builder,Hyderabad,Vineet Nalla,Seed Funding,0.0
2107,2016-01-30,FindUrClass,Consumer Internet,Hobby & Activity Class Aggregator,Mumbai,Amit Patni,Seed Funding,0.0
2107,2016-01-30,FindUrClass,Consumer Internet,Hobby & Activity Class Aggregator,Mumbai,Anirudh Damani,Seed Funding,0.0
2107,2016-01-30,FindUrClass,Consumer Internet,Hobby & Activity Class Aggregator,Mumbai,Samir Shah,Seed Funding,0.0
2108,2016-01-30,DesignBids,Consumer Internet,Interior Design Marketplace,New Delhi,Indian Angel Network,Seed Funding,0.0
2109,2015-12-01,CollegeDekho,Online Education Information platform,Undiscolsed,Jaipur,GirnarSoft,Seed Funding,9.597
2110,2015-12-01,Black White Orange Brands,Brand Licensing Startup,Undiscolsed,Mumbai,YouWeCan Ventures,Seed Funding,0.0
2111,2015-12-01,Biteclub,Gourmet Food Discovery & Delivery platform,Undiscolsed,Gurgaon,growX ventures,Private Equity,0.0
2112,2015-12-01,Patel Logistics,Transportation & Logistics Platform,Undiscolsed,Mumbai,Frontline Strategy,Private Equity,53.7432
2113,2015-12-01,Wigzo,Enterprise Marketing Automation platform,Undiscolsed,New Delhi,Aarin Capital Partners,Seed Funding,4.7985
2113,2015-12-01,Wigzo,Enterprise Marketing Automation platform,Undiscolsed,New Delhi,TV Mohandas Pai,Seed Funding,4.7985
2114,2015-12-01,Zapluk,"Health, Wellness & Beauty Services App",Undiscolsed,Hyderabad,Undiscolsed,Seed Funding,0.0
2115,2015-12-01,Godof Hospitals,Digital Healthcare,Undiscolsed,New Delhi,Pankaj Gupta,Seed Funding,19.194
2116,2015-12-02,RoomsTonite,Last Minute Hotel Booking App,Undiscolsed,Bangalore,Lashit Sanghvi,Seed Funding,14.3955
2116,2015-12-02,RoomsTonite,Last Minute Hotel Booking App,Undiscolsed,Bangalore,Nikhil Vora,Seed Funding,14.3955
2116,2015-12-02,RoomsTonite,Last Minute Hotel Booking App,Undiscolsed,Bangalore,Venkat Vardhan,Seed Funding,14.3955
2116,2015-12-02,RoomsTonite,Last Minute Hotel Booking App,Undiscolsed,Bangalore,Mohammed Bin Abdul Rehman Al Khalifa,Seed Funding,14.3955
2116,2015-12-02,RoomsTonite,Last Minute Hotel Booking App,Undiscolsed,Bangalore, Ralph Berezan,Seed Funding,14.3955
2116,2015-12-02,RoomsTonite,Last Minute Hotel Booking App,Undiscolsed,Bangalore,Vissal Mathew,Seed Funding,14.3955
2116,2015-12-02,RoomsTonite,Last Minute Hotel Booking App,Undiscolsed,Bangalore, Balamurali Krishna,Seed Funding,14.3955
2117,2015-12-02,Kaaryah,Womens Fashion Wear Portal,Undiscolsed,New Delhi,The Saha Fund,Private Equity,0.0
2117,2015-12-02,Kaaryah,Womens Fashion Wear Portal,Undiscolsed,New Delhi,TV Mohandas Pai,Private Equity,0.0
2118,2015-12-03,Anakage,Product Learning platform,Undiscolsed,Bangalore,CIO Angel Network (CAN),Seed Funding,0.0
2119,2015-12-03,EasyKhaana,Online Food ordering & Delivery platform,Undiscolsed,New Delhi,Undisclosed investors,Seed Funding,0.9597
2120,2015-12-03,Shuttl,App based Bus Pooling Services,Undiscolsed,Gurgaon,Sequoia Capital,Private Equity,191.94
2120,2015-12-03,Shuttl,App based Bus Pooling Services,Undiscolsed,Gurgaon,Times Internet Ltd & One more Fund,Private Equity,191.94
2121,2015-12-03,Eckovation,Social Learning Platform,Undiscolsed,New Delhi,Chandigarh Angel Network (CAN),Seed Funding,0.0
2122,2015-12-03,Fitcircle,Social Fitness platform,Undiscolsed,Mumbai,Beerud Sheth and Ravi Mantha,Seed Funding,0.0
2123,2015-12-04,Applop,On Demand Mobile app developer,Undiscolsed,Kolkata,GHV Accelerator,Seed Funding,0.9597
2124,2015-12-04,CaRPM,Car Maintenance & Management mobile app,Undiscolsed,Gurgaon,GHV Accelerator,Seed Funding,0.9597
2125,2015-12-04,NDTV Wedding portal,Online Wedding Marketplace,Undiscolsed,New Delhi,CerraCap,Private Equity,191.94
2126,2015-12-04,Splitkart,Splitting Bills Mobile App,Undiscolsed,New Delhi,Rajesh Sawhney,Seed Funding,0.0
2126,2015-12-04,Splitkart,Splitting Bills Mobile App,Undiscolsed,New Delhi,Anupam Mittal,Seed Funding,0.0
2126,2015-12-04,Splitkart,Splitting Bills Mobile App,Undiscolsed,New Delhi,Dinesh Agarwal,Seed Funding,0.0
2126,2015-12-04,Splitkart,Splitting Bills Mobile App,Undiscolsed,New Delhi,Gaurav Gupta,Seed Funding,0.0
2126,2015-12-04,Splitkart,Splitting Bills Mobile App,Undiscolsed,New Delhi,,Seed Funding,0.0
2127,2015-12-07,Zenatix,IOT Energy Management Analytics platform,Undiscolsed,Gurgaon,Blume Ventures,Private Equity,0.0
2128,2015-12-07,Customfurnish,Custom Made furniture e-tailer,Undiscolsed,Hyderabad,Agnus Capital,Private Equity,43.1865
2129,2015-12-07,Faasos,QSR Chain,Undiscolsed,Pune,ru-Net,Private Equity,287.91
2129,2015-12-07,Faasos,QSR Chain,Undiscolsed,Pune,Sequoia Capital,Private Equity,287.91
2129,2015-12-07,Faasos,QSR Chain,Undiscolsed,Pune, Lightbox Ventures,Private Equity,287.91
2130,2015-12-07,Vlurn,eLearning platform,Undiscolsed,Mumbai,Vidyadhar Sarfare,Seed Funding,0.0
2131,2015-12-07,Leaf Wearables,Smart Safety Wearable Devices,Undiscolsed,New Delhi,Ajeet Khurana Jinesh Shah,Seed Funding,2.39925
2131,2015-12-07,Leaf Wearables,Smart Safety Wearable Devices,Undiscolsed,New Delhi,Vikram Chachra,Seed Funding,2.39925
2131,2015-12-07,Leaf Wearables,Smart Safety Wearable Devices,Undiscolsed,New Delhi,Dr. Aniruddha Malpani,Seed Funding,2.39925
2132,2015-12-07,Coolshare,Cab Sharing service Mobile app,Undiscolsed,Mumbai,Gopal Aggarwal,Seed Funding,0.9597
2133,2015-12-08,mFicient,Cloud Enterprise Mobility Platform,Undiscolsed,New Delhi,Undisclosed investors,Seed Funding,0.0
2134,2015-12-08,HeyBiz,Online Shopping Assistant Mobile app,Undiscolsed,New Delhi,Shopclues,Seed Funding,0.0
2135,2015-12-08,Yumist,Home Cooked Food Order & Delivery platform,Undiscolsed,Gurgaon,Unilazer Ventures,Private Equity,19.194
2135,2015-12-08,Yumist,Home Cooked Food Order & Delivery platform,Undiscolsed,Gurgaon,Orios Venture Partners,Private Equity,19.194
2135,2015-12-08,Yumist,Home Cooked Food Order & Delivery platform,Undiscolsed,Gurgaon,Steven Lurie,Private Equity,19.194
2136,2015-12-09,Jigsaw Academy,Online School for Analytics learning,Undiscolsed,Bangalore,Manipal Global Education Services,Private Equity,28.791
2137,2015-12-09,JoeHukum,Chat based personal Assistant App,Undiscolsed,Gurgaon,TracxnLabs,Seed Funding,0.0
2137,2015-12-09,JoeHukum,Chat based personal Assistant App,Undiscolsed,Gurgaon,Jitendra Gupta,Seed Funding,0.0
2137,2015-12-09,JoeHukum,Chat based personal Assistant App,Undiscolsed,Gurgaon,Prashant Tandon,Seed Funding,0.0
2138,2015-12-09,Voxweb,Picture creation & Social mobile app,Undiscolsed,Mumbai,Undisclosed Investor,Seed Funding,3.35895
2139,2015-12-09,Aye Finance,Nonbanking finance company,Undiscolsed,New Delhi,SAIF Partners,Private Equity,28.791
2139,2015-12-09,Aye Finance,Nonbanking finance company,Undiscolsed,New Delhi,Accion,Private Equity,28.791
2140,2015-12-09,JumboBasket,eCommerce returns etailer,Undiscolsed,Chandigarh,Chandigarh Angels Network,Seed Funding,0.0
2141,2015-12-10,BlackBuck,Online Freight Services Aggregator,Undiscolsed,Bangalore,Tiger Global Management,Private Equity,239.925
2141,2015-12-10,BlackBuck,Online Freight Services Aggregator,Undiscolsed,Bangalore,Yuri Milner,Private Equity,239.925
2141,2015-12-10,BlackBuck,Online Freight Services Aggregator,Undiscolsed,Bangalore,Apoletto,Private Equity,239.925
2141,2015-12-10,BlackBuck,Online Freight Services Aggregator,Undiscolsed,Bangalore,Accel Partners,Private Equity,239.925
2141,2015-12-10,BlackBuck,Online Freight Services Aggregator,Undiscolsed,Bangalore,Flipkart,Private Equity,239.925
2142,2015-12-10,HomeStudio,Online Branded Furniture etailer,Undiscolsed,Bangalore,Bren Corporation,Private Equity,47.985
2143,2015-12-10,PropheSee,Digital Analytics Platform,Undiscolsed,New Delhi,Indian Angel Network,Seed Funding,4.7985
2143,2015-12-10,PropheSee,Digital Analytics Platform,Undiscolsed,New Delhi,Stanford Angels,Seed Funding,4.7985
2143,2015-12-10,PropheSee,Digital Analytics Platform,Undiscolsed,New Delhi,Entrepreneurs India,Seed Funding,4.7985
2144,2015-12-10,i2e1,Internet Network Infrastructure Services,Undiscolsed,New Delhi,GrowX Ventures,Seed Funding,4.7985
2145,2015-12-10,Holisol Logistics,Supply Chain & Logistics Solutions,Undiscolsed,New Delhi,CLSA Capital Partners ARIA IV Funds,Private Equity,95.97
2146,2015-12-10,Stay Simple Resorts,Holiday Resort Chain,Undiscolsed,Bangalore,Mr. Sudhir & Ms. Shalini Sethi,Seed Funding,0.0
2146,2015-12-10,Stay Simple Resorts,Holiday Resort Chain,Undiscolsed,Bangalore,Mr. Praveen Someshwar,Seed Funding,0.0
2147,2015-12-10,Paynear,Mobile Point of Sale solutions,Undiscolsed,Hyderabad,Mitesh Majithia,Private Equity,23.9925
2148,2015-12-10,Chillr,Peer-to-Peer Money Transfer & Recharge App,Undiscolsed,Mumbai,Sequoia Capital,Private Equity,671.79
2148,2015-12-10,Chillr,Peer-to-Peer Money Transfer & Recharge App,Undiscolsed,Mumbai,Blume Ventures,Private Equity,671.79
2148,2015-12-10,Chillr,Peer-to-Peer Money Transfer & Recharge App,Undiscolsed,Mumbai,Uniqorn Ventures and other,Private Equity,671.79
2149,2015-12-11,EureQa,Test Automation SAAS platform,Undiscolsed,Hyderabad/USA,Sashi Reddi,Seed Funding,5.7582
2149,2015-12-11,EureQa,Test Automation SAAS platform,Undiscolsed,Hyderabad/USA,Gabriel Investments,Seed Funding,5.7582
2150,2015-12-11,LocalCircles,Citizens Engagement Platform,Undiscolsed,Noida,Anand Mahindra,Private Equity,0.0
2151,2015-12-11,GetFocus,Indoor Navigation & Analytics Solutions,Undiscolsed,Mumbai,Undisclosed investors,Seed Funding,0.0
2152,2015-12-11,UrbanClap,Hyperlocal On-Demand Household Services platform,Undiscolsed,Gurgaon,Ratan Tata,Private Equity,0.0
2153,2015-12-11,OnlineRTI,Online RTI application services,Undiscolsed,Bangalore,LetsVenture,Seed Funding,1.43955
2153,2015-12-11,OnlineRTI,Online RTI application services,Undiscolsed,Bangalore,Mohandas Pai,Seed Funding,1.43955
2154,2015-12-11,Powerstores,ECommerce Website Creation SAAS platform,Undiscolsed,Goa,Extreme Venture Partners William Bissell,Seed Funding,0.0
2155,2015-12-11,Weddingz.in,Wedding Venues & Vendors Marketplace,Undiscolsed,Mumbai,Rajan Anandan,Seed Funding,9.597
2155,2015-12-11,Weddingz.in,Wedding Venues & Vendors Marketplace,Undiscolsed,Mumbai,Zoya Akhtar,Seed Funding,9.597
2155,2015-12-11,Weddingz.in,Wedding Venues & Vendors Marketplace,Undiscolsed,Mumbai,Reema Kagati,Seed Funding,9.597
2155,2015-12-11,Weddingz.in,Wedding Venues & Vendors Marketplace,Undiscolsed,Mumbai,Ruchi Narain,Seed Funding,9.597
2155,2015-12-11,Weddingz.in,Wedding Venues & Vendors Marketplace,Undiscolsed,Mumbai,Amrish Kumar,Seed Funding,9.597
2155,2015-12-11,Weddingz.in,Wedding Venues & Vendors Marketplace,Undiscolsed,Mumbai,Hrishikesh Parandekar,Seed Funding,9.597
2156,2015-12-11,Intelligent Interfaces,Interface development platform for Government officials,Undiscolsed,Bangalore,Sachin Bansal,Seed Funding,0.0
2156,2015-12-11,Intelligent Interfaces,Interface development platform for Government officials,Undiscolsed,Bangalore,Binny Bansal,Seed Funding,0.0
2157,2015-12-14,Capricoast,Modular Furnishings Marketplace,Undiscolsed,Bangalore,Accel Partners India,Private Equity,33.5895
2157,2015-12-14,Capricoast,Modular Furnishings Marketplace,Undiscolsed,Bangalore,RB Investments,Private Equity,33.5895
2158,2015-12-14,JetSetGo,Private Jet Bookings Marketplace,Undiscolsed,Bangalore,Puneet Dalmia,Private Equity,0.0
2159,2015-12-14,Cabsguru,Cab search Comparison & Booking platform,Undiscolsed,New Delhi,Prashanth Ranganathan,Seed Funding,1.9194
2160,2015-12-14,Whoop,Performance Optimization Platform for athletes,Undiscolsed,Boston,Infosys,Private Equity,28.791
2161,2015-12-15,BookEventz,Event Venue Booking Platform,Undiscolsed,Mumbai,Mumbai Angels,Seed Funding,0.0
2161,2015-12-15,BookEventz,Event Venue Booking Platform,Undiscolsed,Mumbai,Singapore Angel Network,Seed Funding,0.0
2161,2015-12-15,BookEventz,Event Venue Booking Platform,Undiscolsed,Mumbai,Zishaan Hayath,Seed Funding,0.0
2162,2015-12-15,Deal Street Asia,Digital Media Platform,Undiscolsed,Singapore,Vijay Shekhar Sharma,Seed Funding,0.0
2162,2015-12-15,Deal Street Asia,Digital Media Platform,Undiscolsed,Singapore,Singapore Angels Network,Seed Funding,0.0
2163,2015-12-15,Streamoid,visual search and discovery platform,Undiscolsed,Bangalore / Palo Alto,Undisclosed,Seed Funding,9.597
2164,2015-12-16,Housejoy,Home services marketplace,Undiscolsed,Bangalore,Amazon,Private Equity,215.9325
2164,2015-12-16,Housejoy,Home services marketplace,Undiscolsed,Bangalore,Vertex Ventures,Private Equity,215.9325
2164,2015-12-16,Housejoy,Home services marketplace,Undiscolsed,Bangalore,Qualcomm,Private Equity,215.9325
2164,2015-12-16,Housejoy,Home services marketplace,Undiscolsed,Bangalore,Ru-Net Technology Partners,Private Equity,215.9325
2164,2015-12-16,Housejoy,Home services marketplace,Undiscolsed,Bangalore,Matrix Partners,Private Equity,215.9325
2165,2015-12-16,Bluebirch,End to End reverse logistics Solution platform,Undiscolsed,Bangalore,Chicago Capital Ventures,Seed Funding,19.194
2165,2015-12-16,Bluebirch,End to End reverse logistics Solution platform,Undiscolsed,Bangalore,Sanjay Mehta,Seed Funding,19.194
2165,2015-12-16,Bluebirch,End to End reverse logistics Solution platform,Undiscolsed,Bangalore,Others,Seed Funding,19.194
2166,2015-12-16,MeraDoctor,Virtual Health consultation app,Undiscolsed,Mumbai,Unilazer,Private Equity,11.5164
2167,2015-12-16,STAGE 3,Online Renting platform,Undiscolsed,New Delhi,Nisha Sharma,Seed Funding,0.0
2167,2015-12-16,STAGE 3,Online Renting platform,Undiscolsed,New Delhi,Puneet Dalmia,Seed Funding,0.0
2167,2015-12-16,STAGE 3,Online Renting platform,Undiscolsed,New Delhi,Balaji Prabhakar,Seed Funding,0.0
2168,2015-12-17,Rivigo,Logistics Services Provider,Undiscolsed,Gurgaon,SAIF Partners and others,Private Equity,287.91
2169,2015-12-17,Springboard,Data Science & UX design Learning platform,Undiscolsed,Bangalore,Allen Blue,Seed Funding,16.3149
2169,2015-12-17,Springboard,Data Science & UX design Learning platform,Undiscolsed,Bangalore,John Katzman,Seed Funding,16.3149
2169,2015-12-17,Springboard,Data Science & UX design Learning platform,Undiscolsed,Bangalore,Naveen Tewari,Seed Funding,16.3149
2169,2015-12-17,Springboard,Data Science & UX design Learning platform,Undiscolsed,Bangalore,Kartik Hosanagar,Seed Funding,16.3149
2169,2015-12-17,Springboard,Data Science & UX design Learning platform,Undiscolsed,Bangalore,Kashyap Deorah,Seed Funding,16.3149
2169,2015-12-17,Springboard,Data Science & UX design Learning platform,Undiscolsed,Bangalore,500 Startups,Seed Funding,16.3149
2169,2015-12-17,Springboard,Data Science & UX design Learning platform,Undiscolsed,Bangalore,Blue Fog Capital,Seed Funding,16.3149
2170,2015-12-17,Eatfresh,Online marketplace for Chef Meals,Undiscolsed,Bangalore,Kalaari Capital,Private Equity,0.0
2171,2015-12-18,Ampere Vehicles,Electric Bike Manufacturers,Undiscolsed,Coimbatore,Kris Gopalakrishnan & Others,Seed Funding,11.5164
2172,2015-12-18,Focus Digit,ECommerce platform solutions,Undiscolsed,New Delhi,Turning Ideas,Seed Funding,0.0
2173,2015-12-18,The News Minute,Online Media Publication,Undiscolsed,Bangalore,Quintillion Media,Seed Funding,0.0
2174,2015-12-18,CBREX,International Hiring Platform,Undiscolsed,Mumbai / NY,Prahlad Rao,Seed Funding,1.9194
2174,2015-12-18,CBREX,International Hiring Platform,Undiscolsed,Mumbai / NY,Sundara Rajan,Seed Funding,1.9194
2174,2015-12-18,CBREX,International Hiring Platform,Undiscolsed,Mumbai / NY,Vikram Chachra,Seed Funding,1.9194
2175,2015-12-21,TruckMandi,Logistics Service Provider Marketplace,Undiscolsed,New Delhi,Ritesh Dwivedy,Private Equity,19.194
2175,2015-12-21,TruckMandi,Logistics Service Provider Marketplace,Undiscolsed,New Delhi,Ramakant Sharma,Private Equity,19.194
2175,2015-12-21,TruckMandi,Logistics Service Provider Marketplace,Undiscolsed,New Delhi,Mount Nathan Advisors,Private Equity,19.194
2176,2015-12-21,Peppertap,Hyperlocal Grocery Delivery Service,Undiscolsed,Gurgaon,Innoven Capital,Private Equity,38.388
2177,2015-12-21,KOOH Sports,Sports Education Platform,Undiscolsed,Mumbai,TCS,Private Equity,19.194
2177,2015-12-21,KOOH Sports,Sports Education Platform,Undiscolsed,Mumbai,HDFC,Private Equity,19.194
2177,2015-12-21,KOOH Sports,Sports Education Platform,Undiscolsed,Mumbai,Faering Capital,Private Equity,19.194
2177,2015-12-21,KOOH Sports,Sports Education Platform,Undiscolsed,Mumbai,Elevate Sports,Private Equity,19.194
2178,2015-12-22,RentOnGo,"Bike, Appliances Renting marketplace",Undiscolsed,Bangalore,Anand Chandrasekaran,Seed Funding,0.0
2178,2015-12-22,RentOnGo,"Bike, Appliances Renting marketplace",Undiscolsed,Bangalore,Rajesh Sawhney,Seed Funding,0.0
2178,2015-12-22,RentOnGo,"Bike, Appliances Renting marketplace",Undiscolsed,Bangalore,Kalpana Tatavarti,Seed Funding,0.0
2178,2015-12-22,RentOnGo,"Bike, Appliances Renting marketplace",Undiscolsed,Bangalore,Shivanandan Pare,Seed Funding,0.0
2179,2015-12-22,Industrybuying,Online Marketplace for Industrial Goods,Undiscolsed,New Delhi,Murugappa Group,Seed Funding,0.0
2179,2015-12-22,Industrybuying,Online Marketplace for Industrial Goods,Undiscolsed,New Delhi,TVS Group,Seed Funding,0.0
2179,2015-12-22,Industrybuying,Online Marketplace for Industrial Goods,Undiscolsed,New Delhi,Vellayan Subbiah,Seed Funding,0.0
2179,2015-12-22,Industrybuying,Online Marketplace for Industrial Goods,Undiscolsed,New Delhi,Arathi Krishna,Seed Funding,0.0
2179,2015-12-22,Industrybuying,Online Marketplace for Industrial Goods,Undiscolsed,New Delhi,Arun Venkatachalam,Seed Funding,0.0
2180,2015-12-22,Zapr,Reward points mobile app,Undiscolsed,Gurgaon,Dinesh Agarwal,Seed Funding,0.0
2181,2015-12-22,LatestOne,Mobile accessories online store,Undiscolsed,Hyderabad,Palred Technologies Ltd,Private Equity,28.791
2182,2015-12-22,PlanetGogo,Content Discovery & reward points platform,Undiscolsed,Gurgaon,HT Digital Media Holdings Ltd,Seed Funding,0.0
2183,2015-12-22,Arya.ai,Artificial Intelligence platform,Undiscolsed,Mumbai,YourNest Angel Fund,Private Equity,7.19775
2183,2015-12-22,Arya.ai,Artificial Intelligence platform,Undiscolsed,Mumbai,Venture Nursery,Private Equity,7.19775
2184,2015-12-22,Doctor Insta,Medical Consultation & Doctor appointment booking platform,Undiscolsed,Gurgaon,Rishi Parti,Private Equity,4.7985
2184,2015-12-22,Doctor Insta,Medical Consultation & Doctor appointment booking platform,Undiscolsed,Gurgaon,BrahmaX Ventures,Private Equity,4.7985
2185,2015-12-22,MobieFit,Mobile Fitness App,Undiscolsed,Goa,Medi Assist,Private Equity,9.597
2186,2015-12-23,LafaLafa,"Digital Coupons, Deal & Cashback aggregator app",Undiscolsed,Mumbai,Vectr Ventures,Private Equity,0.0
2187,2015-12-23,Mech Mocha,Mobile Game development & Design platform,Undiscolsed,Bangalore,Blume Ventures,Seed Funding,9.597
2187,2015-12-23,Mech Mocha,Mobile Game development & Design platform,Undiscolsed,Bangalore,Flipkart,Seed Funding,9.597
2188,2015-12-23,Shotang.com,B2B eCommerce Marketplace,Undiscolsed,Bangalore,Exfinity Venture Partners,Private Equity,47.985
2188,2015-12-23,Shotang.com,B2B eCommerce Marketplace,Undiscolsed,Bangalore,Unitus Impact Livelihoods Fund,Private Equity,47.985
2189,2015-12-23,CityFurnish,Furniture and appliances rental platform,Undiscolsed,Gurgaon,Jitendra Gupta,Seed Funding,0.0
2190,2015-12-24,Black White Orange,B2B Merchandize platform,Undiscolsed,Mumbai,Collaborative Licensing Ventures LLP,Seed Funding,2.907891
2191,2015-12-24,Kolabro,Real Estate focused Tech platform,Undiscolsed,Gurgaon,Umang Kumar,Seed Funding,0.0
2191,2015-12-24,Kolabro,Real Estate focused Tech platform,Undiscolsed,Gurgaon,Ruchir Arora & others,Seed Funding,0.0
2192,2015-12-24,Canvera,Photographer Online search & booking platform,Undiscolsed,Bangalore,Info Edge (India) Ltd,Private Equity,21.1134
2193,2015-12-28,Town Essentials,Grocery Delivery platform,Undiscolsed,Bangalore,Sharad Hegde,Seed Funding,9.597
2193,2015-12-28,Town Essentials,Grocery Delivery platform,Undiscolsed,Bangalore,Girish Reddy,Seed Funding,9.597
2193,2015-12-28,Town Essentials,Grocery Delivery platform,Undiscolsed,Bangalore,Siddharth Patil,Seed Funding,9.597
2193,2015-12-28,Town Essentials,Grocery Delivery platform,Undiscolsed,Bangalore,Shrikant Patil,Seed Funding,9.597
2194,2015-12-28,Bumper,Mobile Car Servicing appointment app,Undiscolsed,Bangalore,SAIF Partners,Seed Funding,4.7985
2195,2015-12-29,Hotify,New Curation Mobile App,Undiscolsed,Bangalore,Mahavir Pratap Sharma,Seed Funding,1.43955
2196,2015-12-29,MobiKwik,Mobile Wallet,Undiscolsed,Gurgaon,Sequoia Capital,Private Equity,63.3402
2196,2015-12-29,MobiKwik,Mobile Wallet,Undiscolsed,Gurgaon,Tree Line Asia,Private Equity,63.3402
2196,2015-12-29,MobiKwik,Mobile Wallet,Undiscolsed,Gurgaon,Innoven Capital,Private Equity,63.3402
2197,2015-12-30,Intelligent Interfaces,Interface development platform for Government officials,Undiscolsed,Bangalore,Yuvraj Singh,Seed Funding,0.0
2198,2015-11-02,Twigly,Online Food Ordering & Delivery platform,Undiscolsed,Gurgaon,Amit Gupta,Seed Funding,1.9194
2198,2015-11-02,Twigly,Online Food Ordering & Delivery platform,Undiscolsed,Gurgaon,Sahil Barua,Seed Funding,1.9194
2198,2015-11-02,Twigly,Online Food Ordering & Delivery platform,Undiscolsed,Gurgaon,Mukul Singhal,Seed Funding,1.9194
2198,2015-11-02,Twigly,Online Food Ordering & Delivery platform,Undiscolsed,Gurgaon,Tracxn Labs,Seed Funding,1.9194
2199,2015-11-02,CityFlo,Bus Aggregation and rental mobile app,Undiscolsed,Mumbai,IDG Ventures,Seed Funding,7.19775
2200,2015-11-03,Findyahan,hyperlocal online Services platform,Undiscolsed,Noida,Times Group Brand Capital,Private Equity,0.0
2201,2015-11-03,Sabse,WiFi \xe2\x80\x93 first Cloud communication platform,Undiscolsed,Mumbai,Ratan Tata,Private Equity,0.0
2202,2015-11-03,Pokkt,Alternate Mobile Monetization platform,Undiscolsed,Mumbai,Segnel Venture,Private Equity,47.985
2202,2015-11-03,Pokkt,Alternate Mobile Monetization platform,Undiscolsed,Mumbai,Shinji Kimura,Private Equity,47.985
2202,2015-11-03,Pokkt,Alternate Mobile Monetization platform,Undiscolsed,Mumbai,Sundar Chanrai,Private Equity,47.985
2202,2015-11-03,Pokkt,Alternate Mobile Monetization platform,Undiscolsed,Mumbai,JAFCO Asia,Private Equity,47.985
2202,2015-11-03,Pokkt,Alternate Mobile Monetization platform,Undiscolsed,Mumbai,SingTels Innov8,Private Equity,47.985
2202,2015-11-03,Pokkt,Alternate Mobile Monetization platform,Undiscolsed,Mumbai,Jungle Ventures,Private Equity,47.985
2202,2015-11-03,Pokkt,Alternate Mobile Monetization platform,Undiscolsed,Mumbai,K Ganesh,Private Equity,47.985
2203,2015-11-03,oibanit,Online Food Ordering Marketplace,Undiscolsed,Vadodara,Varun Ahuja,Seed Funding,1.43955
2203,2015-11-03,oibanit,Online Food Ordering Marketplace,Undiscolsed,Vadodara,Anubhav Verma,Seed Funding,1.43955
2204,2015-11-03,Stuffed,Quick Service Restaurant & Online Delivery,Undiscolsed,Mumbai,Riqueza Capital,Seed Funding,3.694845
2205,2015-11-03,LoanBaba,Online Loans Marketplace,Undiscolsed,Mumbai,Undiscolsed,Seed Funding,3.07104
2206,2015-11-03,Deyor Rooms,Budget Hotels Aggregator,Undiscolsed,New Delhi,Dheeraj Jain & Others,Seed Funding,4.7985
2207,2015-11-03,Bidgely,Efficient Energy Management platform,Undiscolsed,USA/India,Constellation Technology Ventures (Exelon Corporation),Private Equity,159.3102
2207,2015-11-03,Bidgely,Efficient Energy Management platform,Undiscolsed,USA/India,E.ON,Private Equity,159.3102
2207,2015-11-03,Bidgely,Efficient Energy Management platform,Undiscolsed,USA/India,RWE,Private Equity,159.3102
2207,2015-11-03,Bidgely,Efficient Energy Management platform,Undiscolsed,USA/India,Khosla Ventures,Private Equity,159.3102
2208,2015-11-04,Shirsa Labs,Digital Intelligent learning platform,Undiscolsed,Mumbai,ah! Ventures,Seed Funding,2.39925
2209,2015-11-04,Paytunes,Voice Call incentivization mobile app,Undiscolsed,New Delhi,CIO Angel Network,Seed Funding,0.0
2210,2015-11-04,YourDOST,Online Counselling and psychological support platform,Undiscolsed,Gwalior,Phanindra Sama,Seed Funding,3.8388
2210,2015-11-04,YourDOST,Online Counselling and psychological support platform,Undiscolsed,Gwalior,Aprameya Radhakrishna,Seed Funding,3.8388
2210,2015-11-04,YourDOST,Online Counselling and psychological support platform,Undiscolsed,Gwalior,Aneesh Reddy,Seed Funding,3.8388
2210,2015-11-04,YourDOST,Online Counselling and psychological support platform,Undiscolsed,Gwalior,Neeraj Jawalkar,Seed Funding,3.8388
2210,2015-11-04,YourDOST,Online Counselling and psychological support platform,Undiscolsed,Gwalior,Sanjay Anandaram,Seed Funding,3.8388
2210,2015-11-04,YourDOST,Online Counselling and psychological support platform,Undiscolsed,Gwalior,Pavan Ongole,Seed Funding,3.8388
2210,2015-11-04,YourDOST,Online Counselling and psychological support platform,Undiscolsed,Gwalior,Venk Krishnan,Seed Funding,3.8388
2211,2015-11-05,BookMyBai,Domestic Help Aggregation platform,Undiscolsed,Mumbai,Vineel Nalla & Others,Seed Funding,1.43955
2212,2015-11-05,MyIndianStay,Home Stay & room rentals platform,Undiscolsed,Goa,Undisclosed investors,Seed Funding,1.9194
2213,2015-11-05,Bobble,Selfie Mobile App,Undiscolsed,New Delhi,SAIF Partners & others,Private Equity,0.0
2214,2015-11-06,RepUp,Online Reputation Management Platform,Undiscolsed,Gurgaon,Indian Angel Network,Seed Funding,0.0
2215,2015-11-06,Satvacart,Online Grocery platform,Undiscolsed,Gurgaon,Undisclosed HNIs,Private Equity,17.2746
2216,2015-11-06,POPxo.com,Online content platform for women,Undiscolsed,New Delhi,IDG Ventures India,Private Equity,19.194
2216,2015-11-06,POPxo.com,Online content platform for women,Undiscolsed,New Delhi,Kalaari Capital,Private Equity,19.194
2216,2015-11-06,POPxo.com,Online content platform for women,Undiscolsed,New Delhi,500 Startups,Private Equity,19.194
2217,2015-11-06,SparesHub,Online Vehicle Spare Parts etailer,Undiscolsed,Pune,Hyderabad Angels,Seed Funding,4.41462
2217,2015-11-06,SparesHub,Online Vehicle Spare Parts etailer,Undiscolsed,Pune,M&S Partners,Seed Funding,4.41462
2218,2015-11-06,Explara,Event Ticketing platform,Undiscolsed,Pune,Hyderabad Angels,Private Equity,4.70253
2218,2015-11-06,Explara,Event Ticketing platform,Undiscolsed,Pune,Singapore Angel Network,Private Equity,4.70253
2218,2015-11-06,Explara,Event Ticketing platform,Undiscolsed,Pune,Ness Wadia,Private Equity,4.70253
2219,2015-11-06,Soothe Healthcare,affordable Personal Healthcare Products,Undiscolsed,Noida,Saina Nehwal,Seed Funding,0.0
2220,2015-11-06,Yuvi Hospitality,Premium dining Lounges & restaurants,Undiscolsed,Gurgaon,Chandralekha Construction Pvt. Ltd.,Private Equity,143.955
2221,2015-11-09,AppVirality,Mobile Growth Hacking\\nPlatform,Undiscolsed,Hyderabad,Rajan Anandan,Seed Funding,4.7985
2221,2015-11-09,AppVirality,Mobile Growth Hacking\\nPlatform,Undiscolsed,Hyderabad,Mike Galgon,Seed Funding,4.7985
2221,2015-11-09,AppVirality,Mobile Growth Hacking\\nPlatform,Undiscolsed,Hyderabad,Ravi Gururaj,Seed Funding,4.7985
2221,2015-11-09,AppVirality,Mobile Growth Hacking\\nPlatform,Undiscolsed,Hyderabad,Ashim Mehra,Seed Funding,4.7985
2221,2015-11-09,AppVirality,Mobile Growth Hacking\\nPlatform,Undiscolsed,Hyderabad, Mohit Saxena,Seed Funding,4.7985
2221,2015-11-09,AppVirality,Mobile Growth Hacking\\nPlatform,Undiscolsed,Hyderabad,Internet Group,Seed Funding,4.7985
2221,2015-11-09,AppVirality,Mobile Growth Hacking\\nPlatform,Undiscolsed,Hyderabad,TNN Capital and others,Seed Funding,4.7985
2222,2015-11-09,iStar Skill Development,Skill Training Startup,Undiscolsed,Bangalore,Michael & Susan Dell Foundation,Private Equity,14.3955
2222,2015-11-09,iStar Skill Development,Skill Training Startup,Undiscolsed,Bangalore,Unitus Seed Fund,Private Equity,14.3955
2223,2015-11-09,BigStylist.com,Beauty and Wellness Marketplace,Undiscolsed,Mumbai,Info Edge,Private Equity,9.597
2224,2015-11-09,Zilingo,Marketplace App for Bangkok,Undiscolsed,Bangalore/ Bangkok,Sequoia India,Private Equity,18.2343
2224,2015-11-09,Zilingo,Marketplace App for Bangkok,Undiscolsed,Bangalore/ Bangkok,BEENEXT Ventures,Private Equity,18.2343
2224,2015-11-09,Zilingo,Marketplace App for Bangkok,Undiscolsed,Bangalore/ Bangkok,Kunal Shah & Sandeep Tandon,Private Equity,18.2343
2225,2015-11-09,Didi,On-demand Maids Service Provider,Undiscolsed,Mumbai,Jozef Bardik,Seed Funding,1.43955
2225,2015-11-09,Didi,On-demand Maids Service Provider,Undiscolsed,Mumbai,Leo Wang Sangeeth Ram,Seed Funding,1.43955
2226,2015-11-09,Skoov.com,eCommerce Product Search Engine,Undiscolsed,Mumbai,undisclosed investor,Seed Funding,1.43955
2227,2015-11-10,Chefs Basket,Ready to cook packaged Foods,Undiscolsed,Mumbai,SAIF Partners,Private Equity,57.582
2227,2015-11-10,Chefs Basket,Ready to cook packaged Foods,Undiscolsed,Mumbai,Haresh Chawla,Private Equity,57.582
2228,2015-11-11,Gingercrush,Product Customization Platform,Undiscolsed,Vadodara,TV Mohandas Pais family office,Seed Funding,0.0
2229,2015-11-11,Delight Foods,Branded Food products online sales,Undiscolsed,Bangalore,Lensbridge Capital,Private Equity,5.7582
2229,2015-11-11,Delight Foods,Branded Food products online sales,Undiscolsed,Bangalore,Mape Advisory Group,Private Equity,5.7582
2229,2015-11-11,Delight Foods,Branded Food products online sales,Undiscolsed,Bangalore,Fireside Ventures,Private Equity,5.7582
2230,2015-11-11,6Degree,Talent platform for Fashion professionals,Undiscolsed,Goa/Hyderabad,Centre For Incubation & Business Acceleration (CIBA),Seed Funding,0.0
2230,2015-11-11,6Degree,Talent platform for Fashion professionals,Undiscolsed,Goa/Hyderabad,Goa,Seed Funding,0.0
2231,2015-11-11,RenewBuy,Auto Insurance Online platform,Undiscolsed,Gurgaon,Mount Nathan Advisors Pte Ltd,Seed Funding,4.7985
2232,2015-11-11,Grab,Hyperlocal Logistics Service Provider,Undiscolsed,Mumbai,Sixth Sense Ventures,Seed Funding,0.0
2233,2015-11-12,Hitwicket,Cricket Management Mobile Game,Undiscolsed,Hyderabad,Chennai Angels,Seed Funding,2.39925
2234,2015-11-13,Flashdoor,On Demand Laundry Service platform,Undiscolsed,Bangalore,Sujeet Kumar,Seed Funding,0.0
2234,2015-11-13,Flashdoor,On Demand Laundry Service platform,Undiscolsed,Bangalore,Ankit Nagori,Seed Funding,0.0
2234,2015-11-13,Flashdoor,On Demand Laundry Service platform,Undiscolsed,Bangalore,Traxcn Labs,Seed Funding,0.0
2235,2015-11-16,Cashkaro.com,Ecommerce Discount & Cashback coupons platform,Undiscolsed,Gurgaon,Kalaari Capital,Private Equity,35.5089
2236,2015-11-16,Absentia,Virtual Reality Headset creator,Undiscolsed,Bangalore,Astarc Ventures,Seed Funding,1.72746
2236,2015-11-16,Absentia,Virtual Reality Headset creator,Undiscolsed,Bangalore,50K Ventures & others,Seed Funding,1.72746
2237,2015-11-16,Renowala,Home Improvement Service platform,Undiscolsed,Hyderabad,Logtally,Seed Funding,0.0
2238,2015-11-16,TaskBucks,mobile-only tasks marketplace,Undiscolsed,New Delhi,Times Internet,Private Equity,143.955
2239,2015-11-17,CraftsVilla,Women Ethnic Wear Online Marketplace,Undiscolsed,Mumbai,Sequoia India,Private Equity,326.298
2239,2015-11-17,CraftsVilla,Women Ethnic Wear Online Marketplace,Undiscolsed,Mumbai,Lightspeed Venture Partners,Private Equity,326.298
2239,2015-11-17,CraftsVilla,Women Ethnic Wear Online Marketplace,Undiscolsed,Mumbai,Nexus Venture Partners,Private Equity,326.298
2239,2015-11-17,CraftsVilla,Women Ethnic Wear Online Marketplace,Undiscolsed,Mumbai,Global Founders Capital,Private Equity,326.298
2239,2015-11-17,CraftsVilla,Women Ethnic Wear Online Marketplace,Undiscolsed,Mumbai,Apoletto,Private Equity,326.298
2240,2015-11-17,Julia Computing,Numerical Computing & Data Science Platform,Undiscolsed,Bangalore,Gordon and Betty Moore Foundation,Seed Funding,5.7582
2241,2015-11-17,StyleTag,Designer fashion Jewellery Marketplace,Undiscolsed,Bangalore,Jitu Virwani,Seed Funding,71.9775
2242,2015-11-17,Smytten,Online Products Discovery Platform,Undiscolsed,Gurgaon,Rimpal Chawla,Seed Funding,1.9194
2242,2015-11-17,Smytten,Online Products Discovery Platform,Undiscolsed,Gurgaon,Anuj Srivastava,Seed Funding,1.9194
2243,2015-11-17,BiBox,Kids Tool kit for Innovation platform,Undiscolsed,Bangalore,Ravi Krishnamurthy,Seed Funding,5.08641
2244,2015-11-17,Convegenius,Mobile Learning Solutions,Undiscolsed,Noida / Singapore,Enablers platform,Seed Funding,2.8791
2245,2015-11-18,Ola,Car Aggregator & Retail Mobile App,Undiscolsed,Bangalore,Baillie Gifford,Private Equity,4798.5
2245,2015-11-18,Ola,Car Aggregator & Retail Mobile App,Undiscolsed,Bangalore,Falcon Edge Capital,Private Equity,4798.5
2245,2015-11-18,Ola,Car Aggregator & Retail Mobile App,Undiscolsed,Bangalore,Tiger Global,Private Equity,4798.5
2245,2015-11-18,Ola,Car Aggregator & Retail Mobile App,Undiscolsed,Bangalore,SoftBank Group,Private Equity,4798.5
2245,2015-11-18,Ola,Car Aggregator & Retail Mobile App,Undiscolsed,Bangalore,DST Global,Private Equity,4798.5
2245,2015-11-18,Ola,Car Aggregator & Retail Mobile App,Undiscolsed,Bangalore,Didi Kuaidi,Private Equity,4798.5
2246,2015-11-18,Goodbox,conversational commerce mobile app,Undiscolsed,Bangalore,Nexus Venture Partners,Private Equity,23.9925
2247,2015-11-18,ScoopWhoop,Viral Content web Platform,Undiscolsed,New Delhi,Kalaari Capital,Private Equity,38.388
2248,2015-11-18,Hipship,Express local delivery platform,Undiscolsed,Bangalore,Inara Capital,Seed Funding,0.0
2248,2015-11-18,Hipship,Express local delivery platform,Undiscolsed,Bangalore,Rishi Khiani,Seed Funding,0.0
2249,2015-11-18,Pickrr,On-Demand Local Logistics provider,Undiscolsed,New Delhi,Palaash Ventures,Seed Funding,0.0
2250,2015-11-18,Truelancer,Curated Freelancer Marketplace,Undiscolsed,New Delhi,Blackstone Valley Group,Seed Funding,0.0
2250,2015-11-18,Truelancer,Curated Freelancer Marketplace,Undiscolsed,New Delhi,Raghu Vohra,Seed Funding,0.0
2250,2015-11-18,Truelancer,Curated Freelancer Marketplace,Undiscolsed,New Delhi,Aditya Dev Sood,Seed Funding,0.0
2250,2015-11-18,Truelancer,Curated Freelancer Marketplace,Undiscolsed,New Delhi,Kamal Bansal,Seed Funding,0.0
2251,2015-11-19,AHA Taxis,Online Taxi Rental Platform,Undiscolsed,Noida,ah! Ventures,Seed Funding,0.0
2252,2015-11-19,UrbanClap,Mobile Services Marketplace,Undiscolsed,Gurgaon,Bessemer Venture Partner,Private Equity,239.925
2252,2015-11-19,UrbanClap,Mobile Services Marketplace,Undiscolsed,Gurgaon,Accel,Private Equity,239.925
2252,2015-11-19,UrbanClap,Mobile Services Marketplace,Undiscolsed,Gurgaon,SAIF Partners,Private Equity,239.925
2253,2015-11-19,SenseGiz,Smartwatch Maker,Undiscolsed,Belgaum,Karnataka Semiconductor Venture Capital firm,Seed Funding,4.7985
2254,2015-11-19,PlaceofOrigin,Online Gourmet Food Marketplace,Undiscolsed,Bangalore,S.D. Shibulal,Seed Funding,0.0
2254,2015-11-19,PlaceofOrigin,Online Gourmet Food Marketplace,Undiscolsed,Bangalore,Kris Gopalakrishnan,Seed Funding,0.0
2254,2015-11-19,PlaceofOrigin,Online Gourmet Food Marketplace,Undiscolsed,Bangalore,Srinath Batni,Seed Funding,0.0
2254,2015-11-19,PlaceofOrigin,Online Gourmet Food Marketplace,Undiscolsed,Bangalore,Professor Tarun Khanna,Seed Funding,0.0
2254,2015-11-19,PlaceofOrigin,Online Gourmet Food Marketplace,Undiscolsed,Bangalore, Ganapathy Venugopal.,Seed Funding,0.0
2255,2015-11-19,Fourseven,Online Jewellery etailer,Undiscolsed,New Delhi,Indian Angel Network,Seed Funding,4.366635
2256,2015-11-20,MindTickle,Sales & Productivity Software,Undiscolsed,Pune / US,New Enterprise Associates,Private Equity,119.9625
2257,2015-11-20,Shopsense,ecommerce related software product platform,Undiscolsed,Mumbai,Kae Capital,Seed Funding,0.0
2257,2015-11-20,Shopsense,ecommerce related software product platform,Undiscolsed,Mumbai,Kunal Bahl,Seed Funding,0.0
2257,2015-11-20,Shopsense,ecommerce related software product platform,Undiscolsed,Mumbai,Rohit Bansal,Seed Funding,0.0
2258,2015-11-20,Medinfi,Health-Tech platform,Undiscolsed,Bangalore,Ram Kumar Kakani,Seed Funding,2.927085
2258,2015-11-20,Medinfi,Health-Tech platform,Undiscolsed,Bangalore,Pradeep K Jaisingh,Seed Funding,2.927085
2258,2015-11-20,Medinfi,Health-Tech platform,Undiscolsed,Bangalore,Sunil T V,Seed Funding,2.927085
2258,2015-11-20,Medinfi,Health-Tech platform,Undiscolsed,Bangalore,Vijay Ghadge,Seed Funding,2.927085
2258,2015-11-20,Medinfi,Health-Tech platform,Undiscolsed,Bangalore,Hemant Kaul,Seed Funding,2.927085
2258,2015-11-20,Medinfi,Health-Tech platform,Undiscolsed,Bangalore,Gurmeet Chahal & Others,Seed Funding,2.927085
2259,2015-11-20,OUWT,Nightlife Discovery Mobile App,Undiscolsed,Mumbai,Undisclosed investors,Seed Funding,1.43955
2260,2015-11-20,HeyPillow,Online Real Estate Marketplace,Undiscolsed,Bangalore,Hampton Capital,Private Equity,28.791
2261,2015-11-21,Healers At Home,"Home Healthcare Services platform,",Undiscolsed,New Delhi,Daljit Singh,Seed Funding,0.0
2261,2015-11-21,Healers At Home,"Home Healthcare Services platform,",Undiscolsed,New Delhi,Dr. Pramath Raj Sinha,Seed Funding,0.0
2261,2015-11-21,Healers At Home,"Home Healthcare Services platform,",Undiscolsed,New Delhi,BVR Mohan Reddy,Seed Funding,0.0
2262,2015-11-21,Caravan Craft,Indian Ethnic Crafts Etailer,Undiscolsed,Bangalore,Unitus Seed Fund,Private Equity,11.5164
2262,2015-11-21,Caravan Craft,Indian Ethnic Crafts Etailer,Undiscolsed,Bangalore,Bijou Kurien,Private Equity,11.5164
2262,2015-11-21,Caravan Craft,Indian Ethnic Crafts Etailer,Undiscolsed,Bangalore,Narayan Ramachandran,Private Equity,11.5164
2263,2015-11-21,Talkoot,Social platform for traders and investors,Undiscolsed,Bangalore,Undisclosed investors,Seed Funding,0.9597
2264,2015-11-23,RentoMojo,"Online Furniture, Home Appliances Rental Platform",Undiscolsed,Bangalore,IDG Ventures India,Private Equity,19.194
2264,2015-11-23,RentoMojo,"Online Furniture, Home Appliances Rental Platform",Undiscolsed,Bangalore, Accel Partners India,Private Equity,19.194
2265,2015-11-23,Medikoe,Healthcare Services Discovery platform,Undiscolsed,Bangalore,Anil Menon,Seed Funding,0.9597
2266,2015-11-24,Stylofie,Health and Beauty Services Marketplace,Undiscolsed,Gurgaon,Swastika,Seed Funding,2.39925
2267,2015-11-24,ServX,Automotive Services platform,Undiscolsed,New Delhi,Manish Gupta,Seed Funding,0.0
2268,2015-11-24,Naaptol,Online and TV Shopping Marketplace,Undiscolsed,Mumbai,Mitsui & Co.,Private Equity,499.044
2268,2015-11-24,Naaptol,Online and TV Shopping Marketplace,Undiscolsed,Mumbai,New Enterprise Associates,Private Equity,499.044
2268,2015-11-24,Naaptol,Online and TV Shopping Marketplace,Undiscolsed,Mumbai,Canaan Partners,Private Equity,499.044
2268,2015-11-24,Naaptol,Online and TV Shopping Marketplace,Undiscolsed,Mumbai,Silicon Valley Bank,Private Equity,499.044
2269,2015-11-24,Crayon Data,Big Data Analytics Platform,Undiscolsed,Chennai/ Singapore,Ratan Tata,Private Equity,0.0
2270,2015-11-25,EarlySalary.com,Mobile App based Loan disbursement platform,Undiscolsed,Mumbai,Ashok Agarwal,Seed Funding,14.3955
2271,2015-11-25,Tooler,On Demand Laundry Services App,Undiscolsed,New Delhi,Raghu Khanna,Seed Funding,1.05567
2271,2015-11-25,Tooler,On Demand Laundry Services App,Undiscolsed,New Delhi,Sameer Gupta,Seed Funding,1.05567
2272,2015-11-25,S Chand,Education Content Provider,Undiscolsed,New Delhi,IFC Everstone Group,Private Equity,259.119
2273,2015-11-26,Stelae,Content Management Software Solutions,Undiscolsed,Chennai,Earlsfield Capital,Private Equity,0.0
2274,2015-11-26,GoQii,Fitness Tracking Management Solutions,Undiscolsed,Mumbai,New Enterprise Associates,Private Equity,128.5998
2274,2015-11-26,GoQii,Fitness Tracking Management Solutions,Undiscolsed,Mumbai,Cheetah Mobile,Private Equity,128.5998
2275,2015-11-26,Grofers,Hyper-local Grocery Delivery platform,Undiscolsed,Gurgaon,Softbank,Private Equity,1151.64
2275,2015-11-26,Grofers,Hyper-local Grocery Delivery platform,Undiscolsed,Gurgaon,Tiger Global,Private Equity,1151.64
2275,2015-11-26,Grofers,Hyper-local Grocery Delivery platform,Undiscolsed,Gurgaon,Sequoia Capital,Private Equity,1151.64
2275,2015-11-26,Grofers,Hyper-local Grocery Delivery platform,Undiscolsed,Gurgaon,Apoletto Managers,Private Equity,1151.64
2276,2015-11-26,Pluss,Hyperlocal healthcare product Delivery Service provider,Undiscolsed,Gurgaon,IDG Ventures,Private Equity,9.597
2276,2015-11-26,Pluss,Hyperlocal healthcare product Delivery Service provider,Undiscolsed,Gurgaon,M & S partners,Private Equity,9.597
2276,2015-11-26,Pluss,Hyperlocal healthcare product Delivery Service provider,Undiscolsed,Gurgaon,Powerhouse Ventures (USA).,Private Equity,9.597
2277,2015-11-26,KountMoney,Online Lending Marketplace,Undiscolsed,Bangalore,Tracxn,Seed Funding,0.0
2277,2015-11-26,KountMoney,Online Lending Marketplace,Undiscolsed,Bangalore,Ashish Goenka & Others,Seed Funding,0.0
2278,2015-11-27,StayGlad,On Demand Beauty Services Platform,Undiscolsed,Bangalore,Bessemer Venture Partners,Private Equity,0.0
2278,2015-11-27,StayGlad,On Demand Beauty Services Platform,Undiscolsed,Bangalore,Anil Chopra,Private Equity,0.0
2279,2015-11-27,JustRide,Self Driven Rental Car Platform,Undiscolsed,Mumbai,Undiscolsed,Private Equity,19.194
2280,2015-11-27,Fastudent,Education Content etailer,Undiscolsed,Noida,Ashish Gupta,Seed Funding,0.0
2281,2015-11-27,LearnOn,Clud based Learning platform,Undiscolsed,Chennai,JMR Infotech India Pvt Ltd,Seed Funding,0.0
2282,2015-11-27,Talentrack,Talent Exchange & Talent Services Marketplace,Undiscolsed,New Delhi,Unigrowth Inc,Seed Funding,0.0
2283,2015-11-28,M-TAXI,Two-Wheeler Taxi Service,Undiscolsed,Gurgaon,Mandeep Singh,Seed Funding,0.0
2283,2015-11-28,M-TAXI,Two-Wheeler Taxi Service,Undiscolsed,Gurgaon,Jairaj Singh,Seed Funding,0.0
2284,2015-11-30,Baxi,Two-Wheeler Taxi Service,Undiscolsed,Gurgaon,Manish Kheterpal,Seed Funding,13.91565
2284,2015-11-30,Baxi,Two-Wheeler Taxi Service,Undiscolsed,Gurgaon,Alok Mittal,Seed Funding,13.91565
2284,2015-11-30,Baxi,Two-Wheeler Taxi Service,Undiscolsed,Gurgaon, Puneet Dalmia,Seed Funding,13.91565
2284,2015-11-30,Baxi,Two-Wheeler Taxi Service,Undiscolsed,Gurgaon,,Seed Funding,13.91565
2285,2015-11-30,Superhero Brands,character merchandize sales platform,Undiscolsed,Mumbai,DSG Consumer Partners,Seed Funding,5.18238
2286,2015-11-30,MoMagic,Mobile Application Developer,Undiscolsed,New Delhi,FIH Mobile Ltd,Private Equity,0.0
2287,2015-11-30,QikPod,Ecommerce Delivery locker services,Undiscolsed,Bangalore,Flipkart,Private Equity,86.373
2287,2015-11-30,QikPod,Ecommerce Delivery locker services,Undiscolsed,Bangalore,Accel Partners,Private Equity,86.373
2287,2015-11-30,QikPod,Ecommerce Delivery locker services,Undiscolsed,Bangalore,Delhivery,Private Equity,86.373
2287,2015-11-30,QikPod,Ecommerce Delivery locker services,Undiscolsed,Bangalore,Foxconn,Private Equity,86.373
2288,2015-11-30,Butterfly Interactive,extra curricular activities marketplace app,Undiscolsed,New Delhi,Undisclosed investors,Seed Funding,0.0
2289,2015-11-30,Bro4U,Hyperlocal Online Home services provider,Undiscolsed,Bangalore,Sargod Ventures,Seed Funding,0.0
2290,2015-10-01,Indifi,Easy Business Loans platform,Undiscolsed,Gurgaon,Accel Partners,Seed Funding,0.0
2290,2015-10-01,Indifi,Easy Business Loans platform,Undiscolsed,Gurgaon,Elevar Equity,Seed Funding,0.0
2290,2015-10-01,Indifi,Easy Business Loans platform,Undiscolsed,Gurgaon,Pramod Bhasin,Seed Funding,0.0
2290,2015-10-01,Indifi,Easy Business Loans platform,Undiscolsed,Gurgaon,Rajan Anandan,Seed Funding,0.0
2290,2015-10-01,Indifi,Easy Business Loans platform,Undiscolsed,Gurgaon,Gaurav Dalmia,Seed Funding,0.0
2290,2015-10-01,Indifi,Easy Business Loans platform,Undiscolsed,Gurgaon,Abhishek Goyal,Seed Funding,0.0
2290,2015-10-01,Indifi,Easy Business Loans platform,Undiscolsed,Gurgaon,Gagan Hasteer,Seed Funding,0.0
2290,2015-10-01,Indifi,Easy Business Loans platform,Undiscolsed,Gurgaon,Arun Tadanki,Seed Funding,0.0
2291,2015-10-01,Wydr,Performance based Wholesale Marketplace,Undiscolsed,New Delhi,Sandeep Aggarwal,Seed Funding,0.0
2292,2015-10-01,EasyFix,Professional Services Marketplace,Undiscolsed,Gurgaon,Axilor Ventures,Seed Funding,0.0
2293,2015-10-01,Muvizz,Movie-on-demand platform,Undiscolsed,Singapore,Ashish Todi,Seed Funding,3.35895
2293,2015-10-01,Muvizz,Movie-on-demand platform,Undiscolsed,Singapore,Abhinav Patodia,Seed Funding,3.35895
2293,2015-10-01,Muvizz,Movie-on-demand platform,Undiscolsed,Singapore,Kumar Shwetabh,Seed Funding,3.35895
2294,2015-10-01,Abhibus,us ticketing and fleet management platform,Undiscolsed,Hyderabad,Paytm (One97 communications),Private Equity,0.0
2295,2015-10-01,Cleartax,Online Income Tax Filing platform,Undiscolsed,New Delhi,Paytm (One97 communications),Private Equity,0.0
2296,2015-10-02,Shopalyst,Product discovery & recommendation platform,Undiscolsed,Bangalore,Kalaari Capital,Private Equity,19.194
2297,2015-10-03,Chillr,Mobile Payments App,Undiscolsed,Mumbai,Sequoia Capital,Private Equity,57.582
2298,2015-10-05,Nykaa,Beauty & Wellness Products e-tailer,Undiscolsed,Mumbai,Harsh Mariwala,Private Equity,91.1715
2298,2015-10-05,Nykaa,Beauty & Wellness Products e-tailer,Undiscolsed,Mumbai,Atul Nishar,Private Equity,91.1715
2298,2015-10-05,Nykaa,Beauty & Wellness Products e-tailer,Undiscolsed,Mumbai,Dalip Pathak,Private Equity,91.1715
2298,2015-10-05,Nykaa,Beauty & Wellness Products e-tailer,Undiscolsed,Mumbai,Michael Carlos,Private Equity,91.1715
2299,2015-10-05,Voylla,Fashion jewelry and accessories e-tailer,Undiscolsed,Jaipur,Peepul Capital,Private Equity,143.955
2300,2015-10-05,IndiaLends,Online Consumer Lending platform,Undiscolsed,New Delhi,DSG consumer Partners,Private Equity,9.597
2300,2015-10-05,IndiaLends,Online Consumer Lending platform,Undiscolsed,New Delhi,Paragon Partners,Private Equity,9.597
2301,2015-10-05,Rock N Shop,Premium Apparel shopping portal,Undiscolsed,New Delhi,High Networth Individuals (undisclosed),Seed Funding,1.43955
2302,2015-10-06,DocPlexus,Exclusive Platform for Doctors & Healthcare professionals,Undiscolsed,Pune,Uniqorn ventures,Seed Funding,6.7179
2302,2015-10-06,DocPlexus,Exclusive Platform for Doctors & Healthcare professionals,Undiscolsed,Pune,ASP Consulting,Seed Funding,6.7179
2303,2015-10-06,WorkIndia,Job Board,Undiscolsed,Mumbai,Satyen Kothari,Seed Funding,4.7985
2303,2015-10-06,WorkIndia,Job Board,Undiscolsed,Mumbai,Keshav Sanghi,Seed Funding,4.7985
2303,2015-10-06,WorkIndia,Job Board,Undiscolsed,Mumbai,Riddhesh Gandhi & Others,Seed Funding,4.7985
2304,2015-10-06,SportzVillage,Sports Management & Physical Education Business,Undiscolsed,Bangalore,Gaja Capital Private Equity Fund,Private Equity,95.97
2305,2015-10-06,SportyBeans,multi-sport program for preschoolers,Undiscolsed,Pune,YouWeCan Ventures,Seed Funding,0.0
2306,2015-10-06,Burger Singh,QSR & Online delivery portal,Undiscolsed,Gurgaon,Ashvin Chadha,Seed Funding,4.7985
2306,2015-10-06,Burger Singh,QSR & Online delivery portal,Undiscolsed,Gurgaon,Avtar Monga,Seed Funding,4.7985
2306,2015-10-06,Burger Singh,QSR & Online delivery portal,Undiscolsed,Gurgaon,Udaan Angels,Seed Funding,4.7985
2306,2015-10-06,Burger Singh,QSR & Online delivery portal,Undiscolsed,Gurgaon,Dheeraj Jain,Seed Funding,4.7985
2307,2015-10-06,Welcome Cure,Online Homeopathy Clinic,Undiscolsed,Mumbai,Unnamed Media house and HNIs,Private Equity,57.582
2308,2015-10-07,SchoolGuru,E-Learning Service Provider,Undiscolsed,Mumbai,High Networth Individuals from India & USA,Private Equity,28.791
2309,2015-10-07,Naturally Yours,Organic Food etailer,Undiscolsed,Mumbai,Sanjay Mehta,Seed Funding,0.0
2310,2015-10-07,GoJavas,Delivery & Logistics Service provider,Undiscolsed,Gurgaon,Snapdeal,Private Equity,191.94
2311,2015-10-07,Scandid,Product Discovery & comparison App,Undiscolsed,Pune,Micromax Informatics,Private Equity,0.0
2312,2015-10-07,StalkBuyLove,Online Apparels Fashion brand,Undiscolsed,New Delhi,Mato Peric,Private Equity,0.0
2312,2015-10-07,StalkBuyLove,Online Apparels Fashion brand,Undiscolsed,New Delhi,Peter Kabel & others,Private Equity,0.0
2313,2015-10-08,ZuperMeal,Home Cooked Food marketplace & Delivery,Undiscolsed,Mumbai,Sanjeev Kapoor,Private Equity,19.194
2313,2015-10-08,ZuperMeal,Home Cooked Food marketplace & Delivery,Undiscolsed,Mumbai, Ravi Saxena & Others,Private Equity,19.194
2314,2015-10-08,Cube26,Gesture based Mobile Development,Undiscolsed,New Delhi,Tiger Global Management,Private Equity,73.8969
2314,2015-10-08,Cube26,Gesture based Mobile Development,Undiscolsed,New Delhi,Flipkart,Private Equity,73.8969
2315,2015-10-08,Mobikon,Hotel Mobile CRM Software platform,Undiscolsed,Pune / Singapore,Life.SREDA,Private Equity,0.0
2315,2015-10-08,Mobikon,Hotel Mobile CRM Software platform,Undiscolsed,Pune / Singapore,Qualgro,Private Equity,0.0
2316,2015-10-08,Grabhouse,Rental Accommodation Search platform,Undiscolsed,Bangalore,Sequoia and Kalaari Capital.,Private Equity,95.97
2317,2015-10-08,Quifers,Logistics Tech Platform,Undiscolsed,Mumbai,Vikas Agarwal,Seed Funding,2.97507
2317,2015-10-08,Quifers,Logistics Tech Platform,Undiscolsed,Mumbai,Vishal Khare,Seed Funding,2.97507
2317,2015-10-08,Quifers,Logistics Tech Platform,Undiscolsed,Mumbai,Sanjeev Kakkar,Seed Funding,2.97507
2317,2015-10-08,Quifers,Logistics Tech Platform,Undiscolsed,Mumbai,Smile Group,Seed Funding,2.97507
2318,2015-10-09,Stockroom.io,Developer Portfolio Showcase platform,Undiscolsed,Hyderabad,Undisclosed Investors,Seed Funding,0.67179
2319,2015-10-09,Curofy,Doctors Network Mobile App,Undiscolsed,New Delhi,RoundGlass Partners,Private Equity,0.0
2320,2015-10-09,Cloud Lending,End-to-End Lending platform,Undiscolsed,Bangalore / San Mateo,SF Capital Group,Private Equity,76.776
2321,2015-10-09,Inayo,on-demand healthcare marketplace,Undiscolsed,Mumbai,Kemark Ventures,Seed Funding,2.8791
2321,2015-10-09,Inayo,on-demand healthcare marketplace,Undiscolsed,Mumbai,Amit Ranjan,Seed Funding,2.8791
2321,2015-10-09,Inayo,on-demand healthcare marketplace,Undiscolsed,Mumbai,Zishaan Hayath and Others,Seed Funding,2.8791
2322,2015-10-09,WoNoBo,360-degree view creating platform,Undiscolsed,Bangalore,Quikr,Private Equity,0.0
2323,2015-10-09,Kulzy,Advertising & Marketing Community Networking platform,Undiscolsed,New Delhi,Seedfund,Seed Funding,9.597
2323,2015-10-09,Kulzy,Advertising & Marketing Community Networking platform,Undiscolsed,New Delhi,Bedrock Ventures,Seed Funding,9.597
2324,2015-10-09,Zeppery,Food Ordering & Delivery App,Undiscolsed,New Delhi,Suyash Sharma,Seed Funding,0.738969
2325,2015-10-12,Zify,Ride Sharing platform,Undiscolsed,Hyderabad,Sean OSullivan & Others,Seed Funding,1.82343
2326,2015-10-12,Faircent,Online P2P lending marketplace,Undiscolsed,Gurgaon,Aarin Capital Partners,Private Equity,0.0
2327,2015-10-12,Bizongo,B2B marketplace for industrial goods,Undiscolsed,Mumbai,Accel Partners,Seed Funding,0.0
2328,2015-10-12,Gridle,Cloud Based Collaboration platform,Undiscolsed,Ahmedabad,LetsVenture,Seed Funding,0.9597
2329,2015-10-12,Tripoto,global community for travellers,Undiscolsed,New Delhi,500 Startups,Private Equity,0.0
2329,2015-10-12,Tripoto,global community for travellers,Undiscolsed,New Delhi,IDG Ventures & Advantedge fund,Private Equity,0.0
2329,2015-10-12,Tripoto,global community for travellers,Undiscolsed,New Delhi,Neeraj Arora,Private Equity,0.0
2329,2015-10-12,Tripoto,global community for travellers,Undiscolsed,New Delhi,Leon Seynave,Private Equity,0.0
2330,2015-10-12,Mubble,Prepaid Bill manager App,Undiscolsed,Bangalore,Accel Partners,Private Equity,0.0
2331,2015-10-13,Voodoo,Mobile Only Shopping Assistant,Undiscolsed,New Delhi,SAIF Partners,Seed Funding,9.597
2332,2015-10-13,Lookup,Mobile Messaging Assistant App,Undiscolsed,Bangalore,Khosla Impact,Private Equity,23.9925
2332,2015-10-13,Lookup,Mobile Messaging Assistant App,Undiscolsed,Bangalore,Biz Stone,Private Equity,23.9925
2332,2015-10-13,Lookup,Mobile Messaging Assistant App,Undiscolsed,Bangalore,Catamaran Ventures,Private Equity,23.9925
2332,2015-10-13,Lookup,Mobile Messaging Assistant App,Undiscolsed,Bangalore,Global Founders Capital,Private Equity,23.9925
2332,2015-10-13,Lookup,Mobile Messaging Assistant App,Undiscolsed,Bangalore,European investment fund,Private Equity,23.9925
2333,2015-10-14,AskMyGift,Personalized Wish List creator app,Undiscolsed,Noida,Turning Ideas,Seed Funding,0.47985
2334,2015-10-14,Gaana.com,Music Streaming mobile app,Undiscolsed,Mumbai,Micromax Informatics Ltd,Private Equity,0.0
2335,2015-10-14,Zappfresh,Raw Meat & Ready to eat food etailer,Undiscolsed,Gurgaon,Undisclosed Investors,Seed Funding,0.738969
2336,2015-10-14,GymTrekker,Gym Discovery platform,Undiscolsed,Mumbai,Dewang Neralla,Seed Funding,0.0
2336,2015-10-14,GymTrekker,Gym Discovery platform,Undiscolsed,Mumbai,Roopak Taneja,Seed Funding,0.0
2336,2015-10-14,GymTrekker,Gym Discovery platform,Undiscolsed,Mumbai,Manisha Gupta,Seed Funding,0.0
2337,2015-10-15,Bounty App,Online Purchase rewards app,Undiscolsed,Bangalore,Fireside Ventures,Seed Funding,0.0
2337,2015-10-15,Bounty App,Online Purchase rewards app,Undiscolsed,Bangalore,Mumbai Angels MAPE Advisory Group.,Seed Funding,0.0
2338,2015-10-16,Homers.in,Home rental platform,Undiscolsed,Gurgaon,Devesh Rai G,Seed Funding,0.0
2338,2015-10-16,Homers.in,Home rental platform,Undiscolsed,Gurgaon,Rajesh Aggarwal,Seed Funding,0.0
2338,2015-10-16,Homers.in,Home rental platform,Undiscolsed,Gurgaon,Amitpal Bhutani,Seed Funding,0.0
2339,2015-10-16,mShipper,Crowdsourced Delivery platform,Undiscolsed,New Delhi,Vijai Laxmi,Seed Funding,0.0
2340,2015-10-16,BolRealty,Real Estate Insights platform,Undiscolsed,New Delhi,Manpreet Singh,Seed Funding,0.0
2341,2015-10-17,S-Cube Futuretech,Structural & Civil Engg Service Automation,Undiscolsed,Mumbai,Parampara Capital,Private Equity,9.597
2342,2015-10-19,LetsVenture,Startup Funding Marketplace,Undiscolsed,Bangalore,Accel Partners,Private Equity,0.0
2342,2015-10-19,LetsVenture,Startup Funding Marketplace,Undiscolsed,Bangalore,Anupam Mittal & other marquee investors,Private Equity,0.0
2343,2015-10-19,Citrus Payment,Payments Solution platform,Undiscolsed,Mumbai,Sequoia Capital,Private Equity,239.925
2343,2015-10-19,Citrus Payment,Payments Solution platform,Undiscolsed,Mumbai,Ascent Capital,Private Equity,239.925
2343,2015-10-19,Citrus Payment,Payments Solution platform,Undiscolsed,Mumbai,eContext Asia,Private Equity,239.925
2343,2015-10-19,Citrus Payment,Payments Solution platform,Undiscolsed,Mumbai,Beenos Asia,Private Equity,239.925
2344,2015-10-19,Holidify,Travel Destination Discovery platform,Undiscolsed,New Delhi,Aarti Group,Seed Funding,0.9597
2345,2015-10-20,PrimaSeller,Order Fulfillment SAAS platform,Undiscolsed,Bangalore,Dr. Aniruddha Malpani Manish Gupta,Seed Funding,0.0
2345,2015-10-20,PrimaSeller,Order Fulfillment SAAS platform,Undiscolsed,Bangalore,M&S Partners & others,Seed Funding,0.0
2346,2015-10-20,Opinio,Last Mile Delivery Service,Undiscolsed,Bangalore,Delhivery,Private Equity,67.179
2346,2015-10-20,Opinio,Last Mile Delivery Service,Undiscolsed,Bangalore,Sands Capital and Accel Partners,Private Equity,67.179
2347,2015-10-20,Attune Technologies,Healthcare IT Solutions & services,Undiscolsed,Chennai,Qualcomm Venture,Private Equity,95.97
2347,2015-10-20,Attune Technologies,Healthcare IT Solutions & services,Undiscolsed,Chennai,Norwest Venture Partners,Private Equity,95.97
2348,2015-10-20,iChef.in,Gourmet Meals Delivery,Undiscolsed,Mumbai,Springboard Ventures,Private Equity,0.0
2349,2015-10-21,Jiyo Natural,Healthy Meals Food delivery platform,Undiscolsed,Bangalore,Indian Angel Network,Seed Funding,0.0
2350,2015-10-21,AgentDesks,Real Estate Mobile CRM,Undiscolsed,New York/ India,Sierra Ventures,Seed Funding,28.31115
2350,2015-10-21,AgentDesks,Real Estate Mobile CRM,Undiscolsed,New York/ India,Cota Capital,Seed Funding,28.31115
2350,2015-10-21,AgentDesks,Real Estate Mobile CRM,Undiscolsed,New York/ India,Vegas Tech Fund,Seed Funding,28.31115
2351,2015-10-21,White Owl Brewery,Micro-Brewery,Undiscolsed,Mumbai,Arihant Patni,Private Equity,14.68341
2351,2015-10-21,White Owl Brewery,Micro-Brewery,Undiscolsed,Mumbai,RAAY Global Investments,Private Equity,14.68341
2352,2015-10-21,MealHopper,Home Made Food Marketplace,Undiscolsed,Gurgaon,Alok Bajpai,Seed Funding,0.9597
2352,2015-10-21,MealHopper,Home Made Food Marketplace,Undiscolsed,Gurgaon,Rajnish Kumar,Seed Funding,0.9597
2352,2015-10-21,MealHopper,Home Made Food Marketplace,Undiscolsed,Gurgaon,Amit Dey,Seed Funding,0.9597
2353,2015-10-21,Zenify.in,residential rental management platform,Undiscolsed,Bangalore,Atul Jalan,Seed Funding,6.14208
2353,2015-10-21,Zenify.in,residential rental management platform,Undiscolsed,Bangalore,Shrikanth & Bharath,Seed Funding,6.14208
2354,2015-10-21,Stockal,Personalized Stock Intelligence Platform,Undiscolsed,Bangalore,R Natarajan,Seed Funding,0.0
2354,2015-10-21,Stockal,Personalized Stock Intelligence Platform,Undiscolsed,Bangalore,Mohan Alexander,Seed Funding,0.0
2355,2015-10-23,Medd,Personal Diagnostic Mobile App,Undiscolsed,Mumbai,Group of Angel investors,Seed Funding,1.43955
2356,2015-10-23,Leaping Caravan,Online food ordering & Delivery service,Undiscolsed,Gurgaon,Group of Angel investors,Seed Funding,1.43955
2357,2015-10-23,Frsh,Online food ordering & Delivery service,Undiscolsed,Gurgaon,Mumbai Angels,Private Equity,9.597
2357,2015-10-23,Frsh,Online food ordering & Delivery service,Undiscolsed,Gurgaon,Mayank Bhangdia,Private Equity,9.597
2357,2015-10-23,Frsh,Online food ordering & Delivery service,Undiscolsed,Gurgaon,Kae Capital,Private Equity,9.597
2358,2015-10-23,Qik Stay,Hotel Aggregator & booking platform,Undiscolsed,New Delhi,ID Enablers Pvt Ltd,Seed Funding,2.39925
2359,2015-10-26,Parcelled,Online Logistics Platform,Undiscolsed,Bangalore,Delhivery,Private Equity,47.985
2360,2015-10-26,AlmaMapper,Online Student & Campus Social Networking platform,Undiscolsed,Ahmedabad,Oswal Techno Ventures LLP,Seed Funding,3.8388
2361,2015-10-26,Flexing It,Professionals & Project Search Marketplace,Undiscolsed,New Delhi,undisclosed private investors,Seed Funding,4.7985
2362,2015-10-26,Netmeds.com,Online Pharmacy,Undiscolsed,Chennai,OrbiMed,Private Equity,479.85
2362,2015-10-26,Netmeds.com,Online Pharmacy,Undiscolsed,Chennai,Pradip Dadha Group,Private Equity,479.85
2363,2015-10-26,Razorpay,Online Payment Gateway,Undiscolsed,Jaipur,Tiger Global Management,Private Equity,86.373
2363,2015-10-26,Razorpay,Online Payment Gateway,Undiscolsed,Jaipur,Matrix Partners,Private Equity,86.373
2364,2015-10-27,Jombay,Psychometric Test Online Software,Undiscolsed,Pune,Ventureworks India,Private Equity,0.0
2365,2015-10-27,Happitoo,Location based Nightlife recommendation Platform,Undiscolsed,Mumbai,Unnamed investor,Seed Funding,0.738969
2366,2015-10-27,Care24,Professional Health Services Platform,Undiscolsed,Mumbai,India Quotient,Seed Funding,3.35895
2367,2015-10-27,Roadrunnr,Hyperlocal Logistics Service,Undiscolsed,Bangalore,Sequoia Capital,Private Equity,95.97
2367,2015-10-27,Roadrunnr,Hyperlocal Logistics Service,Undiscolsed,Bangalore,Nexus Venture Partners,Private Equity,95.97
2368,2015-10-27,Simpli5d,Online user engagement platform,Undiscolsed,Gurgaon,Redcliffe Capital,Private Equity,0.0
2368,2015-10-27,Simpli5d,Online user engagement platform,Undiscolsed,Gurgaon,YourNest Angel Fund,Private Equity,0.0
2369,2015-10-28,ORIGA Leasing,Asset Financing platform,Undiscolsed,Mumbai,ah! Ventures,Seed Funding,10.5567
2369,2015-10-28,ORIGA Leasing,Asset Financing platform,Undiscolsed,Mumbai,500 Startups & Other HNIs,Seed Funding,10.5567
2370,2015-10-28,Smartivity.in,Virtual Reality activity based learning platform,Undiscolsed,New Delhi,S Chand and Co Pvt Ltd,Seed Funding,1.9194
2371,2015-10-28,UrDoorStep,Online Grocery Store,Undiscolsed,Bangalore,Jupiter Capital,Private Equity,0.0
2372,2015-10-29,Tavaga,Investment management platform,Undiscolsed,Mumbai,Tracxn Syndicate,Seed Funding,0.0
2373,2015-10-29,Moglix,Industrial Toons Marketplace,Undiscolsed,Noida,Accel Partner,Private Equity,0.0
2373,2015-10-29,Moglix,Industrial Toons Marketplace,Undiscolsed,Noida,Jungle Ventures,Private Equity,0.0
2374,2015-10-29,ZopHop,Public Commute helper App,Undiscolsed,Mumbai,Amit Singhal,Seed Funding,4.31865
2374,2015-10-29,ZopHop,Public Commute helper App,Undiscolsed,Mumbai,PK Gulati & others,Seed Funding,4.31865
2375,2015-10-30,Niki.ai,Artificial Intelligence Ecommerce Chatbot,Undiscolsed,Bangalore,Unilazer Ventures,Seed Funding,0.0
2376,2015-10-30,Instavans,Truck Aggregator & Logistics service,Undiscolsed,Bangalore,Suresh Vaswani,Seed Funding,0.0
2377,2015-10-30,LiftO,Ridesharing Mobile app,Undiscolsed,Mumbai,Rajesh Bhatia,Seed Funding,1.24761
2377,2015-10-30,LiftO,Ridesharing Mobile app,Undiscolsed,Mumbai,Dheeraj Mehta & Others,Seed Funding,1.24761
2378,2015-10-30,TinyOwl,Food Discovery & Delivery Mobile app,Undiscolsed,Mumbai,Sequoia Capital,Private Equity,71.9775
2378,2015-10-30,TinyOwl,Food Discovery & Delivery Mobile app,Undiscolsed,Mumbai,Matrix Partners,Private Equity,71.9775
2379,2015-10-30,Toppr.com,Competitive exam learning platform,Undiscolsed,Mumbai,InnoVen Capital,Private Equity,19.194
2380,2015-10-30,Kleeto,Document Digitization platform,Undiscolsed,Gurgaon,GREX,Seed Funding,2.20731
2381,2015-10-30,BeaconsTalk,proximity marketing & Mobile Advertising platform,Undiscolsed,Mumbai,Puneet Bhatia & others,Seed Funding,0.76776
2382,2015-10-31,Jugnoo,Autorickshaw Aggregator & Booking platform,Undiscolsed,Chandigarh,Paytm,Private Equity,95.97
2383,2015-09-01,TOFlo,FinTech Startup Incubation platform,Undiscolsed,Mumbai,Tania Johny Palathinkal,Seed Funding,0.9597
2384,2015-09-01,FXMartIndia,Payment Services platform,Undiscolsed,Chandigarh,Flipkart,Private Equity,0.0
2385,2015-09-01,Stylecracker,Personalized Styling platform,Undiscolsed,Mumbai,Group of HNI investors,Private Equity,9.597
2386,2015-09-01,Luxuryhues,Luxury goods Shopping Platform,Undiscolsed,Gurgaon,Reliance Capital,Private Equity,8.6373
2387,2015-09-02,HolaChef,Food Delivery Platform,Undiscolsed,Mumbai,Ratan Tata,Private Equity,0.0
2388,2015-09-02,Zivame,Online Lingerie Marketplace,Undiscolsed,Bangalore,Zodius Technology Fund,Private Equity,383.88
2388,2015-09-02,Zivame,Online Lingerie Marketplace,Undiscolsed,Bangalore,Khazanah Nasional Berhad,Private Equity,383.88
2389,2015-09-02,Capillary Tech,Cloud software solutions,Undiscolsed,New Delhi,Warburg Pincus,Private Equity,431.865
2389,2015-09-02,Capillary Tech,Cloud software solutions,Undiscolsed,New Delhi,Sequoia Capital,Private Equity,431.865
2389,2015-09-02,Capillary Tech,Cloud software solutions,Undiscolsed,New Delhi,Norwest Venture Partners,Private Equity,431.865
2390,2015-09-03,Jobspire,Job Search Platform,Undiscolsed,Bangalore,Purvi Capital,Seed Funding,2.49522
2391,2015-09-03,MeraDoctor,Doctor consultancy Mobile App,Undiscolsed,Mumbai,India Quotient & other investors,Seed Funding,0.0
2392,2015-09-03,Vistaar Finance,Small Business Financing (NBFC),Undiscolsed,Bangalore,WestBridge Capital,Private Equity,383.88
2392,2015-09-03,Vistaar Finance,Small Business Financing (NBFC),Undiscolsed,Bangalore,Omidyar Network,Private Equity,383.88
2392,2015-09-03,Vistaar Finance,Small Business Financing (NBFC),Undiscolsed,Bangalore,Elevar Equity,Private Equity,383.88
2392,2015-09-03,Vistaar Finance,Small Business Financing (NBFC),Undiscolsed,Bangalore,Saama Capital,Private Equity,383.88
2392,2015-09-03,Vistaar Finance,Small Business Financing (NBFC),Undiscolsed,Bangalore, Lok Capital,Private Equity,383.88
2393,2015-09-03,HiJinny,Beauty & Wellness Services Marketplace,Undiscolsed,Mumbai,CMYK Health Boutique Pvt Ltd & Other individual investors,Seed Funding,0.0
2394,2015-09-04,Clapsnslaps,Online Movie Review Platform,Undiscolsed,Mumbai,R M Picture Company Pvt. Ltd.,Seed Funding,1.43955
2395,2015-09-04,Blubox,ECommerce Brands\\xe2\\x80\\x99 Full Service Agency,Undiscolsed,Mumbai,Ashish Jhalani,Seed Funding,0.9597
2396,2015-09-04,RoomCentral,Cloud-based Hotel Booking Platform,Undiscolsed,Bangalore,Karanpal Singh,Seed Funding,19.194
2397,2015-09-07,YouthKiAwaaz,Community Driven News/Views Platform,Undiscolsed,New Delhi,Raghav Bahl,Seed Funding,5.7582
2397,2015-09-07,YouthKiAwaaz,Community Driven News/Views Platform,Undiscolsed,New Delhi,Ritu Kapur,Seed Funding,5.7582
2398,2015-09-07,Prozo,Study Material Marketplace,Undiscolsed,New Delhi,Nalin Jain,Seed Funding,1.967385
2398,2015-09-07,Prozo,Study Material Marketplace,Undiscolsed,New Delhi,Shomil Pant,Seed Funding,1.967385
2398,2015-09-07,Prozo,Study Material Marketplace,Undiscolsed,New Delhi,Dinesh Kundu & others,Seed Funding,1.967385
2399,2015-09-07,Zomato,Restaurant Ratings & Reviews platform,Undiscolsed,Gurgaon,Temasek,Private Equity,575.82
2399,2015-09-07,Zomato,Restaurant Ratings & Reviews platform,Undiscolsed,Gurgaon,Vy Capital,Private Equity,575.82
2400,2015-09-07,Sahayog Dairy,Dairy Based Product Manufacturer,Undiscolsed,Bhopal,Acumen Fund,Private Equity,17.2746
2401,2015-09-08,MockBank,Government Test Preparation platform,Undiscolsed,Bangalore,Blume Ventures,Seed Funding,3.8388
2402,2015-09-08,ReportBee,Smart Report Cards for Schools,Undiscolsed,Chennai,India Educational Investment Fund,Seed Funding,0.0
2403,2015-09-08,GuruG Learning,Teacher empowerment platform,Undiscolsed,Bangalore,India Educational Investment Fund,Seed Funding,0.0
2404,2015-09-10,OnlineTyari,Multilingual Test Preparation Platform,Undiscolsed,Gurgaon,500 Startups,Private Equity,7.38969
2404,2015-09-10,OnlineTyari,Multilingual Test Preparation Platform,Undiscolsed,Gurgaon,TV Mohandas Pai,Private Equity,7.38969
2404,2015-09-10,OnlineTyari,Multilingual Test Preparation Platform,Undiscolsed,Gurgaon,Tandem Capital,Private Equity,7.38969
2404,2015-09-10,OnlineTyari,Multilingual Test Preparation Platform,Undiscolsed,Gurgaon,Vikram Chachra,Private Equity,7.38969
2404,2015-09-10,OnlineTyari,Multilingual Test Preparation Platform,Undiscolsed,Gurgaon,Aloke Bajpai,Private Equity,7.38969
2405,2015-09-10,IndustryBuying,Industrial Tools Marketplace,Undiscolsed,New Delhi,Kalaari Capital,Private Equity,88.2924
2405,2015-09-10,IndustryBuying,Industrial Tools Marketplace,Undiscolsed,New Delhi,SAIF Partners,Private Equity,88.2924
2405,2015-09-10,IndustryBuying,Industrial Tools Marketplace,Undiscolsed,New Delhi,Beenextan investment fund,Private Equity,88.2924
2406,2015-09-10,The/Nudge Foundation,Non Profit Organization to alleviate poverty,Undiscolsed,Bangalore,Nanadan Nilekani,Seed Funding,3.023055
2406,2015-09-10,The/Nudge Foundation,Non Profit Organization to alleviate poverty,Undiscolsed,Bangalore,InMobi,Seed Funding,3.023055
2406,2015-09-10,The/Nudge Foundation,Non Profit Organization to alleviate poverty,Undiscolsed,Bangalore,Paytm,Seed Funding,3.023055
2407,2015-09-11,FitMeIn,Gym & Fitness Studios Subscription platform,Undiscolsed,New Delhi,Green House Ventures,Seed Funding,0.9597
2408,2015-09-11,Envoged,pre-used luxury item Marketplace,Undiscolsed,Mumbai,Ankush Nijhawan,Seed Funding,0.0
2408,2015-09-11,Envoged,pre-used luxury item Marketplace,Undiscolsed,Mumbai,Manish Dhingra,Seed Funding,0.0
2408,2015-09-11,Envoged,pre-used luxury item Marketplace,Undiscolsed,Mumbai,Gaurav Bhatnagar,Seed Funding,0.0
2409,2015-09-11,Zapyle,pre-used apparel shopping mobile app,Undiscolsed,Bangalore,Undiscolsed,Seed Funding,9.597
2410,2015-09-11,Renomania,Home Design & D\\xc3\\xa9cor platform,Undiscolsed,New Delhi,Subodh Gupta,Seed Funding,0.0
2411,2015-09-12,CredR,Used Vehicles Marketplace,Undiscolsed,Mumbai,Eight Road Ventures,Private Equity,143.955
2412,2015-09-12,YatraGenie,Online Bus & Cab ticketing platform,Undiscolsed,Hyderabad,Ash Bhardwaj,Private Equity,0.0
2413,2015-09-14,CanvasFlip,Mobile App testing platform,Undiscolsed,Hyderabad,Bessemer Venture Partners,Seed Funding,11.5164
2414,2015-09-14,Shadowfax,Hyperlocal Delivery Services,Undiscolsed,Gurgaon,Eight Roads Ventures,Private Equity,86.373
2415,2015-09-14,UE Life Sciences,Early Cancer Detection Solutions,Undiscolsed,US/India,Aarin Capital,Private Equity,28.791
2415,2015-09-14,UE Life Sciences,Early Cancer Detection Solutions,Undiscolsed,US/India,Unitus Seed Fund,Private Equity,28.791
2416,2015-09-14,Ola Cabs,Cab rental Mobile app,Undiscolsed,Bangalore,Falcon Edge Capital,Private Equity,2159.325
2416,2015-09-14,Ola Cabs,Cab rental Mobile app,Undiscolsed,Bangalore,NY based Hedge Fund,Private Equity,2159.325
2416,2015-09-14,Ola Cabs,Cab rental Mobile app,Undiscolsed,Bangalore,Tiger Global,Private Equity,2159.325
2416,2015-09-14,Ola Cabs,Cab rental Mobile app,Undiscolsed,Bangalore,Softbank,Private Equity,2159.325
2417,2015-09-15,Coverfox,Online Insurance Distribution Platform,Undiscolsed,Mumbai,Cataraman Ventures,Private Equity,19.194
2418,2015-09-15,MoEngage,Mobile Marketing Automation Platform,Undiscolsed,Bangalore,Helion Venture Partners,Private Equity,40.78725
2418,2015-09-15,MoEngage,Mobile Marketing Automation Platform,Undiscolsed,Bangalore,Exfinity Ventures,Private Equity,40.78725
2419,2015-09-15,Mubble,Prepaid Mobile Bill Manager App,Undiscolsed,Bangalore,Nandan Nilekani,Seed Funding,0.0
2420,2015-09-15,Tea Trails,Chain of Tea Caf\\xc3\\xa9\\xe2\\x80\\x99s,Undiscolsed,Mumbai,Anil Matai,Seed Funding,9.597
2420,2015-09-15,Tea Trails,Chain of Tea Caf\\xc3\\xa9\\xe2\\x80\\x99s,Undiscolsed,Mumbai,Vikram Tandon,Seed Funding,9.597
2420,2015-09-15,Tea Trails,Chain of Tea Caf\\xc3\\xa9\\xe2\\x80\\x99s,Undiscolsed,Mumbai,Shyam Sundar R & others,Seed Funding,9.597
2421,2015-09-15,Room on Call,Branded Budget Hotel Marketplace,Undiscolsed,Noida,Payal Syal,Seed Funding,2.8791
2422,2015-09-15,FYNE,Home Fitting & Fixtures Marketplace,Undiscolsed,Bangalore,Sandeep Dama & Others,Seed Funding,0.0
2423,2015-09-16,ChaiPoint,Food Subscription platform,Undiscolsed,Bangalore,Eight Roads Ventures,Private Equity,95.97
2424,2015-09-16,WedmeGood.com,Wedding Planning Platform,Undiscolsed,Gurgaon,Indian Angel Network,Seed Funding,3.93477
2425,2015-09-16,XSTOK,B2B Mobile Auction Marketplace,Undiscolsed,Mumbai,Oliphans Capital,Seed Funding,4.31865
2426,2015-09-17,UniLog,ECommerce Data Analytics Platform,Undiscolsed,Bangalore,Kalaari Capital,Private Equity,0.0
2427,2015-09-17,Paintcollar,Designer Merchandize Marketplace,Undiscolsed,Mumbai,Applyifi,Seed Funding,0.0
2428,2015-09-17,YepMe,Private label Fashion eTailer,Undiscolsed,Gurgaon,Khazanah Nasional Berhad,Private Equity,719.775
2428,2015-09-17,YepMe,Private label Fashion eTailer,Undiscolsed,Gurgaon,Helion Venture Partners,Private Equity,719.775
2429,2015-09-17,Bueno,Online Food ordering & delivery,Undiscolsed,Gurgaon,High Networth Individuals (No details),Seed Funding,5.7582
2430,2015-09-18,Plabro,Real Estate Broker Platform App,Undiscolsed,New Delhi,Sachin Bansal & Binny Bansal,Seed Funding,3.35895
2430,2015-09-18,Plabro,Real Estate Broker Platform App,Undiscolsed,New Delhi,Sol Primero,Seed Funding,3.35895
2430,2015-09-18,Plabro,Real Estate Broker Platform App,Undiscolsed,New Delhi,Outbox Ventures,Seed Funding,3.35895
2430,2015-09-18,Plabro,Real Estate Broker Platform App,Undiscolsed,New Delhi,Sangram Singh,Seed Funding,3.35895
2431,2015-09-18,CureJoy,Online Health & Wellness platform,Undiscolsed,Bangalore,Accel Partners,Private Equity,11.03655
2431,2015-09-18,CureJoy,Online Health & Wellness platform,Undiscolsed,Bangalore,Subrata Mitra,Private Equity,11.03655
2431,2015-09-18,CureJoy,Online Health & Wellness platform,Undiscolsed,Bangalore,Larry Braitman,Private Equity,11.03655
2431,2015-09-18,CureJoy,Online Health & Wellness platform,Undiscolsed,Bangalore,Venk Krishna,Private Equity,11.03655
2432,2015-09-18,Briston Technomach,Internet of Things platform,Undiscolsed,New Delhi,Undisclosed,Seed Funding,1.43955
2433,2015-09-18,LabStreet,Diagnostic Labs aggregator platform,Undiscolsed,Gurgaon,Multiple investors,Seed Funding,1.43955
2434,2015-09-19,DailyNinja,Hyperlocal Delivery Platform,Undiscolsed,Bangalore,Aprameya Radhakrishna,Seed Funding,0.0
2434,2015-09-19,DailyNinja,Hyperlocal Delivery Platform,Undiscolsed,Bangalore,Naman Sarawagi,Seed Funding,0.0
2434,2015-09-19,DailyNinja,Hyperlocal Delivery Platform,Undiscolsed,Bangalore,Afsal Salu,Seed Funding,0.0
2434,2015-09-19,DailyNinja,Hyperlocal Delivery Platform,Undiscolsed,Bangalore,,Seed Funding,0.0
2435,2015-09-21,Portea Medical,Home Medical Care Services,Undiscolsed,Bangalore,Accel Partners,Private Equity,359.8875
2435,2015-09-21,Portea Medical,Home Medical Care Services,Undiscolsed,Bangalore,International Finance Corporation (IFC),Private Equity,359.8875
2435,2015-09-21,Portea Medical,Home Medical Care Services,Undiscolsed,Bangalore,Qualcomm Ventures,Private Equity,359.8875
2435,2015-09-21,Portea Medical,Home Medical Care Services,Undiscolsed,Bangalore,Ventureast,Private Equity,359.8875
2436,2015-09-21,Neotrade Analytics,Real-Time stock data platform,Undiscolsed,Bangalore,Rainmatter,Seed Funding,2.255295
2437,2015-09-21,DishCo,Food discovery & table booking app,Undiscolsed,Mumbai,Anand Mahindra,Seed Funding,0.0
2437,2015-09-21,DishCo,Food discovery & table booking app,Undiscolsed,Mumbai,Uday Punj,Seed Funding,0.0
2437,2015-09-21,DishCo,Food discovery & table booking app,Undiscolsed,Mumbai,Ashish Hemrajani,Seed Funding,0.0
2437,2015-09-21,DishCo,Food discovery & table booking app,Undiscolsed,Mumbai,Sanjeev Mehra,Seed Funding,0.0
2438,2015-09-21,LafaLafa,coupons and cashback aggregator app,Undiscolsed,Mumbai,500 Startups,Seed Funding,1.199625
2439,2015-09-21,ConnectAbank,Financial Products lead generation platform,Undiscolsed,Mumbai,Prakhar Bumb,Seed Funding,0.0
2440,2015-09-22,VillFarm,Sustainable Agri-inputs Firm,Undiscolsed,Bangalore,Unitus Seed Fund,Seed Funding,0.0
2440,2015-09-22,VillFarm,Sustainable Agri-inputs Firm,Undiscolsed,Bangalore,Rianta Capital,Seed Funding,0.0
2440,2015-09-22,VillFarm,Sustainable Agri-inputs Firm,Undiscolsed,Bangalore,R Ramaraj,Seed Funding,0.0
2440,2015-09-22,VillFarm,Sustainable Agri-inputs Firm,Undiscolsed,Bangalore,Sunil Edwards,Seed Funding,0.0
2441,2015-09-22,Bestdealfinance,Financial Services Portal,Undiscolsed,Mumbai,Kalaari Capital,Private Equity,28.791
2441,2015-09-22,Bestdealfinance,Financial Services Portal,Undiscolsed,Mumbai,YourNest Angel Fund,Private Equity,28.791
2442,2015-09-22,GameXS.in,Pre-owned games Marketplace,Undiscolsed,New Delhi,Lead Angels,Seed Funding,0.0
2443,2015-09-22,The Man Company,Content-based Subscription eCommerce platform,Undiscolsed,New Delhi,Karan Bajwa,Seed Funding,0.0
2443,2015-09-22,The Man Company,Content-based Subscription eCommerce platform,Undiscolsed,New Delhi,Amanpreet Bajaj,Seed Funding,0.0
2443,2015-09-22,The Man Company,Content-based Subscription eCommerce platform,Undiscolsed,New Delhi,Manish Vij,Seed Funding,0.0
2444,2015-09-22,Virtual Logic,"virtual reality, 3d simulation and stereoscopic products",Undiscolsed,Bangalore,Swarnim Multiventures,Private Equity,7.6776
2445,2015-09-22,Furdo,Online Interior Designing platform,Undiscolsed,Bangalore,Bhavdeep Reddy,Seed Funding,3.8388
2446,2015-09-22,LogiNext,End-to-end Logistics platform,Undiscolsed,Mumbai,Paytm,Private Equity,95.97
2447,2015-09-22,Korra,Private Label Apparel sales,Undiscolsed,New Delhi,Asha Jadeja Motwani & Others,Seed Funding,2.8791
2448,2015-09-23,Credihealth,Healthcare Consulting platform,Undiscolsed,Gurgaon,Rajat Malhotra,Seed Funding,0.0
2449,2015-09-23,Amigobulls,Stock Market Portal,Undiscolsed,Bangalore,Sharad Sharma,Seed Funding,0.0
2449,2015-09-23,Amigobulls,Stock Market Portal,Undiscolsed,Bangalore,Vijay Anand,Seed Funding,0.0
2449,2015-09-23,Amigobulls,Stock Market Portal,Undiscolsed,Bangalore,Mohandas Pai. Pallav Nadhani,Seed Funding,0.0
2449,2015-09-23,Amigobulls,Stock Market Portal,Undiscolsed,Bangalore,Singapore Angels Network & others,Seed Funding,0.0
2450,2015-09-23,SilverPush,Cross-device retargeting platform,Undiscolsed,Gurgaon / SFO,M&S Partners,Private Equity,11.5164
2451,2015-09-23,Juggernaut,Digital & Physical Publishing platform,Undiscolsed,New Delhi,William Bissell,Private Equity,21.59325
2451,2015-09-23,Juggernaut,Digital & Physical Publishing platform,Undiscolsed,New Delhi,Neeraj Aggarwal,Private Equity,21.59325
2451,2015-09-23,Juggernaut,Digital & Physical Publishing platform,Undiscolsed,New Delhi,Nandan Nilekani,Private Equity,21.59325
2452,2015-09-23,InnerChef,Food Delivery Platform,Undiscolsed,New Delhi,Phanindra Sama,Private Equity,16.79475
2452,2015-09-23,InnerChef,Food Delivery Platform,Undiscolsed,New Delhi,Anupam Mittal,Private Equity,16.79475
2452,2015-09-23,InnerChef,Food Delivery Platform,Undiscolsed,New Delhi,Vijay Shekhar Sharma,Private Equity,16.79475
2452,2015-09-23,InnerChef,Food Delivery Platform,Undiscolsed,New Delhi,Vishal Gondal,Private Equity,16.79475
2452,2015-09-23,InnerChef,Food Delivery Platform,Undiscolsed,New Delhi,Sateesh Andara & others,Private Equity,16.79475
2453,2015-09-24,Quintype,Data Driven Publishing platform,Undiscolsed,Bangalore,Raghav Bahl,Private Equity,31.6701
2454,2015-09-24,Capabiliti,Employee OnBoarding & Orientation platform,Undiscolsed,Noida,500 Startups,Seed Funding,3.8388
2454,2015-09-24,Capabiliti,Employee OnBoarding & Orientation platform,Undiscolsed,Noida,Smile Multimedia,Seed Funding,3.8388
2454,2015-09-24,Capabiliti,Employee OnBoarding & Orientation platform,Undiscolsed,Noida,Kunal Bahl,Seed Funding,3.8388
2454,2015-09-24,Capabiliti,Employee OnBoarding & Orientation platform,Undiscolsed,Noida,Rohit Bansal,Seed Funding,3.8388
2454,2015-09-24,Capabiliti,Employee OnBoarding & Orientation platform,Undiscolsed,Noida,Girish Matrubootham,Seed Funding,3.8388
2455,2015-09-24,Fourth Partner Energy,Solar Power Solutions company,Undiscolsed,Hyderabad,Infuse Ventures,Private Equity,19.194
2455,2015-09-24,Fourth Partner Energy,Solar Power Solutions company,Undiscolsed,Hyderabad,The Chennai Angels,Private Equity,19.194
2456,2015-09-24,Licious,Online Meat Ordering platform,Undiscolsed,Bangalore,Kanwaljit Singh,Seed Funding,9.597
2456,2015-09-24,Licious,Online Meat Ordering platform,Undiscolsed,Bangalore,TV Mohandas Pai,Seed Funding,9.597
2457,2015-09-25,TravelKhana,online meal-booking platform for train travelers,Undiscolsed,New Delhi,Astarc Ventures & Others,Seed Funding,0.0
2458,2015-09-28,Quickli,hyperlocal delivery platform,Undiscolsed,New Delhi,500 Startups,Seed Funding,0.0
2458,2015-09-28,Quickli,hyperlocal delivery platform,Undiscolsed,New Delhi,Mato Peric & Others,Seed Funding,0.0
2459,2015-09-28,Ola Cabs,Cab Booking app platform,Undiscolsed,Bangalore,Didi Kuaidi,Private Equity,287.91
2460,2015-09-29,Paytm,E-Commerce & M-Commerce platform,Undiscolsed,New Delhi,Alibaba Group,Private Equity,6525.96
2460,2015-09-29,Paytm,E-Commerce & M-Commerce platform,Undiscolsed,New Delhi,Ant Financial,Private Equity,6525.96
2461,2015-09-29,Inmobi,Mobile Advertising platform,Undiscolsed,Bangalore,Tennenbaum Capital Partners & Others,Private Equity,959.7
2462,2015-09-29,Peppertap,Hyperlocal Grocery Delivery,Undiscolsed,Gurgaon,Sequoia India,Private Equity,345.492
2462,2015-09-29,Peppertap,Hyperlocal Grocery Delivery,Undiscolsed,Gurgaon,SAIF Partners.,Private Equity,345.492
2463,2015-09-29,Hugefly,Ecommerce Product recommendation platform,Undiscolsed,Pune,Mayank Singhal and others,Seed Funding,0.0
2464,2015-09-29,Brigge,Activity Based Social Network,Undiscolsed,Chennai,The Chennai Angels,Seed Funding,0.0
2465,2015-09-29,Zakoopi,Fashion Discovery platform,Undiscolsed,New Delhi,Uniqorn Ventures,Seed Funding,3.35895
2466,2015-09-29,LoanCircle,Consumer lending marketplace,Undiscolsed,Bangalore,Zishaan Hayath,Seed Funding,0.0
2466,2015-09-29,LoanCircle,Consumer lending marketplace,Undiscolsed,Bangalore,Rahul Khanna & Others,Seed Funding,0.0
2467,2015-09-30,Infoworks,Big Data Management Platform,Undiscolsed,Bangalore / USA,Nexus Venture Partners,Private Equity,47.985
2467,2015-09-30,Infoworks,Big Data Management Platform,Undiscolsed,Bangalore / USA,Knoll Ventures and others,Private Equity,47.985
2468,2015-09-30,RedDoorz,Budget Accommodation Platform,Undiscolsed,Noida,Jungle Ventures,Seed Funding,9.597
2469,2015-09-30,FirstTouch,Local Mobile OS,Undiscolsed,Gurgaon,Kunal Bahl,Seed Funding,0.0
2469,2015-09-30,FirstTouch,Local Mobile OS,Undiscolsed,Gurgaon,Rohit Bansal,Seed Funding,0.0
2469,2015-09-30,FirstTouch,Local Mobile OS,Undiscolsed,Gurgaon,Pranay Chulet,Seed Funding,0.0
2469,2015-09-30,FirstTouch,Local Mobile OS,Undiscolsed,Gurgaon,Naveen Tiwari,Seed Funding,0.0
2469,2015-09-30,FirstTouch,Local Mobile OS,Undiscolsed,Gurgaon,Amit Gupta,Seed Funding,0.0
2469,2015-09-30,FirstTouch,Local Mobile OS,Undiscolsed,Gurgaon,Mayank Singhal,Seed Funding,0.0
2470,2015-09-30,Eywa Media,Digital Signal processing platform,Undiscolsed,Bangalore,ah! Ventures,Seed Funding,9.597
2470,2015-09-30,Eywa Media,Digital Signal processing platform,Undiscolsed,Bangalore,Viktor Koenig PE Fund,Seed Funding,9.597
2470,2015-09-30,Eywa Media,Digital Signal processing platform,Undiscolsed,Bangalore,Mantra Ventures,Seed Funding,9.597
2471,2015-08-01,Snapdeal,Ecommerce Marketplace,Undiscolsed,New Delhi,Alibaba,Private Equity,4798.5
2471,2015-08-01,Snapdeal,Ecommerce Marketplace,Undiscolsed,New Delhi,Foxconn,Private Equity,4798.5
2471,2015-08-01,Snapdeal,Ecommerce Marketplace,Undiscolsed,New Delhi,Softbank,Private Equity,4798.5
2472,2015-08-01,Ressy,Restaurant Discount app,Undiscolsed,Pune,Mohandas Pai & others,Seed Funding,3.8388
2473,2015-08-03,Cuelearn,Tech-enabled learning,Undiscolsed,New Delhi,Alok Mittal,Seed Funding,0.0
2474,2015-08-03,Connect India,ECommerce Logistics provider,Undiscolsed,New Delhi,Aavishkaar,Private Equity,47.985
2475,2015-08-03,The Home Salon,on-demand home beauty and wellness portal,Undiscolsed,Mumbai,VentureNursery,Seed Funding,0.0
2476,2015-08-03,Jusride,Self Driven Car rental,Undiscolsed,Mumbai,Alok Mittal,Seed Funding,0.0
2476,2015-08-03,Jusride,Self Driven Car rental,Undiscolsed,Mumbai,Zeeshan Hayat,Seed Funding,0.0
2476,2015-08-03,Jusride,Self Driven Car rental,Undiscolsed,Mumbai,Niraj Singh,Seed Funding,0.0
2476,2015-08-03,Jusride,Self Driven Car rental,Undiscolsed,Mumbai,Nikunj Jain,Seed Funding,0.0
2476,2015-08-03,Jusride,Self Driven Car rental,Undiscolsed,Mumbai,Anirudh Damani,Seed Funding,0.0
2476,2015-08-03,Jusride,Self Driven Car rental,Undiscolsed,Mumbai,Punit Goyal,Seed Funding,0.0
2477,2015-08-03,Oyorooms,Budget Hotel accommodation brand,Undiscolsed,New Delhi,SoftBank Group,Private Equity,959.7
2477,2015-08-03,Oyorooms,Budget Hotel accommodation brand,Undiscolsed,New Delhi,Greenoaks Capital,Private Equity,959.7
2477,2015-08-03,Oyorooms,Budget Hotel accommodation brand,Undiscolsed,New Delhi,Sequoia Capital,Private Equity,959.7
2477,2015-08-03,Oyorooms,Budget Hotel accommodation brand,Undiscolsed,New Delhi, Lightspeed India,Private Equity,959.7
2478,2015-08-03,Glowship,Energy & Environment Online Marketplace,Undiscolsed,Bangalore,Infuse Ventures,Seed Funding,0.0
2479,2015-08-03,Wizrocket,User Engagment & Analytics platform,Undiscolsed,Mumbai,Sequoia Capital,Private Equity,92.1312
2479,2015-08-03,Wizrocket,User Engagment & Analytics platform,Undiscolsed,Mumbai,Accel Partners,Private Equity,92.1312
2480,2015-08-04,Pickingo,On-Demand Delivery Logistics,Undiscolsed,New Delhi,Orios Venture Partners,Private Equity,12.4761
2480,2015-08-04,Pickingo,On-Demand Delivery Logistics,Undiscolsed,New Delhi,Zishaan Hayath,Private Equity,12.4761
2481,2015-08-05,Grex,fund raising platform for startups,Undiscolsed,Pune,Kunal Bajaj,Seed Funding,6.23805
2481,2015-08-05,Grex,fund raising platform for startups,Undiscolsed,Pune,Chandru Badrinarayanan,Seed Funding,6.23805
2482,2015-08-05,LetsTransport,Logistics Tech Platform,Undiscolsed,Bangalore,Rebright Partners,Seed Funding,12.4761
2482,2015-08-05,LetsTransport,Logistics Tech Platform,Undiscolsed,Bangalore,Ankush Nijhawan,Seed Funding,12.4761
2482,2015-08-05,LetsTransport,Logistics Tech Platform,Undiscolsed,Bangalore,Gaurav Bhatnagar,Seed Funding,12.4761
2482,2015-08-05,LetsTransport,Logistics Tech Platform,Undiscolsed,Bangalore,Manish Dhingra,Seed Funding,12.4761
2483,2015-08-05,Zo Rooms,Online budget hotel chain,Undiscolsed,New Delhi,Tiger Global Management,Private Equity,287.91
2483,2015-08-05,Zo Rooms,Online budget hotel chain,Undiscolsed,New Delhi,Orios Venture Partners,Private Equity,287.91
2484,2015-08-05,Doormint,Hyperlocal Handyman services,Undiscolsed,Mumbai,Helion Venture Partners,Private Equity,28.791
2484,2015-08-05,Doormint,Hyperlocal Handyman services,Undiscolsed,Mumbai,Kalaari Capital,Private Equity,28.791
2485,2015-08-05,NightStay,hotel booking app,Undiscolsed,Noida,BedRock Ventures,Seed Funding,4.7985
2485,2015-08-05,NightStay,hotel booking app,Undiscolsed,Noida,Rajesh Sawhney,Seed Funding,4.7985
2485,2015-08-05,NightStay,hotel booking app,Undiscolsed,Noida,Shailesh Singh,Seed Funding,4.7985
2486,2015-08-05,Zocalo,Rental Accomodation finder,Undiscolsed,New Delhi,Sachin Bhatia,Seed Funding,0.0
2486,2015-08-05,Zocalo,Rental Accomodation finder,Undiscolsed,New Delhi,Rajesh Sawhney,Seed Funding,0.0
2487,2015-08-05,Sunday Realty Solutions,Tech Platform for property brokers,Undiscolsed,Mumbai,Ramesh Jogani,Seed Funding,7.533645
2487,2015-08-05,Sunday Realty Solutions,Tech Platform for property brokers,Undiscolsed,Mumbai,Shailesh Viswanathan,Seed Funding,7.533645
2487,2015-08-05,Sunday Realty Solutions,Tech Platform for property brokers,Undiscolsed,Mumbai,Jay Srinivasan,Seed Funding,7.533645
2488,2015-08-06,Klozee,Luxury Apparel rental,Undiscolsed,Bangalore,Tracxn Labs,Seed Funding,0.0
2489,2015-08-06,Appvigil,App security testing platform,Undiscolsed,Mumbai,Ravi Gururaj,Seed Funding,4.7985
2489,2015-08-06,Appvigil,App security testing platform,Undiscolsed,Mumbai,Gaurav Sharma,Seed Funding,4.7985
2489,2015-08-06,Appvigil,App security testing platform,Undiscolsed,Mumbai,Viswanath Ramachandran,Seed Funding,4.7985
2489,2015-08-06,Appvigil,App security testing platform,Undiscolsed,Mumbai,RippleWave,Seed Funding,4.7985
2490,2015-08-06,practo,Doctor Appointment booking app,Undiscolsed,Bangalore,Sofina,Private Equity,863.73
2490,2015-08-06,practo,Doctor Appointment booking app,Undiscolsed,Bangalore,Google Capital,Private Equity,863.73
2490,2015-08-06,practo,Doctor Appointment booking app,Undiscolsed,Bangalore,Altimeter Capital,Private Equity,863.73
2490,2015-08-06,practo,Doctor Appointment booking app,Undiscolsed,Bangalore,Sequoia Capital Global Equities,Private Equity,863.73
2490,2015-08-06,practo,Doctor Appointment booking app,Undiscolsed,Bangalore,Yuri Milner,Private Equity,863.73
2490,2015-08-06,practo,Doctor Appointment booking app,Undiscolsed,Bangalore,Sequoia Capital,Private Equity,863.73
2490,2015-08-06,practo,Doctor Appointment booking app,Undiscolsed,Bangalore,Matrix Partners,Private Equity,863.73
2491,2015-08-06,LoudShout,anonymous bulletin board app,Undiscolsed,New Delhi,Sanjay Sethi,Seed Funding,0.0
2491,2015-08-06,LoudShout,anonymous bulletin board app,Undiscolsed,New Delhi,Ravi Jaipuria & others,Seed Funding,0.0
2492,2015-08-06,Wetravelsolo,Travel community platform,Undiscolsed,New Delhi,CCube Angels,Seed Funding,0.0
2492,2015-08-06,Wetravelsolo,Travel community platform,Undiscolsed,New Delhi,Frontline Strategy,Seed Funding,0.0
2493,2015-08-06,Ketto,Crowd funding platform,Undiscolsed,Mumbai,Chennai Angels,Seed Funding,6.7179
2493,2015-08-06,Ketto,Crowd funding platform,Undiscolsed,Mumbai,Calcutta Angels,Seed Funding,6.7179
2493,2015-08-06,Ketto,Crowd funding platform,Undiscolsed,Mumbai,ah! Ventures,Seed Funding,6.7179
2493,2015-08-06,Ketto,Crowd funding platform,Undiscolsed,Mumbai,Intellecap Impact Investment Network,Seed Funding,6.7179
2493,2015-08-06,Ketto,Crowd funding platform,Undiscolsed,Mumbai,Indus Age Partners,Seed Funding,6.7179
2493,2015-08-06,Ketto,Crowd funding platform,Undiscolsed,Mumbai,Singapore Angel Network,Seed Funding,6.7179
2493,2015-08-06,Ketto,Crowd funding platform,Undiscolsed,Mumbai,India Internet Fund,Seed Funding,6.7179
2493,2015-08-06,Ketto,Crowd funding platform,Undiscolsed,Mumbai,LetsVenture,Seed Funding,6.7179
2494,2015-08-06,Ezetap,Mobile based PoS solution,Undiscolsed,Bangalore,Horizons Ventures,Private Equity,239.925
2494,2015-08-06,Ezetap,Mobile based PoS solution,Undiscolsed,Bangalore,Capricorn Investment Group,Private Equity,239.925
2494,2015-08-06,Ezetap,Mobile based PoS solution,Undiscolsed,Bangalore,Social+Capital,Private Equity,239.925
2494,2015-08-06,Ezetap,Mobile based PoS solution,Undiscolsed,Bangalore,Helion Advisors,Private Equity,239.925
2494,2015-08-06,Ezetap,Mobile based PoS solution,Undiscolsed,Bangalore,Berggruen Holdings,Private Equity,239.925
2495,2015-08-06,NDTV ecommerce venture,Car & Bike ecommerce platform,Undiscolsed,Mumbai,Inflexionpoint,Private Equity,0.0
2495,2015-08-06,NDTV ecommerce venture,Car & Bike ecommerce platform,Undiscolsed,Mumbai,Pramod Bhasin,Private Equity,0.0
2495,2015-08-06,NDTV ecommerce venture,Car & Bike ecommerce platform,Undiscolsed,Mumbai,Sixth Sense Ventures,Private Equity,0.0
2495,2015-08-06,NDTV ecommerce venture,Car & Bike ecommerce platform,Undiscolsed,Mumbai,Vindi Banga,Private Equity,0.0
2495,2015-08-06,NDTV ecommerce venture,Car & Bike ecommerce platform,Undiscolsed,Mumbai,Hiro Mashita,Private Equity,0.0
2496,2015-08-07,Carl's Jr,Fast food Chain Franchisee,Undiscolsed,Gurgaon,YouWeCan Ventures,Seed Funding,6.04611
2497,2015-08-07,EasyRewardz,Loyalty Programs & Reward Points,Undiscolsed,Mumbai,Wealth First,Private Equity,4.7985
2497,2015-08-07,EasyRewardz,Loyalty Programs & Reward Points,Undiscolsed,Mumbai,Ashneer Grover,Private Equity,4.7985
2497,2015-08-07,EasyRewardz,Loyalty Programs & Reward Points,Undiscolsed,Mumbai,Atul Phadnis,Private Equity,4.7985
2498,2015-08-07,GIBSS,Energy saving solutions provider,Undiscolsed,Mumbai,responsAbility Investments,Private Equity,0.0
2498,2015-08-07,GIBSS,Energy saving solutions provider,Undiscolsed,Mumbai,Infuse Ventures,Private Equity,0.0
2499,2015-08-07,StoreMore.in,Self-Storage Spaces,Undiscolsed,Noida,Bedrock Ventures,Seed Funding,0.0
2500,2015-08-07,iOrderFresh,Grocery retail Mobile app,Undiscolsed,New Delhi,Best Foodworks,Seed Funding,0.0
2501,2015-08-10,MyTaxiIndia,Taxi Rental platform,Undiscolsed,Gurgaon,Nihon Kotsu,Private Equity,4.7985
2501,2015-08-10,MyTaxiIndia,Taxi Rental platform,Undiscolsed,Gurgaon,,Private Equity,4.7985
2502,2015-08-10,eSadar,ecommerce,Undiscolsed,New Delhi,Neha Vats,Seed Funding,0.76776
2502,2015-08-10,eSadar,ecommerce,Undiscolsed,New Delhi,Gaurav Vats,Seed Funding,0.76776
2503,2015-08-10,Actionable Analytics,Machine Learning Platform,Undiscolsed,New Delhi/ Houston,B M Gupta,Seed Funding,0.0
2503,2015-08-10,Actionable Analytics,Machine Learning Platform,Undiscolsed,New Delhi/ Houston,Vinod Singhal,Seed Funding,0.0
2504,2015-08-10,MyPoolin,mobile social network,Undiscolsed,New Delhi,QPrize from Qualcomm Ventures,Seed Funding,2.39925
2505,2015-08-10,NearBuy (previously groupon India),Hyper-Local Ecommerce,Undiscolsed,New Delhi,Sequoia Capital,Private Equity,153.552
2506,2015-08-10,Inkmonk,Online printing marketplace,Undiscolsed,Chennai,Girish Mathrubootham,Seed Funding,2.39925
2506,2015-08-10,Inkmonk,Online printing marketplace,Undiscolsed,Chennai,Phanindra Sama,Seed Funding,2.39925
2506,2015-08-10,Inkmonk,Online printing marketplace,Undiscolsed,Chennai,Vikram Chachra,Seed Funding,2.39925
2506,2015-08-10,Inkmonk,Online printing marketplace,Undiscolsed,Chennai,Others from LetsVenture,Seed Funding,2.39925
2507,2015-08-10,ToneTag,mobile payment software platform,Undiscolsed,Bangalore,Reliance Capital Venture,Private Equity,9.597
2508,2015-08-10,Grey Orange,Automated Storage & Warehousing Solution,Undiscolsed,Gurgaon,Tiger Global Management,Private Equity,287.91
2509,2015-08-11,Livspace,Home Design & D\\xc3\\xa9cor solutions,Undiscolsed,Bangalore,Helion Ventures,Private Equity,76.776
2509,2015-08-11,Livspace,Home Design & D\\xc3\\xa9cor solutions,Undiscolsed,Bangalore,Jungle Ventures & Bessemer Venture Partners,Private Equity,76.776
2510,2015-08-11,WOW! MOMO,Quick Service Restaurant Chain,Undiscolsed,Kolkata,Indian Angel Network,Seed Funding,15.3552
2511,2015-08-11,RainCan,Subscription based Online Grocery platform,Undiscolsed,Pune,Ajeet Khurana & Others,Seed Funding,0.9597
2512,2015-08-11,Allygrow Technologies,engineering services company,Undiscolsed,Mumbai,Zodius Technology Fund,Private Equity,191.94
2513,2015-08-11,Infogain,Business and IT consulting,Undiscolsed,New Delhi / US,ChrysCapital,Private Equity,604.611
2514,2015-08-12,OneAssist,Credit Card Fraud protection solutions,Undiscolsed,Mumbai,Sequoia Capital,Private Equity,71.9775
2514,2015-08-12,OneAssist,Credit Card Fraud protection solutions,Undiscolsed,Mumbai,Lightspeed Ventures,Private Equity,71.9775
2515,2015-08-12,BigBasket,Online & mobile Grocery store,Undiscolsed,Bangalore,Bessemer Venture Partners,Private Equity,479.85
2516,2015-08-12,Sheroes,Career Community for Women,Undiscolsed,Noida,Quintillion Media,Seed Funding,7.38969
2516,2015-08-12,Sheroes,Career Community for Women,Undiscolsed,Noida,500 Startups,Seed Funding,7.38969
2517,2015-08-12,Scripbox,Mutual Fund Investing platform,Undiscolsed,Bangalore,Accel Partners,Private Equity,23.9925
2517,2015-08-12,Scripbox,Mutual Fund Investing platform,Undiscolsed,Bangalore,Deep Kalra,Private Equity,23.9925
2517,2015-08-12,Scripbox,Mutual Fund Investing platform,Undiscolsed,Bangalore,Rajesh Magow,Private Equity,23.9925
2517,2015-08-12,Scripbox,Mutual Fund Investing platform,Undiscolsed,Bangalore,Mohit Gupta,Private Equity,23.9925
2517,2015-08-12,Scripbox,Mutual Fund Investing platform,Undiscolsed,Bangalore,Shamik Sharma,Private Equity,23.9925
2518,2015-08-13,etaout,Ecommerce Marketing Software Platform,Undiscolsed,Noida,Amit Ranjan,Seed Funding,4.7985
2518,2015-08-13,etaout,Ecommerce Marketing Software Platform,Undiscolsed,Noida,Vijay Shekhar Sharma,Seed Funding,4.7985
2518,2015-08-13,etaout,Ecommerce Marketing Software Platform,Undiscolsed,Noida,Kunal Bahl,Seed Funding,4.7985
2518,2015-08-13,etaout,Ecommerce Marketing Software Platform,Undiscolsed,Noida,Girish Mathrubootham & Group of other Angel investors,Seed Funding,4.7985
2519,2015-08-13,IFMR Holdings,Financial Inclusion platform,Undiscolsed,Chennai,Accion,Private Equity,239.925
2519,2015-08-13,IFMR Holdings,Financial Inclusion platform,Undiscolsed,Chennai,LeapFrog Investments,Private Equity,239.925
2519,2015-08-13,IFMR Holdings,Financial Inclusion platform,Undiscolsed,Chennai,Lok Capital,Private Equity,239.925
2520,2015-08-13,Massblurb,Digital Marketing automation solution,Undiscolsed,Mumbai,LetsVenture,Seed Funding,0.0
2520,2015-08-13,Massblurb,Digital Marketing automation solution,Undiscolsed,Mumbai,Mumbai Angels,Seed Funding,0.0
2521,2015-08-13,Agrostar,Mobile Commerce for Farmers,Undiscolsed,Pune,IDG Ventures,Private Equity,38.388
2522,2015-08-14,VoxWeb,Picture based Social App,Undiscolsed,Mumbai,Jitendra Gupta & others,Seed Funding,0.9597
2523,2015-08-14,Trukky,Logistics service platform,Undiscolsed,Ahmedabad,Gujarat based angel investors,Seed Funding,2.351265
2523,2015-08-14,Trukky,Logistics service platform,Undiscolsed,Ahmedabad,MMY co-Founder,Seed Funding,2.351265
2524,2015-08-14,VanityCube,On-Demand Beauty Services,Undiscolsed,New Delhi,Group of angel investors,Seed Funding,0.0
2525,2015-08-17,Edu4Share,Exam Preparation Platform,Undiscolsed,New Delhi,Nalin Jain & other angel investors,Seed Funding,2.11134
2526,2015-08-17,YourStory,Startup Focused Online Publisher,Undiscolsed,Mumbai,Ratan Tata,Seed Funding,0.0
2526,2015-08-17,YourStory,Startup Focused Online Publisher,Undiscolsed,Mumbai,Vani Kola,Seed Funding,0.0
2526,2015-08-17,YourStory,Startup Focused Online Publisher,Undiscolsed,Mumbai,T V Mohandas Pai,Seed Funding,0.0
2526,2015-08-17,YourStory,Startup Focused Online Publisher,Undiscolsed,Mumbai,Karthee Madasamay,Seed Funding,0.0
2527,2015-08-17,Sampurnearth,Waste Management Solutions,Undiscolsed,Mumbai,Intellecap Impact Investment Network,Seed Funding,1.53552
2527,2015-08-17,Sampurnearth,Waste Management Solutions,Undiscolsed,Mumbai,family office fund,Seed Funding,1.53552
2528,2015-08-17,Orobind,App based Fitness coaching,Undiscolsed,Bangalore,Existing & New Investors,Private Equity,0.0
2529,2015-08-17,Fixy,On demand cleaning & fixing services,Undiscolsed,Mumbai,VentureNursery,Seed Funding,0.0
2530,2015-08-17,MSM Box,Beauty & Lifestyle platform,Undiscolsed,New Delhi,Rohit Goel,Seed Funding,0.0
2531,2015-08-17,ShadowFax,on-demand delivery service,Undiscolsed,Gurgaon,Kunal Bahl,Seed Funding,2.97507
2531,2015-08-17,ShadowFax,on-demand delivery service,Undiscolsed,Gurgaon,Rohit Bansal,Seed Funding,2.97507
2531,2015-08-17,ShadowFax,on-demand delivery service,Undiscolsed,Gurgaon,Zishaan Hayath,Seed Funding,2.97507
2531,2015-08-17,ShadowFax,on-demand delivery service,Undiscolsed,Gurgaon,Prashant Malik,Seed Funding,2.97507
2532,2015-08-17,Gadgets 360,Car & Bike ecommerce platform,Undiscolsed,New Delhi,One97 Communications,Private Equity,0.0
2533,2015-08-18,Roposo,Fashion Discovery platform,Undiscolsed,Gurgaon,Tiger Global,Private Equity,143.955
2534,2015-08-18,IntelligenceNODE,Data Analytics Platform,Undiscolsed,Mumbai,New Enterprise Associates,Private Equity,40.3074
2534,2015-08-18,IntelligenceNODE,Data Analytics Platform,Undiscolsed,Mumbai,Orios Venture Partners,Private Equity,40.3074
2535,2015-08-18,HyperVerge,Deep Learning Cloud Algorithms,Undiscolsed,Chennai,NEA,Seed Funding,9.597
2535,2015-08-18,HyperVerge,Deep Learning Cloud Algorithms,Undiscolsed,Chennai,Milliways Ventures,Seed Funding,9.597
2535,2015-08-18,HyperVerge,Deep Learning Cloud Algorithms,Undiscolsed,Chennai,Naya Ventures,Seed Funding,9.597
2536,2015-08-18,Twyst,Location based engagement & rewards platform,Undiscolsed,Gurgaon,Rohit Bhatia,Seed Funding,0.0
2536,2015-08-18,Twyst,Location based engagement & rewards platform,Undiscolsed,Gurgaon,Sunil Nikhar,Seed Funding,0.0
2536,2015-08-18,Twyst,Location based engagement & rewards platform,Undiscolsed,Gurgaon,Vaibhav Domkundwar,Seed Funding,0.0
2536,2015-08-18,Twyst,Location based engagement & rewards platform,Undiscolsed,Gurgaon,Siddharth Nautiyal,Seed Funding,0.0
2537,2015-08-18,IDfy,Online Identity Verification Services platform,Undiscolsed,Mumbai,NEA,Private Equity,0.0
2537,2015-08-18,IDfy,Online Identity Verification Services platform,Undiscolsed,Mumbai,Blume Ventures & others,Private Equity,0.0
2538,2015-08-18,Zoojoo.be,Corporate Wellness App,Undiscolsed,Bangalore,RoundGlass Partners,Private Equity,9.597
2539,2015-08-19,Fashionove,Fashion Search & Review Platform,Undiscolsed,Kolkata,Umesh Yadav,Seed Funding,0.0
2540,2015-08-19,TimeSaverz,"Hyperlocal Maintenance, Repair & Cleaning services",Undiscolsed,Mumbai,Unilazer Ventures,Private Equity,23.0328
2541,2015-08-19,Envoged,pre-owned Luxury online apparel seller,Undiscolsed,Mumbai,Manish Dhingra,Seed Funding,0.0
2541,2015-08-19,Envoged,pre-owned Luxury online apparel seller,Undiscolsed,Mumbai,Ankush Nijhawa,Seed Funding,0.0
2541,2015-08-19,Envoged,pre-owned Luxury online apparel seller,Undiscolsed,Mumbai,Gaurav Bhatnagar,Seed Funding,0.0
2542,2015-08-19,MebelKart,Online Furniture Marketplace,Undiscolsed,Bangalore,AskMe,Private Equity,191.94
2543,2015-08-20,LabsAdvisor,Online Diagnostic Tests Marketplace,Undiscolsed,New Delhi,Group of Angel Investors,Seed Funding,1.497132
2544,2015-08-20,Flatpebble,Online marketplace for Photographers,Undiscolsed,Hyderabad,Indian Angel Network,Seed Funding,5.7582
2545,2015-08-20,Bluegape.com,Visual Blogging platform,Undiscolsed,New Delhi,ah! Ventures,Seed Funding,5.7582
2545,2015-08-20,Bluegape.com,Visual Blogging platform,Undiscolsed,New Delhi,Times Internet,Seed Funding,5.7582
2545,2015-08-20,Bluegape.com,Visual Blogging platform,Undiscolsed,New Delhi,Rudy Gopalakrishnan,Seed Funding,5.7582
2546,2015-08-21,ePoise,Job Search Platform,Undiscolsed,Bangalore,Orios Venture Partners,Seed Funding,4.7985
2546,2015-08-21,ePoise,Job Search Platform,Undiscolsed,Bangalore,Amit Ranjan & others,Seed Funding,4.7985
2547,2015-08-24,Jolly Food Fellow,Food Customer analytics platform,Undiscolsed,Ahmedabad,The 1947,Seed Funding,2.8791
2548,2015-08-24,BookMeIn,Professional Service Appointment booking service,Undiscolsed,Mumbai,Ajmera Group of Companies,Seed Funding,3.8388
2549,2015-08-24,iZofy,Scientific Horoscope Online Assistance platform,Undiscolsed,Kolkata,Prime Capital Markets Ltd,Seed Funding,0.0
2550,2015-08-24,rBus,Tech enabled AC bus service,Undiscolsed,Mumbai,India Quotient,Seed Funding,0.0
2550,2015-08-24,rBus,Tech enabled AC bus service,Undiscolsed,Mumbai,Anupam Mittal & others,Seed Funding,0.0
2551,2015-08-25,Qyk App,On-Demand App based Professional service provider,Undiscolsed,Bangalore,GrowX ventures,Private Equity,9.597
2551,2015-08-25,Qyk App,On-Demand App based Professional service provider,Undiscolsed,Bangalore,Tracxn Labs,Private Equity,9.597
2551,2015-08-25,Qyk App,On-Demand App based Professional service provider,Undiscolsed,Bangalore,Powai Lake Ventures,Private Equity,9.597
2551,2015-08-25,Qyk App,On-Demand App based Professional service provider,Undiscolsed,Bangalore,and Sahil Barua,Private Equity,9.597
2552,2015-08-25,EazyDiner,Restaurant Reservation Platform,Undiscolsed,Gurgaon,DSG Consumer Partners,Private Equity,28.791
2552,2015-08-25,EazyDiner,Restaurant Reservation Platform,Undiscolsed,Gurgaon,Saama Capital,Private Equity,28.791
2553,2015-08-25,RevX,Cross-channel CRM platform,Undiscolsed,Mumbai,Norwest Venture Partners,Private Equity,38.388
2553,2015-08-25,RevX,Cross-channel CRM platform,Undiscolsed,Mumbai,Nexus Venture Partners,Private Equity,38.388
2553,2015-08-25,RevX,Cross-channel CRM platform,Undiscolsed,Mumbai,Helion Venture Partners,Private Equity,38.388
2553,2015-08-25,RevX,Cross-channel CRM platform,Undiscolsed,Mumbai,Draper Fisher Jurvetson,Private Equity,38.388
2553,2015-08-25,RevX,Cross-channel CRM platform,Undiscolsed,Mumbai,Peepul Capital,Private Equity,38.388
2554,2015-08-25,ICustomMadeIt,Professional Custom creators Marketplace,Undiscolsed,Pune,Group of Angel Investors,Seed Funding,2.39925
2555,2015-08-26,PickMyLaundry,on-Demand Washing & Dry-Cleaning,Undiscolsed,New Delhi,GHV Accelerator,Seed Funding,0.9597
2556,2015-08-26,Belita,On-Demand Beauty Service,Undiscolsed,Mumbai,India Quotient,Seed Funding,3.8388
2556,2015-08-26,Belita,On-Demand Beauty Service,Undiscolsed,Mumbai,LetsVenture investors,Seed Funding,3.8388
2556,2015-08-26,Belita,On-Demand Beauty Service,Undiscolsed,Mumbai,Lead Angels,Seed Funding,3.8388
2557,2015-08-26,EzySolare,solar products and services marketplace,Undiscolsed,Ahmedabad,Infuse Ventures,Seed Funding,0.0
2558,2015-08-26,FoodTalkIndia,Online Food Community Platform,Undiscolsed,Gurgaon,Undisclosed Investor,Seed Funding,4.7985
2559,2015-08-27,InstaSafe,Private Cloud Networks SAAS platform,Undiscolsed,Bangalore,Group of Investors,Seed Funding,0.0
2560,2015-08-27,Eazy Coach,Education Marketplace,Undiscolsed,Kolkata,Ravi Agarwal,Seed Funding,0.0
2561,2015-08-27,Djubo.com,Cloud Based Hotel Sales Platform,Undiscolsed,New Delhi,Ibibo Group,Private Equity,0.0
2562,2015-08-28,BetterButter.in,online recipe sharing platform,Undiscolsed,New Delhi,Growx Ventures,Seed Funding,0.0
2562,2015-08-28,BetterButter.in,online recipe sharing platform,Undiscolsed,New Delhi,Manish Singhal,Seed Funding,0.0
2563,2015-08-28,Vyomo,Beauty & Lifestyle Mobile Marketplace,Undiscolsed,Bangalore,Rocket Internet,Private Equity,19.194
2564,2015-08-28,RollMafia,QSR Restaurant Chain,Undiscolsed,Pune,Equentia Natural Resources,Seed Funding,1.53552
2565,2015-08-29,iamwire,Digital Media publishing platform,Undiscolsed,Gurgaon,Li Tao,Seed Funding,0.0
2565,2015-08-29,iamwire,Digital Media publishing platform,Undiscolsed,Gurgaon,Li Jian,Seed Funding,0.0
2565,2015-08-29,iamwire,Digital Media publishing platform,Undiscolsed,Gurgaon,Draphant Consultants,Seed Funding,0.0
2565,2015-08-29,iamwire,Digital Media publishing platform,Undiscolsed,Gurgaon,Nitin Garg,Seed Funding,0.0
2565,2015-08-29,iamwire,Digital Media publishing platform,Undiscolsed,Gurgaon,Saurabh Jain,Seed Funding,0.0
2565,2015-08-29,iamwire,Digital Media publishing platform,Undiscolsed,Gurgaon,Mohit Agarwal,Seed Funding,0.0
2566,2015-08-31,DropKaffe,Online Coffee Delivery platform,Undiscolsed,Bangalore,Manish Singhal,Seed Funding,2.8791
2566,2015-08-31,DropKaffe,Online Coffee Delivery platform,Undiscolsed,Bangalore,P39 Capital & Others,Seed Funding,2.8791
2567,2015-08-31,Reverie,Language Localization Cloud platform,Undiscolsed,Bangalore,Aspada Investment Advisors,Private Equity,38.388
2567,2015-08-31,Reverie,Language Localization Cloud platform,Undiscolsed,Bangalore,Qualcomm Ventures,Private Equity,38.388
2568,2015-08-31,Infinite Analytics,Big Data & predictive Analysis Platform,Undiscolsed,Mumbai,Ratan Tata,Private Equity,0.0
2568,2015-08-31,Infinite Analytics,Big Data & predictive Analysis Platform,Undiscolsed,Mumbai,Nikhil Vora & others,Private Equity,0.0
2569,2015-07-01,Parcelled,Online Logistics Platform,Undiscolsed,Bangalore,Delhivery,Seed Funding,0.0
2569,2015-07-01,Parcelled,Online Logistics Platform,Undiscolsed,Bangalore,Tracxn Labs,Seed Funding,0.0
2570,2015-07-01,Retigence Technologies,Business IT Intelligence Services,Undiscolsed,Mumbai,Omnivore Partners,Private Equity,0.0
2571,2015-07-01,Cloudcherry Analytics,CRM / Analytics platform,Undiscolsed,Chennai,The Chennai Angels,Seed Funding,9.597
2571,2015-07-01,Cloudcherry Analytics,CRM / Analytics platform,Undiscolsed,Chennai,IDG Ventures India,Seed Funding,9.597
2572,2015-07-01,HandyHome,Hyperlocal Electronics repair Service,Undiscolsed,Mumbai,Bessemer Ventures,Seed Funding,6.04611
2572,2015-07-01,HandyHome,Hyperlocal Electronics repair Service,Undiscolsed,Mumbai,Kae Capital,Seed Funding,6.04611
2573,2015-07-01,iDreamCareer,Ed-Tech Platform,Undiscolsed,New Delhi,ah! Ventures,Seed Funding,0.0
2573,2015-07-01,iDreamCareer,Ed-Tech Platform,Undiscolsed,New Delhi,Vivek Joshi,Seed Funding,0.0
2573,2015-07-01,iDreamCareer,Ed-Tech Platform,Undiscolsed,New Delhi,Mohit Satyanand & others,Seed Funding,0.0
2574,2015-07-01,Ola Cabs,Cab rental Mobile app,Undiscolsed,Bangalore,Ratan Tata,Private Equity,0.0
2575,2015-07-01,NxtGen,IT infrastructure & Data Center services,Undiscolsed,Bangalore,IFC,Private Equity,129.5595
2575,2015-07-01,NxtGen,IT infrastructure & Data Center services,Undiscolsed,Bangalore,Axon Partners,Private Equity,129.5595
2575,2015-07-01,NxtGen,IT infrastructure & Data Center services,Undiscolsed,Bangalore,Intel Capital,Private Equity,129.5595
2576,2015-07-02,BankBazaar,Online Financial Services,Undiscolsed,Chennai,Amazon,Private Equity,575.82
2576,2015-07-02,BankBazaar,Online Financial Services,Undiscolsed,Chennai,Fidelity Growth Partners,Private Equity,575.82
2576,2015-07-02,BankBazaar,Online Financial Services,Undiscolsed,Chennai,Mousse Partners,Private Equity,575.82
2577,2015-07-02,Gozoomo,Used Car Marketplace,Undiscolsed,Bangalore,SAIF Partners,Private Equity,47.985
2578,2015-07-02,Zenatix,Internet of Things platform,Undiscolsed,Gurgaon,Rajan Anandan,Seed Funding,1.545117
2578,2015-07-02,Zenatix,Internet of Things platform,Undiscolsed,Gurgaon,Kunal Bahl,Seed Funding,1.545117
2578,2015-07-02,Zenatix,Internet of Things platform,Undiscolsed,Gurgaon,Rohit Bansal,Seed Funding,1.545117
2578,2015-07-02,Zenatix,Internet of Things platform,Undiscolsed,Gurgaon,Rahul Khanna,Seed Funding,1.545117
2579,2015-07-03,CultureAlley,Language Learning App,Undiscolsed,Jaipur,Tiger Global,Private Equity,62.3805
2580,2015-07-03,Goqii,Mobile Fitness Marketplace,Undiscolsed,Mumbai,Vijay Shekhar Sharma,Private Equity,0.0
2581,2015-07-03,Gingercrush,Custom Merchandize platform,Undiscolsed,Ahmedabad,Gokul Jaykrishna,Seed Funding,9.597
2581,2015-07-03,Gingercrush,Custom Merchandize platform,Undiscolsed,Ahmedabad,Brand Capital,Seed Funding,9.597
2582,2015-07-04,Elanic,P2P Pre-owned goods marketplace,Undiscolsed,Bangalore,Rebright Partners,Seed Funding,0.0
2582,2015-07-04,Elanic,P2P Pre-owned goods marketplace,Undiscolsed,Bangalore,Tracxn Labs,Seed Funding,0.0
2582,2015-07-04,Elanic,P2P Pre-owned goods marketplace,Undiscolsed,Bangalore,Aneesh Reddy,Seed Funding,0.0
2583,2015-07-04,Stitchwood,Custom Furniture Marketplace,Undiscolsed,Mumbai,Powai Lake Ventures,Seed Funding,3.790815
2583,2015-07-04,Stitchwood,Custom Furniture Marketplace,Undiscolsed,Mumbai,Ajeet Khurana & others,Seed Funding,3.790815
2584,2015-07-05,Urban Tailor,Online Tailoring Services,Undiscolsed,Bangalore,Group of angel investors,Seed Funding,0.0
2585,2015-07-06,ConfirmtTkt,Rail Ticket Confirmation predictor,Undiscolsed,Bangalore,Pravin Agarwala & others,Seed Funding,0.0
2586,2015-07-06,Paper Boat,Ethnic Beverages manufacturer,Undiscolsed,Gurgaon,Sofina,Private Equity,287.91
2586,2015-07-06,Paper Boat,Ethnic Beverages manufacturer,Undiscolsed,Gurgaon,Hillhouse Capital,Private Equity,287.91
2587,2015-07-06,getNow,Hyperlocal Goods marketplace,Undiscolsed,Nagpur,Atulya Mittal,Seed Funding,0.0
2588,2015-07-07,Wudstay,Budget Accommodation aggregator,Undiscolsed,Gurgaon,Mangroves Capital Partners,Private Equity,28.791
2588,2015-07-07,Wudstay,Budget Accommodation aggregator,Undiscolsed,Gurgaon,Vikas Saxena,Private Equity,28.791
2589,2015-07-07,Liases Foras,Real Estate Rating & Analysis,Undiscolsed,New Delhi,DMG information Asia Pacific,Private Equity,47.985
2590,2015-07-07,Eatlo,Food Delivery platform,Undiscolsed,Bangalore,Powai Lake Ventures,Seed Funding,0.0
2590,2015-07-07,Eatlo,Food Delivery platform,Undiscolsed,Bangalore,Globeinvestor,Seed Funding,0.0
2590,2015-07-07,Eatlo,Food Delivery platform,Undiscolsed,Bangalore,Abhishekh Goyal,Seed Funding,0.0
2591,2015-07-07,IndiaLends,Financial Tech,Undiscolsed,New Delhi,DSG Consumer Partners,Private Equity,0.0
2591,2015-07-07,IndiaLends,Financial Tech,Undiscolsed,New Delhi,Siddharth Parekh,Private Equity,0.0
2592,2015-07-08,Quinto,Food Discovery App,Undiscolsed,Pune,Jaydeep Barman,Seed Funding,0.0
2593,2015-07-08,Saavn,Music Streaming App,Undiscolsed,Mumbai,Tiger Global Management,Private Equity,959.7
2593,2015-07-08,Saavn,Music Streaming App,Undiscolsed,Mumbai,Bertelsmann India,Private Equity,959.7
2593,2015-07-08,Saavn,Music Streaming App,Undiscolsed,Mumbai,Steadview Capital,Private Equity,959.7
2593,2015-07-08,Saavn,Music Streaming App,Undiscolsed,Mumbai,Liberty Media,Private Equity,959.7
2593,2015-07-08,Saavn,Music Streaming App,Undiscolsed,Mumbai,Mousse Partners,Private Equity,959.7
2593,2015-07-08,Saavn,Music Streaming App,Undiscolsed,Mumbai,Quilvest,Private Equity,959.7
2594,2015-07-08,Flytxt,Big Data & Analytics platform,Undiscolsed,Mumbai / Global,Sunrise Capital GmBH,Private Equity,105.567
2594,2015-07-08,Flytxt,Big Data & Analytics platform,Undiscolsed,Mumbai / Global,Big Data Investments B.V,Private Equity,105.567
2595,2015-07-08,Axtria,Big Data & Analytics platform,Undiscolsed,India / US,Helion Venture Partners,Private Equity,287.91
2595,2015-07-08,Axtria,Big Data & Analytics platform,Undiscolsed,India / US,Amarpreet Sawhney,Private Equity,287.91
2595,2015-07-08,Axtria,Big Data & Analytics platform,Undiscolsed,India / US,Deshpande Foundation,Private Equity,287.91
2595,2015-07-08,Axtria,Big Data & Analytics platform,Undiscolsed,India / US,Fred Khosravi,Private Equity,287.91
2595,2015-07-08,Axtria,Big Data & Analytics platform,Undiscolsed,India / US,Richard S. Braddock,Private Equity,287.91
2596,2015-07-08,33Coupons,Coupon Aggregator Platform,Undiscolsed,Kanpur,Not Disclosed,Seed Funding,0.19194
2597,2015-07-08,Ampere,Electric Scooter manufacturer,Undiscolsed,Coimbatore,Ratan Tata,Seed Funding,0.0
2598,2015-07-08,Hopping Chef,Online Food-Tech Platform,Undiscolsed,Mumbai,Mirah Hospitality,Seed Funding,4.51059
2599,2015-07-08,Collectabillia,Celebrity Fashion Brand,Undiscolsed,Bangalore,Accel Partners,Private Equity,71.9775
2600,2015-07-08,Lendingkart,Online Finance lending platform,Undiscolsed,Ahmedabad,Saama Capital,Private Equity,95.97
2600,2015-07-08,Lendingkart,Online Finance lending platform,Undiscolsed,Ahmedabad,Mayfield,Private Equity,95.97
2600,2015-07-08,Lendingkart,Online Finance lending platform,Undiscolsed,Ahmedabad,Ashvin Chadha,Private Equity,95.97
2600,2015-07-08,Lendingkart,Online Finance lending platform,Undiscolsed,Ahmedabad,Shailesh Mehta,Private Equity,95.97
2601,2015-07-08,Lybrate,Healthcare Mobile App,Undiscolsed,New Delhi,Tiger Global Management,Private Equity,97.8894
2601,2015-07-08,Lybrate,Healthcare Mobile App,Undiscolsed,New Delhi,Ratan Tata,Private Equity,97.8894
2601,2015-07-08,Lybrate,Healthcare Mobile App,Undiscolsed,New Delhi,Nexus Venture Partners,Private Equity,97.8894
2602,2015-07-08,Zoomcar,Self-driven vehicle rental,Undiscolsed,Bangalore,Sequoia Capital,Private Equity,105.567
2602,2015-07-08,Zoomcar,Self-driven vehicle rental,Undiscolsed,Bangalore,Empire Angels,Private Equity,105.567
2602,2015-07-08,Zoomcar,Self-driven vehicle rental,Undiscolsed,Bangalore,NGP,Private Equity,105.567
2603,2015-07-09,News in shorts,News Aggregator mobile app,Undiscolsed,Noida,Tiger Global,Private Equity,191.94
2604,2015-07-09,Bluestone,Online Jewellery Store,Undiscolsed,Bangalore,IvyCap Ventures,Private Equity,155.4714
2604,2015-07-09,Bluestone,Online Jewellery Store,Undiscolsed,Bangalore,Accel Partners,Private Equity,155.4714
2604,2015-07-09,Bluestone,Online Jewellery Store,Undiscolsed,Bangalore,Dragoneer Investment Group,Private Equity,155.4714
2605,2015-07-09,Shopsity,Fashion Info Aggregator App,Undiscolsed,Gurgaon, Sandeep Aggarwal,Seed Funding,0.0
2605,2015-07-09,Shopsity,Fashion Info Aggregator App,Undiscolsed,Gurgaon,Teruhide Sato,Seed Funding,0.0
2606,2015-07-09,Notesgen,Online Study Notes Marketplace,Undiscolsed,New Delhi,Rajeev Saraf,Seed Funding,0.0
2606,2015-07-09,Notesgen,Online Study Notes Marketplace,Undiscolsed,New Delhi,Arvind Jha,Seed Funding,0.0
2606,2015-07-09,Notesgen,Online Study Notes Marketplace,Undiscolsed,New Delhi,R. Satya Narayanan,Seed Funding,0.0
2607,2015-07-10,Infinity Assurance,Warranty Programs Service Administration,Undiscolsed,New Delhi,Indian Angel Network,Seed Funding,5.7582
2608,2015-07-10,Footprints Education,Pre-School Chain,Undiscolsed,Gurgaon,LetsVenture,Seed Funding,6.573945
2608,2015-07-10,Footprints Education,Pre-School Chain,Undiscolsed,Gurgaon,Kumar Bansal,Seed Funding,6.573945
2608,2015-07-10,Footprints Education,Pre-School Chain,Undiscolsed,Gurgaon,Kshitij Jain,Seed Funding,6.573945
2609,2015-07-10,Loylty Rewards,Premium Loyalty Rewards Point Management,Undiscolsed,Mumbai,IndianIdeas.com,Private Equity,185.70195
2610,2015-07-13,Ameyo,Contact Center Software Platform,Undiscolsed,Gurgaon,Forum Synergies PE Fund,Private Equity,47.985
2611,2015-07-13,Mamagoto,Casual Dining restaurant Chain,Undiscolsed,New Delhi,Goldman Sachs,Private Equity,95.97
2612,2015-07-13,Satvacart,Online Grocery Delivery,Undiscolsed,Gurgaon,Palaash Ventures,Seed Funding,0.0
2613,2015-07-14,MySmartPrice,Online comparison engine,Undiscolsed,Hyderabad,Accel Partners,Private Equity,95.97
2613,2015-07-14,MySmartPrice,Online comparison engine,Undiscolsed,Hyderabad,Helion Venture Partners,Private Equity,95.97
2614,2015-07-14,Zenify,Residential Rental management platform,Undiscolsed,Bangalore,Atul Jalan,Seed Funding,0.0
2615,2015-07-14,Boxmyspace,Physical Storage warehouses,Undiscolsed,Mumbai,Ritesh Veera,Seed Funding,2.8791
2615,2015-07-14,Boxmyspace,Physical Storage warehouses,Undiscolsed,Mumbai,Singapore Angel Network,Seed Funding,2.8791
2615,2015-07-14,Boxmyspace,Physical Storage warehouses,Undiscolsed,Mumbai,Orios Venture Partners,Seed Funding,2.8791
2615,2015-07-14,Boxmyspace,Physical Storage warehouses,Undiscolsed,Mumbai,,Seed Funding,2.8791
2616,2015-07-14,HackerRank,Tech Recruitment platform,Undiscolsed,Bangalore,HR Technology fund,Private Equity,71.9775
2617,2015-07-14,WickedRide,Bike Rental Platform,Undiscolsed,Bangalore,Undisclosed,Seed Funding,7.58163
2618,2015-07-14,WoWexpress,Tech enabled logistics platform,Undiscolsed,Mumbai,Tamarind Family Private Trust,Seed Funding,4.7985
2619,2015-07-15,Oyo Rooms,Budget Hotel Accommodation,Undiscolsed,Gurgaon,Softbank,Private Equity,959.7
2619,2015-07-15,Oyo Rooms,Budget Hotel Accommodation,Undiscolsed,Gurgaon,Sequoia Capital,Private Equity,959.7
2620,2015-07-15,Mobikon,Restaurant customer engagement platform,Undiscolsed,Pune,Jungle Ventures,Private Equity,22.0731
2621,2015-07-15,InstaLively.com,Live video streaming app,Undiscolsed,New Delhi,Anupam Mittal,Seed Funding,0.0
2621,2015-07-15,InstaLively.com,Live video streaming app,Undiscolsed,New Delhi,Anand Chandrasekaran,Seed Funding,0.0
2621,2015-07-15,InstaLively.com,Live video streaming app,Undiscolsed,New Delhi,Uday Shankar,Seed Funding,0.0
2621,2015-07-15,InstaLively.com,Live video streaming app,Undiscolsed,New Delhi,Chetan Bhagat,Seed Funding,0.0
2622,2015-07-15,Roadrunnr,Hyper local logistics platform,Undiscolsed,Bangalore,Sequoia Capital,Private Equity,105.567
2622,2015-07-15,Roadrunnr,Hyper local logistics platform,Undiscolsed,Bangalore,Nexus Venture Partners,Private Equity,105.567
2622,2015-07-15,Roadrunnr,Hyper local logistics platform,Undiscolsed,Bangalore,Blume Ventures,Private Equity,105.567
2623,2015-07-16,Ketto,Crowd Funding Platform,Undiscolsed,Mumbai,Pradyumna Dalmia,Seed Funding,6.7179
2623,2015-07-16,Ketto,Crowd Funding Platform,Undiscolsed,Mumbai,Sudhir Rao & Others,Seed Funding,6.7179
2624,2015-07-17,QuikWallet,F&B sector Mobile Payment platform,Undiscolsed,Mumbai,Snow Leopard Technology Ventures,Private Equity,15.3552
2625,2015-07-17,Omnikart,Industrial Supplies B2B ecommerce,Undiscolsed,Mumbai,Sumit Gandhi,Seed Funding,0.9597
2625,2015-07-17,Omnikart,Industrial Supplies B2B ecommerce,Undiscolsed,Mumbai,Manish Gandhi,Seed Funding,0.9597
2626,2015-07-20,Zo Rooms,Online budget hotel chain,Undiscolsed,New Delhi,Tiger Global,Private Equity,143.955
2626,2015-07-20,Zo Rooms,Online budget hotel chain,Undiscolsed,New Delhi,Orios Venture Partners.,Private Equity,143.955
2627,2015-07-20,Innoviti,Payment Solutions platform,Undiscolsed,Bangalore,Catamaran Ventures,Private Equity,46.54545
2627,2015-07-20,Innoviti,Payment Solutions platform,Undiscolsed,Bangalore,New India Investment Corporation,Private Equity,46.54545
2628,2015-07-21,ZenRadius,Online Hiring Platform,Undiscolsed,Bangalore,Tracxn Labs,Seed Funding,0.0
2628,2015-07-21,ZenRadius,Online Hiring Platform,Undiscolsed,Bangalore,Deepak Singh,Seed Funding,0.0
2629,2015-07-21,Joy by nature,Organic Food ecommerce,Undiscolsed,New Delhi,Mumbai Angels,Private Equity,9.597
2629,2015-07-21,Joy by nature,Organic Food ecommerce,Undiscolsed,New Delhi,Vriddhi Fund,Private Equity,9.597
2629,2015-07-21,Joy by nature,Organic Food ecommerce,Undiscolsed,New Delhi,Others,Private Equity,9.597
2630,2015-07-22,Iqlect,Big Data & Analytics platform,Undiscolsed,Bangalore,Exfinity Venture Partners,Private Equity,19.194
2631,2015-07-22,deGustibus,Fine Dining Restaurant Chain,Undiscolsed,Mumbai,India Value Fund Advisors,Private Equity,287.91
2632,2015-07-23,Nestaway,Luxury Rental Homes,Undiscolsed,Bangalore,Flipkart,Private Equity,122.36175
2632,2015-07-23,Nestaway,Luxury Rental Homes,Undiscolsed,Bangalore,Tiger Global,Private Equity,122.36175
2633,2015-07-23,Mswipe,Mobile Point of Sale payment solution,Undiscolsed,Undiscolsed,Falcon Edge Capital,Private Equity,239.925
2633,2015-07-23,Mswipe,Mobile Point of Sale payment solution,Undiscolsed,Undiscolsed,Meru Capital,Private Equity,239.925
2633,2015-07-23,Mswipe,Mobile Point of Sale payment solution,Undiscolsed,Undiscolsed,Ola,Private Equity,239.925
2633,2015-07-23,Mswipe,Mobile Point of Sale payment solution,Undiscolsed,Undiscolsed,Matrix Partners,Private Equity,239.925
2633,2015-07-23,Mswipe,Mobile Point of Sale payment solution,Undiscolsed,Undiscolsed,DSG Consumer Partners,Private Equity,239.925
2633,2015-07-23,Mswipe,Mobile Point of Sale payment solution,Undiscolsed,Undiscolsed,Axis Bank,Private Equity,239.925
2634,2015-07-23,Myonsto,Online Grocers,Undiscolsed,Ahmedabad,Jayant Bokadia,Seed Funding,3.07104
2635,2015-07-23,iCrushiFlush,Casual Dating App,Undiscolsed,Mumbai,IDG Ventures India,Seed Funding,0.0
2636,2015-07-23,MedGenome,Clinical Genomics Provider,Undiscolsed,Bangalore,Sequoia Capital,Private Equity,191.94
2637,2015-07-23,HolidayIQ,Travel information portal,Undiscolsed,Bangalore,MakeMyTrip,Private Equity,143.955
2638,2015-07-23,Fitternity,Fitness Marketplace,Undiscolsed,Mumbai,Exfinity Venture Partners,Private Equity,9.597
2639,2015-07-23,Quikr,Online & Mobile classified listings,Undiscolsed,Mumbai,AB Kinnevik,Private Equity,575.82
2639,2015-07-23,Quikr,Online & Mobile classified listings,Undiscolsed,Mumbai,Falcon Edge Capital,Private Equity,575.82
2639,2015-07-23,Quikr,Online & Mobile classified listings,Undiscolsed,Mumbai,Coatue Management,Private Equity,575.82
2640,2015-07-23,JetSetGo,Private Jet/ Helicopter Marketplace,Undiscolsed,New Delhi,YourWeCan Ventures,Seed Funding,0.0
2641,2015-07-24,BroEx,Real Estate Broker network App,Undiscolsed,Gurgaon,Lightspeed India,Private Equity,9.597
2642,2015-07-25,Shopatplaces,Ethnic/ Traditional Fashion Store,Undiscolsed,New Delhi,Indian Angel Network,Seed Funding,0.0
2643,2015-07-25,CredR,Used Bikes Marketplace,Undiscolsed,Mumbai,Fidelity Growth Partners,Private Equity,143.955
2644,2015-07-27,ManageMySpa,Spa & Salon Management Software,Undiscolsed,Hyderabad,Accel Partners,Private Equity,57.582
2645,2015-07-27,Townrush,B2B logistics delivery platform,Undiscolsed,Bangalore,Lightspeed Venture Partners,Seed Funding,0.0
2646,2015-07-27,Locus,Logistics Automation Platform,Undiscolsed,Bangalore,growX ventures,Seed Funding,0.0
2646,2015-07-27,Locus,Logistics Automation Platform,Undiscolsed,Bangalore, Manish Singhal,Seed Funding,0.0
2647,2015-07-27,Bevy,Online Hiring Platform,Undiscolsed,Bangalore,Varun Agarwal & Others,Seed Funding,0.0
2648,2015-07-28,Pepperfry,Online home d\\xc3\\xa9cor marketplace,Undiscolsed,Mumbai,Goldman Sachs,Private Equity,959.7
2648,2015-07-28,Pepperfry,Online home d\\xc3\\xa9cor marketplace,Undiscolsed,Mumbai,Zodius Technology Fund,Private Equity,959.7
2648,2015-07-28,Pepperfry,Online home d\\xc3\\xa9cor marketplace,Undiscolsed,Mumbai,Bertelsmann India Investments Norwest Venture Partners.,Private Equity,959.7
2649,2015-07-28,Flipkart.com,Online Marketplace,Undiscolsed,Bangalore,Steadview Capital and existing investors,Private Equity,6717.9
2650,2015-07-28,Opinio,Hyperlocal food & grocery store,Undiscolsed,Bangalore,Accel Partners,Seed Funding,12.4761
2650,2015-07-28,Opinio,Hyperlocal food & grocery store,Undiscolsed,Bangalore,Traxcn Labs & Others,Seed Funding,12.4761
2651,2015-07-28,Zoctr,Health-Tech platform,Undiscolsed,Mumbai,Sandeep Parwal,Seed Funding,9.597
2651,2015-07-28,Zoctr,Health-Tech platform,Undiscolsed,Mumbai,Krishan Gupta & Others,Seed Funding,9.597
2652,2015-07-29,Zimmber,Hyperlocal Handyman Services,Undiscolsed,Mumbai,IDG Ventures India,Private Equity,19.194
2652,2015-07-29,Zimmber,Hyperlocal Handyman Services,Undiscolsed,Mumbai,Omidyar Network,Private Equity,19.194
2652,2015-07-29,Zimmber,Hyperlocal Handyman Services,Undiscolsed,Mumbai,Sherpalo Ventures,Private Equity,19.194
2652,2015-07-29,Zimmber,Hyperlocal Handyman Services,Undiscolsed,Mumbai, Mohandas Pai,Private Equity,19.194
2653,2015-07-29,trueHb,Medical Tech Instruments,Undiscolsed,New Delhi,Sachin and Binny Bansal,Seed Funding,23.0328
2653,2015-07-29,trueHb,Medical Tech Instruments,Undiscolsed,New Delhi,Malvinder and Shivinder Singh,Seed Funding,23.0328
2653,2015-07-29,trueHb,Medical Tech Instruments,Undiscolsed,New Delhi,Gurpreet Singh & others,Seed Funding,23.0328
2654,2015-07-29,Zovi.com / Little App,Hyperlocal Deals Marketplace,Undiscolsed,Bangalore,Paytm,Private Equity,479.85
2654,2015-07-29,Zovi.com / Little App,Hyperlocal Deals Marketplace,Undiscolsed,Bangalore,SAIF Partners,Private Equity,479.85
2654,2015-07-29,Zovi.com / Little App,Hyperlocal Deals Marketplace,Undiscolsed,Bangalore, Tiger Global Management & others,Private Equity,479.85
2655,2015-07-29,Swajal,Innovative Water Solutions,Undiscolsed,Gurgaon,Abhishek Gupta,Private Equity,11.5164
2656,2015-07-30,Pipa Bella,Online Jewelry Store,Undiscolsed,Mumbai,LionRock Capital,Private Equity,5.7582
2657,2015-07-30,Pragmatix,Business intelligence & Analytics,Undiscolsed,Mumbai,SIDBI Venture Capital Ltd,Private Equity,23.0328
2658,2015-07-30,Droom.in,Used Vehicle Marketplace,Undiscolsed,New Delhi,Lightbox Ventures,Private Equity,153.552
2658,2015-07-30,Droom.in,Used Vehicle Marketplace,Undiscolsed,New Delhi,Beenos,Private Equity,153.552
2659,2015-07-30,MadRat Games,Educational Board Games,Undiscolsed,Bangalore,Kunal Bahl,Seed Funding,1.612296
2659,2015-07-30,MadRat Games,Educational Board Games,Undiscolsed,Bangalore,Rohit Bansal,Seed Funding,1.612296
2660,2015-07-30,Noodle Play,Chinese food delivery,Undiscolsed,Mumbai,Elliot Stechman,Seed Funding,1.612296
2660,2015-07-30,Noodle Play,Chinese food delivery,Undiscolsed,Mumbai,Gautam Sinha,Seed Funding,1.612296
2660,2015-07-30,Noodle Play,Chinese food delivery,Undiscolsed,Mumbai,Ambarish Ray,Seed Funding,1.612296
2661,2015-07-30,Wassup,On-Demand Laundry & Dry cleaning App,Undiscolsed,Chennai,B S Nagesh,Private Equity,0.0
2662,2015-07-30,Cartisan,On-Demand Car services App,Undiscolsed,Bangalore,YouWeCan Ventures,Seed Funding,0.0
2662,2015-07-30,Cartisan,On-Demand Car services App,Undiscolsed,Bangalore, Aprameya Radhakrishna,Seed Funding,0.0
2663,2015-07-31,LazyLad,Hyperlocal Grocery App,Undiscolsed,Gurgaon,Jai Choi,Private Equity,4.7985
2663,2015-07-31,LazyLad,Hyperlocal Grocery App,Undiscolsed,Gurgaon,Kiyohiro Sugashita,Private Equity,4.7985
2663,2015-07-31,LazyLad,Hyperlocal Grocery App,Undiscolsed,Gurgaon,Hirokazu,Private Equity,4.7985
2664,2015-07-31,TripFactory,Online Curated Holiday package bookings,Undiscolsed,Bangalore,Aarin Capital Partners,Private Equity,0.0
2664,2015-07-31,TripFactory,Online Curated Holiday package bookings,Undiscolsed,Bangalore,,Private Equity,0.0
2665,2015-07-31,Prothom,Hasbro Toy Manufacturer,Undiscolsed,Pune,Oliphabs Capital,Private Equity,19.194
2666,2015-07-31,Bona Vita,Travel Tech,Undiscolsed,Gurgaon,MakeMyTrip,Private Equity,47.985
2667,2015-06-01,Vyomo,Beauty and Wellness Platform,Undiscolsed,New Delhi,Aprameya Radhakrishna,Seed Funding,0.0
2668,2015-06-01,Veeba Foods,Healthy Food Manufacturer,Undiscolsed,New Delhi,DSG Consumer Partners,Private Equity,57.582
2668,2015-06-01,Veeba Foods,Healthy Food Manufacturer,Undiscolsed,New Delhi,Saama Capital.,Private Equity,57.582
2669,2015-06-01,Truebil,Used Car Marketplace,Undiscolsed,Mumbai,Kae Capital,Seed Funding,4.7985
2669,2015-06-01,Truebil,Used Car Marketplace,Undiscolsed,Mumbai,Anupam Mittal,Seed Funding,4.7985
2670,2015-06-01,Meritnation,Online Learning Platform,Undiscolsed,New Delhi,InfoEdge,Private Equity,38.388
2671,2015-06-01,Eattreatonline,Healthy Food Online Community,Undiscolsed,New Delhi,Group of 15 Angel Investors,Seed Funding,3.35895
2672,2015-06-01,CredR,Used two-wheeler Marketplace,Undiscolsed,Mumbai,GrowthStory,Seed Funding,0.0
2673,2015-06-01,Glamrs,Online Fashion Video Portal,Undiscolsed,Mumbai,Ventureworks India,Private Equity,9.597
2673,2015-06-01,Glamrs,Online Fashion Video Portal,Undiscolsed,Mumbai,Blume Ventures,Private Equity,9.597
2673,2015-06-01,Glamrs,Online Fashion Video Portal,Undiscolsed,Mumbai,Batlivala & Karani Securities,Private Equity,9.597
2673,2015-06-01,Glamrs,Online Fashion Video Portal,Undiscolsed,Mumbai,Nikunj Jhaveri,Private Equity,9.597
2674,2015-06-01,Proviera,Probiotic Technology Products Manufacturer,Undiscolsed,Chennai,Infuse Ventures,Private Equity,5.27835
2675,2015-06-01,Arth DesignBuild,Architectural Design & Consulting,Undiscolsed,Hyderabad,Srinivas Tirupati,Seed Funding,4.7985
2676,2015-06-02,Saama,Big Data & Analytics Services,Undiscolsed,Pune / US,Carrick Capital Partners,Private Equity,335.895
2677,2015-06-02,AllIzHealth,Preventive Healthcare Services,Undiscolsed,Pune,Mumbai Angels & Other angel investors,Seed Funding,3.35895
2678,2015-06-02,Karma Healthcare,Tech-enabled Rural Healthcare Services,Undiscolsed,Udaipur,Ennovent Impact Investment Holding,Private Equity,0.0
2679,2015-06-03,Entropy Innovations,Engineering Innovations,Undiscolsed,Mumbai,Mark Mobius & 9 Other Angel investors,Seed Funding,0.0
2680,2015-06-03,Propstack,Real Estate Intelligence Platform,Undiscolsed,Mumbai,DMG Information,Private Equity,28.791
2681,2015-06-03,MyTaxiIndia,Online Car Rental Affiliates,Undiscolsed,New Delhi,Green House Ventures,Seed Funding,0.9597
2682,2015-06-03,Arkin Net,Data Center Software platform,Undiscolsed,Pune / US,Nexus Venture Partners,Private Equity,143.955
2683,2015-06-03,Little Black Book Delhi,Online City & Lifestyle Guide,Undiscolsed,New Delhi,Rajan Anandan,Seed Funding,1.43955
2683,2015-06-03,Little Black Book Delhi,Online City & Lifestyle Guide,Undiscolsed,New Delhi,Niraj Singh,Seed Funding,1.43955
2683,2015-06-03,Little Black Book Delhi,Online City & Lifestyle Guide,Undiscolsed,New Delhi,Sachin Bhatia,Seed Funding,1.43955
2683,2015-06-03,Little Black Book Delhi,Online City & Lifestyle Guide,Undiscolsed,New Delhi,Singapore Angel Network & Aseem Vadehra,Seed Funding,1.43955
2684,2015-06-03,MyPoolin,P2P Payments platform,Undiscolsed,New Delhi,Sharad Sharma,Seed Funding,0.0
2684,2015-06-03,MyPoolin,P2P Payments platform,Undiscolsed,New Delhi,Rajan Anandan,Seed Funding,0.0
2684,2015-06-03,MyPoolin,P2P Payments platform,Undiscolsed,New Delhi,Sunil Kalra,Seed Funding,0.0
2684,2015-06-03,MyPoolin,P2P Payments platform,Undiscolsed,New Delhi,Amit Ranjan,Seed Funding,0.0
2684,2015-06-03,MyPoolin,P2P Payments platform,Undiscolsed,New Delhi,Rohan Malhotra,Seed Funding,0.0
2684,2015-06-03,MyPoolin,P2P Payments platform,Undiscolsed,New Delhi, Arjun Malhotra,Seed Funding,0.0
2684,2015-06-03,MyPoolin,P2P Payments platform,Undiscolsed,New Delhi,Gautam Gandhi,Seed Funding,0.0
2685,2015-06-03,iCustomadeit,Bespoke Merchandize Marketplace,Undiscolsed,Pune,Virendra Shahney,Seed Funding,2.39925
2685,2015-06-03,iCustomadeit,Bespoke Merchandize Marketplace,Undiscolsed,Pune,Dr Paresh Doshi,Seed Funding,2.39925
2686,2015-06-03,KAARYAH,Women Lifestyle Marketplace,Undiscolsed,Gurgaon,Ratan Tata,Seed Funding,0.0
2687,2015-06-04,Ecom Express,Logistics Solution Provider,Undiscolsed,New Delhi,Warburg Pincus,Private Equity,1314.789
2688,2015-06-04,Vidooly,Video Intelligence Platform,Undiscolsed,Noida,Bessemer Venture Partners,Private Equity,9.597
2689,2015-06-04,Zopper,Hyperlocal Shopping App,Undiscolsed,Mumbai,Tiger Global,Private Equity,191.94
2689,2015-06-04,Zopper,Hyperlocal Shopping App,Undiscolsed,Mumbai, Nirvana Ventures Advisors,Private Equity,191.94
2690,2015-06-04,Flipkart,eCommerce platform,Undiscolsed,Bangalore,Morgan Stanley,Private Equity,479.85
2691,2015-06-05,kWatt Solutions,Renewable energy solutions,Undiscolsed,Mumbai,Undiscolsed,Seed Funding,4.7985
2692,2015-06-05,Medwell Ventures,Healthcare\\nService provider,Undiscolsed,Bangalore,Fidelity Growth Partners,Private Equity,95.97
2692,2015-06-05,Medwell Ventures,Healthcare\\nService provider,Undiscolsed,Bangalore,Fidelity Biosciences,Private Equity,95.97
2693,2015-06-05,Jugnoo,Auto Rickshaw Based Services,Undiscolsed,Chandigarh,Snow Leopard,Private Equity,47.985
2693,2015-06-05,Jugnoo,Auto Rickshaw Based Services,Undiscolsed,Chandigarh,Paytm,Private Equity,47.985
2694,2015-06-08,PosterGully,Artist / Designer Marketplace,Undiscolsed,New Delhi,Natarajan Iyer,Seed Funding,0.0
2694,2015-06-08,PosterGully,Artist / Designer Marketplace,Undiscolsed,New Delhi,Rajesh Sawhney,Seed Funding,0.0
2694,2015-06-08,PosterGully,Artist / Designer Marketplace,Undiscolsed,New Delhi, & other Angel investors.,Seed Funding,0.0
2695,2015-06-08,Applied Solar Technologies,Off-grid Solar Power,Undiscolsed,Mumbai,Future Fund,Private Equity,383.88
2695,2015-06-08,Applied Solar Technologies,Off-grid Solar Power,Undiscolsed,Mumbai,Bessemer Venture,Private Equity,383.88
2695,2015-06-08,Applied Solar Technologies,Off-grid Solar Power,Undiscolsed,Mumbai,Capricorn Investment and IFC,Private Equity,383.88
2696,2015-06-09,Clovia,Private Label lingerie Ecommerce,Undiscolsed,New Delhi,IvyCap Ventures,Private Equity,47.985
2697,2015-06-09,Swiggy,Online Food Ordering,Undiscolsed,Bangalore,Norwest Venture Partners,Private Equity,158.3505
2697,2015-06-09,Swiggy,Online Food Ordering,Undiscolsed,Bangalore,SAIF Partners,Private Equity,158.3505
2697,2015-06-09,Swiggy,Online Food Ordering,Undiscolsed,Bangalore,Accel Partners,Private Equity,158.3505
2698,2015-06-09,PayMango,Mobile Commerce Platform,Undiscolsed,Gurgaon,Group of Angel Investors,Seed Funding,2.245698
2699,2015-06-09,Printland,Online Printing Services,Undiscolsed,New Delhi,SIDBI Venture Capital Ltd,Private Equity,0.0
2700,2015-06-09,Teritree,Digital Marketing Services,Undiscolsed,Bangalore,KCL,Seed Funding,1.34358
2701,2015-06-10,Guiddoo,Travel Guide Mobile App,Undiscolsed,Mumbai,Pawan Borle,Seed Funding,0.0
2701,2015-06-10,Guiddoo,Travel Guide Mobile App,Undiscolsed,Mumbai,SVP Fly Dubai & Others,Seed Funding,0.0
2702,2015-06-10,Voonik,Fashion Ecommerce store,Undiscolsed,Bangalore,Sequoia Capital,Private Equity,47.985
2702,2015-06-10,Voonik,Fashion Ecommerce store,Undiscolsed,Bangalore,Seedfund,Private Equity,47.985
2703,2015-06-11,AdStringO,Mobile Compression Software,Undiscolsed,Mumbai,Arihant Patni,Seed Funding,3.35895
2703,2015-06-11,AdStringO,Mobile Compression Software,Undiscolsed,Mumbai,Vishal Khare,Seed Funding,3.35895
2703,2015-06-11,AdStringO,Mobile Compression Software,Undiscolsed,Mumbai, Viswanath Ramachandran,Seed Funding,3.35895
2704,2015-06-11,Faircent.com,Peer to Peer Lending platform,Undiscolsed,Gurgaon,M&S Partners Pte. Ltd,Seed Funding,2.39925
2705,2015-06-12,La Renon,Global Healthcare products,Undiscolsed,Ahmedabad,Sequoia Capital,Private Equity,153.552
2706,2015-06-15,Homelane,Home Furnishing Solutions,Undiscolsed,Bangalore,Sequoia Capital,Private Equity,479.85
2707,2015-06-15,iSTAR,Skill Training & Placement Platform,Undiscolsed,Bangalore,Unitus Seed Fund,Private Equity,0.0
2708,2015-06-15,Shippr,Intra-City Logistics service,Undiscolsed,Bangalore,i2india Pvt Ltd,Seed Funding,4.7985
2709,2015-06-16,FoodAbhi,online tiffin service aggregator,Undiscolsed,Mumbai,Group of angel investors,Seed Funding,0.0
2710,2015-06-16,Karma Recycling,Electronic Goods recycling service,Undiscolsed,Delhi,Infuse Ventures,Private Equity,0.0
2710,2015-06-16,Karma Recycling,Electronic Goods recycling service,Undiscolsed,Delhi,Low Carbon Enterprise Fund,Private Equity,0.0
2711,2015-06-16,CouponRaja,Online Coupon & comparison platform,Undiscolsed,Mumbai,Mahesh Pratapneni,Seed Funding,4.7985
2711,2015-06-16,CouponRaja,Online Coupon & comparison platform,Undiscolsed,Mumbai,Pallab Chatterjee & others,Seed Funding,4.7985
2712,2015-06-17,Babychakra,Parents & Kids Online platform,Undiscolsed,Mumbai,Mumbai Angels,Seed Funding,0.0
2712,2015-06-17,Babychakra,Parents & Kids Online platform,Undiscolsed,Mumbai,Patni Family Office,Seed Funding,0.0
2712,2015-06-17,Babychakra,Parents & Kids Online platform,Undiscolsed,Mumbai,Singapore Angel Network,Seed Funding,0.0
2712,2015-06-17,Babychakra,Parents & Kids Online platform,Undiscolsed,Mumbai,Karan Maheshwari,Seed Funding,0.0
2712,2015-06-17,Babychakra,Parents & Kids Online platform,Undiscolsed,Mumbai,Jatin Aneja,Seed Funding,0.0
2712,2015-06-17,Babychakra,Parents & Kids Online platform,Undiscolsed,Mumbai,Kishor Ganji,Seed Funding,0.0
2712,2015-06-17,Babychakra,Parents & Kids Online platform,Undiscolsed,Mumbai,Roopa Nath,Seed Funding,0.0
2713,2015-06-17,Jiffstore,Online Grocery platform,Undiscolsed,Bangalore,Unitus Seed Fund,Seed Funding,0.0
2713,2015-06-17,Jiffstore,Online Grocery platform,Undiscolsed,Bangalore,Times Internet,Seed Funding,0.0
2714,2015-06-17,MyDentist,Dental Clinic chain,Undiscolsed,Mumbai,LGT Group,Private Equity,78.6954
2714,2015-06-17,MyDentist,Dental Clinic chain,Undiscolsed,Mumbai,Asian Healthcare fund,Private Equity,78.6954
2714,2015-06-17,MyDentist,Dental Clinic chain,Undiscolsed,Mumbai,Seedfund,Private Equity,78.6954
2715,2015-06-18,Moovo,On-Demand Logistics Service,Undiscolsed,New Delhi,YouWeCan Ventures,Seed Funding,0.0
2716,2015-06-18,Fracktal Works,3D Printer Manufacturer,Undiscolsed,Bangalore,Neoteric Infomatique Limited,Private Equity,28.791
2717,2015-06-18,Hansa Customer Equity,IT / Customer Engagement Consulting,Undiscolsed,Mumbai,ASK Pravi,Private Equity,47.985
2718,2015-06-18,HealthifyMe,Health & Fitness App,Undiscolsed,Bangalore,Gopal Srinivasan,Private Equity,0.0
2718,2015-06-18,HealthifyMe,Health & Fitness App,Undiscolsed,Bangalore,Sashi Reddy,Private Equity,0.0
2718,2015-06-18,HealthifyMe,Health & Fitness App,Undiscolsed,Bangalore,Amit Gupta,Private Equity,0.0
2718,2015-06-18,HealthifyMe,Health & Fitness App,Undiscolsed,Bangalore,Pallav Nadhani,Private Equity,0.0
2719,2015-06-18,CAKART.in,Online Education Marketplace,Undiscolsed,Bangalore,Sunil Maheshwari & group of investors,Seed Funding,0.0
2720,2015-06-19,Housejoy,Home services marketplace,Undiscolsed,Bangalore,Matrix Partners,Private Equity,38.388
2721,2015-06-19,FundsIndia.com,Financial Services Platform,Undiscolsed,Chennai,Faering Capital,Private Equity,105.567
2721,2015-06-19,FundsIndia.com,Financial Services Platform,Undiscolsed,Chennai,Foundation Capital,Private Equity,105.567
2721,2015-06-19,FundsIndia.com,Financial Services Platform,Undiscolsed,Chennai,Inventus Capital Partners,Private Equity,105.567
2722,2015-06-20,Cupick,Social Network for Artists,Undiscolsed,Bangalore,Group of Angel Investors from US/India,Seed Funding,1.15164
2723,2015-06-20,Tracxn,Startup funding platform,Undiscolsed,Bangalore,Sachin Bansal,Private Equity,95.97
2723,2015-06-20,Tracxn,Startup funding platform,Undiscolsed,Bangalore,Bunny Bansal & other investors,Private Equity,95.97
2724,2015-06-21,Holachef,Food Delivery Platform,Undiscolsed,Mumbai,Kalaari Capital,Private Equity,29.7507
2724,2015-06-21,Holachef,Food Delivery Platform,Undiscolsed,Mumbai,India Quotient,Private Equity,29.7507
2725,2015-06-22,elong,Data Driven recruitment recommendation,Undiscolsed,Bangalore,Kunal Bahl,Private Equity,47.985
2725,2015-06-22,elong,Data Driven recruitment recommendation,Undiscolsed,Bangalore,Rohit Bansal,Private Equity,47.985
2725,2015-06-22,elong,Data Driven recruitment recommendation,Undiscolsed,Bangalore,Blume Ventures,Private Equity,47.985
2725,2015-06-22,elong,Data Driven recruitment recommendation,Undiscolsed,Bangalore,Phanindra Sama,Private Equity,47.985
2725,2015-06-22,elong,Data Driven recruitment recommendation,Undiscolsed,Bangalore,Raju Reddy,Private Equity,47.985
2726,2015-06-22,Ixigo,Travel Search Engine,Undiscolsed,Gurgaon,Micromax Informatics,Private Equity,0.0
2727,2015-06-22,SkillAngels,Brain Games Platform,Undiscolsed,Chennai,Sprout Angels LLP,Seed Funding,0.0
2728,2015-06-22,Vidgyor,Video Advertisement Platform,Undiscolsed,Bangalore,AngelPrime,Seed Funding,4.7985
2729,2015-06-22,Banihal,Algorithmic Match Making Platform,Undiscolsed,New Delhi / California,Dr David Cheriton,Seed Funding,0.0
2730,2015-06-23,Goodservice,Mobile Chat based concierge service,Undiscolsed,New Delhi,Sequoia Capital,Private Equity,15.3552
2731,2015-06-23,Treebo,Online Budget Hotel Booking Service,Undiscolsed,Bangalore,Matrix Partners India,Private Equity,57.582
2731,2015-06-23,Treebo,Online Budget Hotel Booking Service,Undiscolsed,Bangalore,SAIF Partners,Private Equity,57.582
2732,2015-06-23,EduKart,Online education marketplace,Undiscolsed,New Delhi,Holostik Group,Private Equity,9.597
2732,2015-06-23,EduKart,Online education marketplace,Undiscolsed,New Delhi,YouWeCan Ventures,Private Equity,9.597
2732,2015-06-23,EduKart,Online education marketplace,Undiscolsed,New Delhi,500 Startups,Private Equity,9.597
2732,2015-06-23,EduKart,Online education marketplace,Undiscolsed,New Delhi,Vijay Shekhar Sharma,Private Equity,9.597
2732,2015-06-23,EduKart,Online education marketplace,Undiscolsed,New Delhi,Manish Kheterpal,Private Equity,9.597
2732,2015-06-23,EduKart,Online education marketplace,Undiscolsed,New Delhi,Amit Patni,Private Equity,9.597
2733,2015-06-23,Healthians.com,Preventive healthcare services,Undiscolsed,Hyderabad,YouWeCan Ventures,Seed Funding,0.0
2734,2015-06-24,LabInApp,Science Learning App,Undiscolsed,Bangalore,Unitus Seed Fund,Seed Funding,0.0
2735,2015-06-24,Syona Cosmetics,Beauty and Wellness platform,Undiscolsed,Chennai,Chennai Angels,Seed Funding,0.0
2736,2015-06-24,Sigrid Education,Online Education Platform,Undiscolsed,Noida,Oliphans Capital,Seed Funding,0.0
2737,2015-06-24,Indix,SaaS product intelligence platform,Undiscolsed,Undiscolsed,Nokia Growth Partners,Private Equity,143.955
2737,2015-06-24,Indix,SaaS product intelligence platform,Undiscolsed,Undiscolsed,Nexus Venture Partners,Private Equity,143.955
2737,2015-06-24,Indix,SaaS product intelligence platform,Undiscolsed,Undiscolsed,Avalon Ventures,Private Equity,143.955
2738,2015-06-24,The Porter,Logistics Tech,Undiscolsed,Mumbai,Sequoia Capital,Private Equity,52.7835
2738,2015-06-24,The Porter,Logistics Tech,Undiscolsed,Mumbai,Kae Capital,Private Equity,52.7835
2738,2015-06-24,The Porter,Logistics Tech,Undiscolsed,Mumbai,Anupam Mittal,Private Equity,52.7835
2738,2015-06-24,The Porter,Logistics Tech,Undiscolsed,Mumbai,Sandeep Tandon,Private Equity,52.7835
2739,2015-06-24,Retention.ai,App Analytics platform,Undiscolsed,Bangalore,Mercury Fund,Seed Funding,4.7985
2739,2015-06-24,Retention.ai,App Analytics platform,Undiscolsed,Bangalore,Anshu Sharma,Seed Funding,4.7985
2739,2015-06-24,Retention.ai,App Analytics platform,Undiscolsed,Bangalore,Pratyush Prasanna,Seed Funding,4.7985
2739,2015-06-24,Retention.ai,App Analytics platform,Undiscolsed,Bangalore,Robert Winters & others,Seed Funding,4.7985
2740,2015-06-25,Fusion Microfinance,Micro Finance Platform,Undiscolsed,New Delhi,Development finance institution Belgian Investment Company,Private Equity,82.5342
2740,2015-06-25,Fusion Microfinance,Micro Finance Platform,Undiscolsed,New Delhi,Oikocredit,Private Equity,82.5342
2741,2015-06-25,Zinka,Freight logistics platform,Undiscolsed,Bangalore,Accel Partners,Private Equity,57.582
2741,2015-06-25,Zinka,Freight logistics platform,Undiscolsed,Bangalore,Flipkart,Private Equity,57.582
2742,2015-06-26,CreditMantri,Credit Management Services,Undiscolsed,Chennai,IDG Ventures India,Private Equity,23.9925
2742,2015-06-26,CreditMantri,Credit Management Services,Undiscolsed,Chennai,Elevar Equity,Private Equity,23.9925
2742,2015-06-26,CreditMantri,Credit Management Services,Undiscolsed,Chennai,Accion Venture Lab,Private Equity,23.9925
2743,2015-06-26,GetMyPeon,Hyperlocal Handyman Services,Undiscolsed,Mumbai,Undisclosed investors,Seed Funding,2.39925
2744,2015-06-29,UrbanClap,Hyperlocal services marketplace,Undiscolsed,New Delhi,SAIF Partners,Private Equity,95.97
2744,2015-06-29,UrbanClap,Hyperlocal services marketplace,Undiscolsed,New Delhi, Accel Partners,Private Equity,95.97
2745,2015-06-29,StayGlad,Beauty services Mobile Marketplace,Undiscolsed,Bangalore,Tracxn Labs,Seed Funding,0.0
2745,2015-06-29,StayGlad,Beauty services Mobile Marketplace,Undiscolsed,Bangalore,Sahil Barua,Seed Funding,0.0
2746,2015-06-29,AdWyze,Marketing / Advertising Automation platform,Undiscolsed,Bangalore,Mape Advisory,Seed Funding,9.597
2747,2015-06-29,Zimmber,Hyperlocal Handyman Services,Undiscolsed,Mumbai,Naveen Tiwari,Seed Funding,3.8388
2747,2015-06-29,Zimmber,Hyperlocal Handyman Services,Undiscolsed,Mumbai,Mohit Saxena,Seed Funding,3.8388
2747,2015-06-29,Zimmber,Hyperlocal Handyman Services,Undiscolsed,Mumbai,Amit Gupta,Seed Funding,3.8388
2747,2015-06-29,Zimmber,Hyperlocal Handyman Services,Undiscolsed,Mumbai,Piyush Shah,Seed Funding,3.8388
2747,2015-06-29,Zimmber,Hyperlocal Handyman Services,Undiscolsed,Mumbai,Manish Dugar,Seed Funding,3.8388
2748,2015-06-30,Buttercups,Online Lingerie platform,Undiscolsed,Bangalore,Kanwaljit Singh,Seed Funding,0.0
2748,2015-06-30,Buttercups,Online Lingerie platform,Undiscolsed,Bangalore,Angie Mahtaney,Seed Funding,0.0
2748,2015-06-30,Buttercups,Online Lingerie platform,Undiscolsed,Bangalore,Manoj Varghese,Seed Funding,0.0
2749,2015-06-30,RailYatri,Railways Information Mobile app,Undiscolsed,Bangalore,Helion Ventures,Private Equity,0.0
2749,2015-06-30,RailYatri,Railways Information Mobile app,Undiscolsed,Bangalore,Omidiyar Network,Private Equity,0.0
2749,2015-06-30,RailYatri,Railways Information Mobile app,Undiscolsed,Bangalore,Blume Ventures and Ujama,Private Equity,0.0
2750,2015-06-30,aagaar.com,Hyperlocal grocery delivery,Undiscolsed,Gurgaon,Group of Investors,Seed Funding,0.0
2751,2015-06-30,Flatchat,Flat rental Mobile App,Undiscolsed,Bangalore,Commonfloor,Private Equity,23.9925
2752,2015-06-30,MyCFO,Wealth Management Platform,Undiscolsed,Mumbai,Sameer Koticha,Private Equity,14.3955
2753,2015-05-01,Foodpanda,Online Food Delivery,Undiscolsed,Gurgaon,Goldman Sachs,Private Equity,959.7
2753,2015-05-01,Foodpanda,Online Food Delivery,Undiscolsed,Gurgaon,Rocket Internet,Private Equity,959.7
2754,2015-05-01,Termsheet,Fund Raising Platform,Undiscolsed,Chennai,Anand Vijay,Seed Funding,0.9597
2754,2015-05-01,Termsheet,Fund Raising Platform,Undiscolsed,Chennai,Nipun Dureja,Seed Funding,0.9597
2754,2015-05-01,Termsheet,Fund Raising Platform,Undiscolsed,Chennai,Satyajit Heeralal,Seed Funding,0.9597
2754,2015-05-01,Termsheet,Fund Raising Platform,Undiscolsed,Chennai,Keith Rodricks,Seed Funding,0.9597
2754,2015-05-01,Termsheet,Fund Raising Platform,Undiscolsed,Chennai,Gaurav Lochan,Seed Funding,0.9597
2754,2015-05-01,Termsheet,Fund Raising Platform,Undiscolsed,Chennai,Azmul Haque,Seed Funding,0.9597
2754,2015-05-01,Termsheet,Fund Raising Platform,Undiscolsed,Chennai,Nikhil Bagri,Seed Funding,0.9597
2755,2015-05-04,Applicate,Workforce Management Software,Undiscolsed,Bangalore,Rishi Vasudev,Seed Funding,5.27835
2755,2015-05-04,Applicate,Workforce Management Software,Undiscolsed,Bangalore,Amit Gupta,Seed Funding,5.27835
2755,2015-05-04,Applicate,Workforce Management Software,Undiscolsed,Bangalore,Rajiv Nayan,Seed Funding,5.27835
2756,2015-05-04,World Art Community,Online Art Marketplace,Undiscolsed,Gurgaon,Viraj Tyagi & others,Seed Funding,1.9194
2757,2015-05-04,SpoonJoy,Online Food Delivery,Undiscolsed,Bangalore,SAIF Partners,Seed Funding,9.597
2758,2015-05-05,Seed Schools,Affordable Education,Undiscolsed,Hyderabad,Acumen Fund,Seed Funding,6.23805
2759,2015-05-05,Ignis Careers,Career Development,Undiscolsed,Hyderabad,Acumen Fund,Seed Funding,2.39925
2760,2015-05-05,Square Yards,Real Estate Advisory,Undiscolsed,Gurgaon,Undisclosed Investors,Private Equity,57.582
2761,2015-05-05,Fintellix,Banking Analytics Platform,Undiscolsed,Bangalore,IDG Ventures,Private Equity,143.955
2761,2015-05-05,Fintellix,Banking Analytics Platform,Undiscolsed,Bangalore,Sequoia Capital,Private Equity,143.955
2762,2015-05-05,Customer360,Customer Engagement Platform,Undiscolsed,Mumbai,Vishwas Patel,Seed Funding,0.0
2763,2015-05-06,Delhivery,Ecommerce Logistics,Undiscolsed,Gurgaon,Tiger Global Management,Private Equity,815.745
2763,2015-05-06,Delhivery,Ecommerce Logistics,Undiscolsed,Gurgaon,Multiples Alternate Asset Management,Private Equity,815.745
2763,2015-05-06,Delhivery,Ecommerce Logistics,Undiscolsed,Gurgaon,Nexus Venture Partners,Private Equity,815.745
2763,2015-05-06,Delhivery,Ecommerce Logistics,Undiscolsed,Gurgaon,Times Internet,Private Equity,815.745
2764,2015-05-06,Swiggy,Online Food Delivery,Undiscolsed,Bangalore,Norwest Venture Partners,Private Equity,143.955
2765,2015-05-07,Uniphore,Speech Recognition Solutions,Undiscolsed,Chennai,IDG Ventures,Private Equity,0.0
2765,2015-05-07,Uniphore,Speech Recognition Solutions,Undiscolsed,Chennai,Kris Gopalakrishnan,Private Equity,0.0
2766,2015-05-07,Box8,Online Food Delivery,Undiscolsed,Mumbai,Mayfield Ventures,Private Equity,33.5895
2767,2015-05-07,Toppr,Online Education Platform,Undiscolsed,Mumbai,Fidelity Growth Partners India,Private Equity,95.97
2767,2015-05-07,Toppr,Online Education Platform,Undiscolsed,Mumbai,SAIF Partners,Private Equity,95.97
2767,2015-05-07,Toppr,Online Education Platform,Undiscolsed,Mumbai, Helion Ventures,Private Equity,95.97
2768,2015-05-07,Vedantu,Online Education Platform,Undiscolsed,Bangalore,Accel Partners,Private Equity,47.985
2768,2015-05-07,Vedantu,Online Education Platform,Undiscolsed,Bangalore,Tiger Global Management,Private Equity,47.985
2769,2015-05-08,BuyHatke,Online Product Comparison,Undiscolsed,Bangalore,S.Gopalakrishnan,Seed Funding,9.597
2769,2015-05-08,BuyHatke,Online Product Comparison,Undiscolsed,Bangalore,Beenos,Seed Funding,9.597
2770,2015-05-08,KleverKid,Online Education Platform,Undiscolsed,New Delhi,Aarin Capital Partners,Seed Funding,0.0
2771,2015-05-08,Uniken,Online Security Platform,Undiscolsed,Pune,Exfinity Ventures,Private Equity,19.194
2772,2015-05-08,GrandOpinion,Online Medical Diagnostic,Undiscolsed,New Delhi,Florida based Angel investor,Seed Funding,1.43955
2773,2015-05-08,HealthifyMe,Health & Fitness App,Undiscolsed,Bangalore,Micromax Informatics,Private Equity,0.0
2774,2015-05-12,ZapStitch,Cloud Data Integration Platform,Undiscolsed,Bangalore,Helion Venture Partners,Private Equity,19.194
2774,2015-05-12,ZapStitch,Cloud Data Integration Platform,Undiscolsed,Bangalore,Orios Venture Partners,Private Equity,19.194
2775,2015-05-12,Wassup,Mobile Laundry Cleaning Service,Undiscolsed,Chennai,Arun Chandra Mohan,Private Equity,19.194
2775,2015-05-12,Wassup,Mobile Laundry Cleaning Service,Undiscolsed,Chennai,Praveen Sinha,Private Equity,19.194
2776,2015-05-12,Mobiefit,Mobile Fitness App,Undiscolsed,Goa,Prototyze,Seed Funding,0.0
2777,2015-05-12,Plancess,Online Education Platform,Undiscolsed,Mumbai,Rajendra Gogri,Seed Funding,19.194
2777,2015-05-12,Plancess,Online Education Platform,Undiscolsed,Mumbai, Chandrakant Gogri,Seed Funding,19.194
2778,2015-05-12,WorkHorse,Service-On-Demand Mobile App,Undiscolsed,Mumbai,Undisclosed Investors,Seed Funding,0.0
2779,2015-05-13,Innovaccer,Intelligent Data Analytics,Undiscolsed,Noida,Rajan Anandan,Seed Funding,0.0
2779,2015-05-13,Innovaccer,Intelligent Data Analytics,Undiscolsed,Noida,Teru Sato,Seed Funding,0.0
2779,2015-05-13,Innovaccer,Intelligent Data Analytics,Undiscolsed,Noida,Aneesh Reddy,Seed Funding,0.0
2779,2015-05-13,Innovaccer,Intelligent Data Analytics,Undiscolsed,Noida,Venkatesh Valluri,Seed Funding,0.0
2780,2015-05-13,MyCuteOffice,Online Office Rental,Undiscolsed,Mumbai,Lead Angels,Seed Funding,0.0
2781,2015-05-14,IndianRoots.com,Lifestyle Ecommerce Portal,Undiscolsed,Gurgaon,KJS Group,Private Equity,47.985
2782,2015-05-14,RedPolka,Online Fashion Aggregator,Undiscolsed,Mumbai,Undisclosed Investors,Seed Funding,2.39925
2783,2015-05-15,Venturesity,Online Job skills Showcase,Undiscolsed,Bangalore,Phanindra Sama,Seed Funding,2.59119
2783,2015-05-15,Venturesity,Online Job skills Showcase,Undiscolsed,Bangalore,Jay Sethuram,Seed Funding,2.59119
2783,2015-05-15,Venturesity,Online Job skills Showcase,Undiscolsed,Bangalore,Hemant Kanakia,Seed Funding,2.59119
2783,2015-05-15,Venturesity,Online Job skills Showcase,Undiscolsed,Bangalore,Ravi Trivedi,Seed Funding,2.59119
2784,2015-05-18,TheBetterIndia.com,Online News Media,Undiscolsed,Bangalore,Mohandas Pai,Seed Funding,0.0
2785,2015-05-18,Awaaz De,Enterprise Communication Platform,Undiscolsed,Ahmedabad,Samir Shah,Seed Funding,0.0
2786,2015-05-19,Chaayos,Offline Tea Chain,Undiscolsed,New Delhi,Tiger Global Management,Private Equity,9.597
2787,2015-05-19,Akosha,Business Messaging App,Undiscolsed,New Delhi,Sequoia Capital,Private Equity,153.552
2788,2015-05-19,Cooey,Health Mobile App,Undiscolsed,Bangalore,Subhash Goyal,Seed Funding,4.51059
2789,2015-05-19,MeetUniv,Online Ed-Tech Platform,Undiscolsed,Noida,Peesh Venture Capital,Seed Funding,9.597
2790,2015-05-19,Inspirock,Online Travel Planning,Undiscolsed,Undiscolsed,MakeMyTrip Innovation Fund,Private Equity,0.0
2791,2015-05-19,Crown-it,Hyperlocal Mobile Marketplace,Undiscolsed,Gurgaon,Accel Partners,Private Equity,52.7835
2791,2015-05-19,Crown-it,Hyperlocal Mobile Marketplace,Undiscolsed,Gurgaon,Helion Venture Partners,Private Equity,52.7835
2792,2015-05-19,Trucksfirst,Trucking Logistic Operations,Undiscolsed,Gurgaon,SAIF partners,Private Equity,95.97
2793,2015-05-20,Lookup,B2C Messaging App,Undiscolsed,Bangalore,Biz Stone,Private Equity,28.791
2794,2015-05-21,SunTerrace,Rooftop Solar Plants,Undiscolsed,New Delhi,Sunergy Investors,Private Equity,0.0
2795,2015-05-22,Nudgespot,Customer Engagement Platform,Undiscolsed,Bangalore,Kae Capital,Seed Funding,5.998125
2795,2015-05-22,Nudgespot,Customer Engagement Platform,Undiscolsed,Bangalore,Anoop Goyal,Seed Funding,5.998125
2795,2015-05-22,Nudgespot,Customer Engagement Platform,Undiscolsed,Bangalore,Mike Shah,Seed Funding,5.998125
2795,2015-05-22,Nudgespot,Customer Engagement Platform,Undiscolsed,Bangalore,VA Sastry,Seed Funding,5.998125
2796,2015-05-22,CarDekho,Online Car Portal,Undiscolsed,Jaipur,HDFC Bank,Private Equity,0.0
2797,2015-05-22,EveningFlavors,Online Table Reservation,Undiscolsed,Bangalore,Sandiep Shrivatsava,Seed Funding,4.7985
2798,2015-05-25,Razorpay,Online Payment Gateway,Undiscolsed,Bangalore,Punit Soni,Seed Funding,0.0
2799,2015-05-25,ZenParent,Parents focused Web Content,Undiscolsed,Bangalore,i2india Ventures,Seed Funding,4.7985
2800,2015-05-25,Newgen Payments,Payments Solution Provider,Undiscolsed,New Delhi,Jan Manten,Seed Funding,0.0
2801,2015-05-26,UrbanPro,On-demand Service marketplace,Undiscolsed,Bangalore,Nirvana Venture Advisors,Private Equity,19.194
2802,2015-05-26,Goodbox,On-Demand Business messaging,Undiscolsed,Bangalore,Manipal Group,Seed Funding,1.9194
2803,2015-05-26,Renderlogy,Online Home D\\xc3\\xa9cor,Undiscolsed,Hyderabad,Astarc Ventures,Private Equity,9.597
2804,2015-05-27,Postman,API Workflow platform,Undiscolsed,Bangalore,Nexus Venture Partners,Seed Funding,9.597
2805,2015-05-27,Casa2inns,Affordable Hotel Booking Online,Undiscolsed,New Delhi,Accel Partners,Private Equity,47.985
2805,2015-05-27,Casa2inns,Affordable Hotel Booking Online,Undiscolsed,New Delhi,Kalaari Capital,Private Equity,47.985
2806,2015-05-27,FleetRover,Logistics Intelligence,Undiscolsed,Goa,Tim Chen,Seed Funding,1.72746
2806,2015-05-27,FleetRover,Logistics Intelligence,Undiscolsed,Goa,Sanjay Venkat,Seed Funding,1.72746
2807,2015-05-28,TheKarrier,Last Mile Logistics,Undiscolsed,Bangalore,Sol Primero,Seed Funding,2.30328
2807,2015-05-28,TheKarrier,Last Mile Logistics,Undiscolsed,Bangalore,Outbox Ventures,Seed Funding,2.30328
2807,2015-05-28,TheKarrier,Last Mile Logistics,Undiscolsed,Bangalore,Nikunj Jain,Seed Funding,2.30328
2808,2015-05-28,Zoomcar,Self-driven Car rental,Undiscolsed,Bangalore,Sequoia Capital,Private Equity,47.985
2809,2015-05-28,Truweight,Weight Management Service,Undiscolsed,Hyderabad,Kalaari Capital,Private Equity,0.0
2810,2015-05-30,Ather Energy,Electric Scooter Manufacturer,Undiscolsed,Bangalore,Tiger Global,Private Equity,115.164
2811,2015-04-03,Swiggy,Online Food Delivery,Undiscolsed,Bangalore,Accel Partners,Private Equity,19.194
2811,2015-04-03,Swiggy,Online Food Delivery,Undiscolsed,Bangalore,SAIF Partners,Private Equity,19.194
2812,2015-04-04,Bluegape,Web Content Publishing,Undiscolsed,Gurgaon,Rudy Gopalakrishnan,Seed Funding,1.9194
2812,2015-04-04,Bluegape,Web Content Publishing,Undiscolsed,Gurgaon,ah! Ventures,Seed Funding,1.9194
2813,2015-04-04,KeepTrax,Location Based App,Undiscolsed,Dallas / Hyderabad,Undiscolsed,Seed Funding,9.597
2814,2015-04-06,InstaLively,Video Streaming,Undiscolsed,New Delhi,Rajesh Sawheny,Seed Funding,1.15164
2814,2015-04-06,InstaLively,Video Streaming,Undiscolsed,New Delhi,Rajan Anandan,Seed Funding,1.15164
2814,2015-04-06,InstaLively,Video Streaming,Undiscolsed,New Delhi,Amit Ranjan,Seed Funding,1.15164
2814,2015-04-06,InstaLively,Video Streaming,Undiscolsed,New Delhi,Niraj Singh,Seed Funding,1.15164
2814,2015-04-06,InstaLively,Video Streaming,Undiscolsed,New Delhi,AECAL,Seed Funding,1.15164
2814,2015-04-06,InstaLively,Video Streaming,Undiscolsed,New Delhi,MeraEvents.,Seed Funding,1.15164
2815,2015-04-07,Pricejugaad,Price Comparison,Undiscolsed,Hyderabad,Amit Tyagi,Seed Funding,1.583505
2815,2015-04-07,Pricejugaad,Price Comparison,Undiscolsed,Hyderabad,Sandeep Acharya & others,Seed Funding,1.583505
2816,2015-04-07,Quikr,Online Classifieds,Undiscolsed,Mumbai,Tiger Global,Private Equity,1439.55
2816,2015-04-07,Quikr,Online Classifieds,Undiscolsed,Mumbai,Investment AB Kinnevik,Private Equity,1439.55
2816,2015-04-07,Quikr,Online Classifieds,Undiscolsed,Mumbai,Steadview Capital,Private Equity,1439.55
2817,2015-04-07,PressPlay,Travel Entertainment,Undiscolsed,New Delhi,Sequoia Capital,Seed Funding,21.1134
2817,2015-04-07,PressPlay,Travel Entertainment,Undiscolsed,New Delhi,Jason Hirschhorn,Seed Funding,21.1134
2817,2015-04-07,PressPlay,Travel Entertainment,Undiscolsed,New Delhi,Jarett Posner,Seed Funding,21.1134
2817,2015-04-07,PressPlay,Travel Entertainment,Undiscolsed,New Delhi,and Amit Bhatiani,Seed Funding,21.1134
2818,2015-04-07,LogiNext,Logistics Tech,Undiscolsed,Mumbai,Ajit Surana,Seed Funding,0.0
2818,2015-04-07,LogiNext,Logistics Tech,Undiscolsed,Mumbai,Sanjay Mehta,Seed Funding,0.0
2819,2015-04-08,FirstCry.com,eCommerce,Undiscolsed,Pune,Silicon Valley Ventures,Private Equity,95.97
2819,2015-04-08,FirstCry.com,eCommerce,Undiscolsed,Pune,NEA Ventures,Private Equity,95.97
2819,2015-04-08,FirstCry.com,eCommerce,Undiscolsed,Pune,Valiant Capital,Private Equity,95.97
2819,2015-04-08,FirstCry.com,eCommerce,Undiscolsed,Pune,IDG Ventures India,Private Equity,95.97
2819,2015-04-08,FirstCry.com,eCommerce,Undiscolsed,Pune, SAIF Partners,Private Equity,95.97
2819,2015-04-08,FirstCry.com,eCommerce,Undiscolsed,Pune,Vertex Ventures,Private Equity,95.97
2820,2015-04-08,MobiKwik,Digital / Mobile Wallet,Undiscolsed,Gurgaon,Tree Line Asia,Private Equity,239.925
2820,2015-04-08,MobiKwik,Digital / Mobile Wallet,Undiscolsed,Gurgaon,Cisco Investments,Private Equity,239.925
2820,2015-04-08,MobiKwik,Digital / Mobile Wallet,Undiscolsed,Gurgaon,American Express,Private Equity,239.925
2820,2015-04-08,MobiKwik,Digital / Mobile Wallet,Undiscolsed,Gurgaon,Sequoia Capital,Private Equity,239.925
2821,2015-04-08,Olacabs,Cab Aggregator,Undiscolsed,Bangalore,DST Global,Private Equity,3838.8
2821,2015-04-08,Olacabs,Cab Aggregator,Undiscolsed,Bangalore,Steadview Capital,Private Equity,3838.8
2821,2015-04-08,Olacabs,Cab Aggregator,Undiscolsed,Bangalore,Tiger Global,Private Equity,3838.8
2821,2015-04-08,Olacabs,Cab Aggregator,Undiscolsed,Bangalore,Accel Partners & Others,Private Equity,3838.8
2822,2015-04-09,Gadgetwood,Device Repair Svcs,Undiscolsed,New Delhi,Ajai Chowdhry,Seed Funding,1.9194
2822,2015-04-09,Gadgetwood,Device Repair Svcs,Undiscolsed,New Delhi,Ashvin Chadha,Seed Funding,1.9194
2822,2015-04-09,Gadgetwood,Device Repair Svcs,Undiscolsed,New Delhi,Yogesh Bansal,Seed Funding,1.9194
2822,2015-04-09,Gadgetwood,Device Repair Svcs,Undiscolsed,New Delhi,Nitin Singhal & Others,Seed Funding,1.9194
2823,2015-04-09,Bonhomia,Premium Beverages,Undiscolsed,New Delhi,Kanwaljit Singh,Seed Funding,19.194
2823,2015-04-09,Bonhomia,Premium Beverages,Undiscolsed,New Delhi,Shripad Nadkarni,Seed Funding,19.194
2823,2015-04-09,Bonhomia,Premium Beverages,Undiscolsed,New Delhi,Sarvesh Shahra & Others,Seed Funding,19.194
2824,2015-04-09,Changer Mints,Digital / Mobile Wallet,Undiscolsed,Kolkata,Hyderabad based investor,Seed Funding,1.583505
2825,2015-04-09,Urban Ladder,Online Furnishing\\neCommerce,Undiscolsed,Bangalore,Sequoia Capital,Private Equity,479.85
2825,2015-04-09,Urban Ladder,Online Furnishing\\neCommerce,Undiscolsed,Bangalore,TR Capital,Private Equity,479.85
2825,2015-04-09,Urban Ladder,Online Furnishing\\neCommerce,Undiscolsed,Bangalore,Steadview Capital,Private Equity,479.85
2825,2015-04-09,Urban Ladder,Online Furnishing\\neCommerce,Undiscolsed,Bangalore,SAIF Partners,Private Equity,479.85
2825,2015-04-09,Urban Ladder,Online Furnishing\\neCommerce,Undiscolsed,Bangalore,Kalaari Capital,Private Equity,479.85
2826,2015-04-09,Purple Squirrel,Ed-Tech,Undiscolsed,Mumbai,Matrix Partners India,Private Equity,0.0
2826,2015-04-09,Purple Squirrel,Ed-Tech,Undiscolsed,Mumbai,India Quotient,Private Equity,0.0
2827,2015-04-10,Whatfix,Interactive How-To Guides,Undiscolsed,Bangalore,Helion Venture Partner,Seed Funding,8.6373
2827,2015-04-10,Whatfix,Interactive How-To Guides,Undiscolsed,Bangalore,Powerhouse Ventures,Seed Funding,8.6373
2827,2015-04-10,Whatfix,Interactive How-To Guides,Undiscolsed,Bangalore,GSF and Other angel investors,Seed Funding,8.6373
2828,2015-04-10,iMMi Life,Mobile Health Tech,Undiscolsed,Chennai,Unitus Seed Fund,Seed Funding,0.0
2829,2015-04-11,Zomato,Restaurant Reviews,Undiscolsed,Gurgaon,Info Edge (India),Private Equity,239.925
2830,2015-04-13,ZopNow,Online Grocer,Undiscolsed,Bangalore,Dragoneer Investment,Private Equity,95.97
2830,2015-04-13,ZopNow,Online Grocer,Undiscolsed,Bangalore,Accel Partners,Private Equity,95.97
2830,2015-04-13,ZopNow,Online Grocer,Undiscolsed,Bangalore,Qualcomm Ventures,Private Equity,95.97
2830,2015-04-13,ZopNow,Online Grocer,Undiscolsed,Bangalore,Times Internet,Private Equity,95.97
2831,2015-04-13,Nayi Disha,Ed-Tech,Undiscolsed,New Delhi,Ajay Relan,Seed Funding,2.8791
2831,2015-04-13,Nayi Disha,Ed-Tech,Undiscolsed,New Delhi,,Seed Funding,2.8791
2832,2015-04-13,The Porter,Logistics Tech,Undiscolsed,Mumbai,Kae Capital,Seed Funding,4.7985
2833,2015-04-13,Commeasure,Online Hotel Booking,Undiscolsed,Noida,Jungle Ventures,Seed Funding,9.597
2834,2015-04-13,Capricoast,Online Kitchen Furniture,Undiscolsed,Bangalore,Accel Partners India,Seed Funding,11.99625
2835,2015-04-14,LocalOye,Hyper-local Online Services,Undiscolsed,Mumbai,Tiger Global Management,Private Equity,47.985
2835,2015-04-14,LocalOye,Hyper-local Online Services,Undiscolsed,Mumbai,Lightspeed Venture Partners,Private Equity,47.985
2836,2015-04-15,Grofers,Hyper-Local Online/Mobile Grocery,Undiscolsed,Gurgaon,Tiger Global,Private Equity,335.895
2836,2015-04-15,Grofers,Hyper-Local Online/Mobile Grocery,Undiscolsed,Gurgaon,Sequoia Capital,Private Equity,335.895
2837,2015-04-15,PepperTap,Hyper-Local Online/Mobile Grocery,Undiscolsed,Gurgaon,SAIF Partners,Private Equity,95.97
2837,2015-04-15,PepperTap,Hyper-Local Online/Mobile Grocery,Undiscolsed,Gurgaon,Sequoia Capital,Private Equity,95.97
2838,2015-04-15,PolicyBazaar,Online Policy Aggregator,Undiscolsed,Gurgaon,PremjiInvest,Private Equity,383.88
2838,2015-04-15,PolicyBazaar,Online Policy Aggregator,Undiscolsed,Gurgaon,Tiger Global,Private Equity,383.88
2838,2015-04-15,PolicyBazaar,Online Policy Aggregator,Undiscolsed,Gurgaon,Ribbit Capital,Private Equity,383.88
2839,2015-04-16,UrbanClap,Hyperlocal Mobile Services Marketplace,Undiscolsed,New Delhi,SAIF Partners,Seed Funding,15.3552
2839,2015-04-16,UrbanClap,Hyperlocal Mobile Services Marketplace,Undiscolsed,New Delhi,Accel Partners,Seed Funding,15.3552
2839,2015-04-16,UrbanClap,Hyperlocal Mobile Services Marketplace,Undiscolsed,New Delhi,Kunal Bahl,Seed Funding,15.3552
2839,2015-04-16,UrbanClap,Hyperlocal Mobile Services Marketplace,Undiscolsed,New Delhi,Rohit Bansal,Seed Funding,15.3552
2840,2015-04-16,Taskbob,OnDemand\\nMobile Handyman Services,Undiscolsed,Mumbai,Orios Venture Partners,Seed Funding,11.5164
2840,2015-04-16,Taskbob,OnDemand\\nMobile Handyman Services,Undiscolsed,Mumbai,Mayfield India,Seed Funding,11.5164
2841,2015-04-17,Robosoft,Mobile App Development,Undiscolsed,Udupi,Ascent Capital,Private Equity,115.164
2841,2015-04-17,Robosoft,Mobile App Development,Undiscolsed,Udupi,Kalaari Capital,Private Equity,115.164
2842,2015-04-18,Doormint,On-Demand Handyman Services,Undiscolsed,Mumbai,Powai Lake Ventures,Seed Funding,0.0
2843,2015-04-20,Vyomo,Beauty & Wellness Mobile App,Undiscolsed,Gurgaon,YouWeCan Ventures,Seed Funding,0.0
2844,2015-04-20,Pastiwala,Material Collection & Recycling,Undiscolsed,Vadodara,Agnus Capital,Private Equity,38.388
2845,2015-04-20,1mg (Healthkartplus),Online Pharmacy & Drug DB,Undiscolsed,Gurgaon,Deep Kalra,Private Equity,57.582
2845,2015-04-20,1mg (Healthkartplus),Online Pharmacy & Drug DB,Undiscolsed,Gurgaon,Sequoia Capital,Private Equity,57.582
2845,2015-04-20,1mg (Healthkartplus),Online Pharmacy & Drug DB,Undiscolsed,Gurgaon,Omidyar Network,Private Equity,57.582
2845,2015-04-20,1mg (Healthkartplus),Online Pharmacy & Drug DB,Undiscolsed,Gurgaon,Intel Capital & Kae Capital,Private Equity,57.582
2846,2015-04-20,Freshdesk,Online / Mobile Customer Support,Undiscolsed,Chennai,Tiger Global,Private Equity,479.85
2846,2015-04-20,Freshdesk,Online / Mobile Customer Support,Undiscolsed,Chennai,Google Capital & Accel Partners,Private Equity,479.85
2847,2015-04-20,Sulekha.com,Online Classifieds & Listings,Undiscolsed,Chennai,GIC ventures,Private Equity,268.716
2848,2015-04-22,FindYahan,Hyperlocal services marketplace,Undiscolsed,New Delhi,The Phoenix Fund,Private Equity,0.0
2849,2015-04-22,Eat.Shop.Love,Fashion ECommerce,Undiscolsed,Bangalore,Undisclosed Investor,Private Equity,33.5895
2850,2015-04-22,Avanti Learning,Private Coaching Centers,Undiscolsed,New Delhi,Michael & Susan Dell Foundation,Private Equity,14.3955
2850,2015-04-22,Avanti Learning,Private Coaching Centers,Undiscolsed,New Delhi,Pearson Learning Fund,Private Equity,14.3955
2851,2015-04-23,Simplilearn,Online Certification Courses,Undiscolsed,Bangalore,Mayfield Ventures,Private Equity,143.955
2851,2015-04-23,Simplilearn,Online Certification Courses,Undiscolsed,Bangalore,Kalaari Capital,Private Equity,143.955
2851,2015-04-23,Simplilearn,Online Certification Courses,Undiscolsed,Bangalore,Helion Ventures,Private Equity,143.955
2852,2015-04-23,Craftstvilla,Ethnic Product eCommerce,Undiscolsed,Mumbai,Sequoia Capital,Private Equity,172.746
2852,2015-04-23,Craftstvilla,Ethnic Product eCommerce,Undiscolsed,Mumbai,Nexus venture Partners,Private Equity,172.746
2852,2015-04-23,Craftstvilla,Ethnic Product eCommerce,Undiscolsed,Mumbai,Lightspeed Ventures,Private Equity,172.746
2852,2015-04-23,Craftstvilla,Ethnic Product eCommerce,Undiscolsed,Mumbai,GFC,Private Equity,172.746
2853,2015-04-23,HeadOut,Last Minute Travel Deals mobile marketplace,Undiscolsed,Bangalore / SFO,Version One Ventures,Seed Funding,17.2746
2853,2015-04-23,HeadOut,Last Minute Travel Deals mobile marketplace,Undiscolsed,Bangalore / SFO,500 Startups,Seed Funding,17.2746
2853,2015-04-23,HeadOut,Last Minute Travel Deals mobile marketplace,Undiscolsed,Bangalore / SFO,Nexus Venture Partners and Arena Ventures,Seed Funding,17.2746
2854,2015-04-23,happay,usiness expense management,Undiscolsed,Bangalore,AngelPrime,Seed Funding,4.7985
2855,2015-04-23,Jugnoo,Auto Rickshaw based Logistics,Undiscolsed,Chandigarh,Rakesh Mathur,Seed Funding,9.597
2855,2015-04-23,Jugnoo,Auto Rickshaw based Logistics,Undiscolsed,Chandigarh,Vikas Taneja & others,Seed Funding,9.597
2856,2015-04-23,EazyDiner,Restaurant reservation app,Undiscolsed,New Delhi,Deepak Shahdadpuri,Seed Funding,0.0
2856,2015-04-23,EazyDiner,Restaurant reservation app,Undiscolsed,New Delhi,Gulpreet Kohli,Seed Funding,0.0
2857,2015-04-23,Phone Warrior,Spam Call block App,Undiscolsed,New Delhi,Lightspeed Ventures,Seed Funding,0.0
2858,2015-04-24,Coverfox,Online Insurance Aggregator,Undiscolsed,Mumbai,Accel US,Private Equity,115.164
2858,2015-04-24,Coverfox,Online Insurance Aggregator,Undiscolsed,Mumbai,Accel India,Private Equity,115.164
2858,2015-04-24,Coverfox,Online Insurance Aggregator,Undiscolsed,Mumbai,SAIF Partners.,Private Equity,115.164
2859,2015-04-27,Torqus,Restaurant Management Platform,Undiscolsed,Pune,S S Mukherji & Others,Seed Funding,3.35895
2860,2015-04-27,Grab,Food Logistics & Delivery,Undiscolsed,Mumbai,Oliphans Capital,Seed Funding,9.597
2860,2015-04-27,Grab,Food Logistics & Delivery,Undiscolsed,Mumbai,Haresh Chawla,Seed Funding,9.597
2861,2015-04-27,LogicRoots,Interactive Educational Games,Undiscolsed,Jaipur,Ah! Ventures,Seed Funding,3.8388
2861,2015-04-27,LogicRoots,Interactive Educational Games,Undiscolsed,Jaipur,Calcutta Angels,Seed Funding,3.8388
2861,2015-04-27,LogicRoots,Interactive Educational Games,Undiscolsed,Jaipur, 91SpringBoard,Seed Funding,3.8388
2862,2015-04-27,GIBBS,Clean Tech,Undiscolsed,New Delhi,Infuse Ventures fund,Private Equity,0.0
2863,2015-04-28,Babajobs,Grey collar Job Board,Undiscolsed,Bangalore,SEEK Ltd & affiliates,Private Equity,95.97
2864,2015-04-28,Urban Ladder,Online Furniture ecommerce,Undiscolsed,Bangalore,Anand Rajaraman,Private Equity,0.0
2864,2015-04-28,Urban Ladder,Online Furniture ecommerce,Undiscolsed,Bangalore,Venky Harinarayan,Private Equity,0.0
2865,2015-04-28,Jay Robotix,Robotic Program learning,Undiscolsed,Hyderabad,Cross Border Angels & others,Seed Funding,2.39925
2866,2015-04-28,Naaptol.com,Tele-Shopping / eCommerce,Undiscolsed,Mumbai,Mitsui & Co & existing investors,Private Equity,206.3355
2867,2015-04-29,ReGlobe,Used Gadgets Buy / Refurbishing,Undiscolsed,Gurgaon,Bessemer Ventures,Seed Funding,9.597
2867,2015-04-29,ReGlobe,Used Gadgets Buy / Refurbishing,Undiscolsed,Gurgaon,Blume Ventures,Seed Funding,9.597
2868,2015-04-29,Icertis,Cloud Enterprise Software,Undiscolsed,Pune / US,Greycroft Partners,Private Equity,57.582
2868,2015-04-29,Icertis,Cloud Enterprise Software,Undiscolsed,Pune / US,Fidelity Growth Partners,Private Equity,57.582
2869,2015-04-29,Tracxn,Startup Analytics platform,Undiscolsed,Bangalore,SAIF Partners,Private Equity,33.5895
2870,2015-04-29,Dazo,Mobile Food Ordering app,Undiscolsed,Bangalore,Sumit Jain,Seed Funding,0.0
2870,2015-04-29,Dazo,Mobile Food Ordering app,Undiscolsed,Bangalore,Aprameya Radhakrishna,Seed Funding,0.0
2870,2015-04-29,Dazo,Mobile Food Ordering app,Undiscolsed,Bangalore,Alok Goel,Seed Funding,0.0
2870,2015-04-29,Dazo,Mobile Food Ordering app,Undiscolsed,Bangalore,Rajan Anandan,Seed Funding,0.0
2870,2015-04-29,Dazo,Mobile Food Ordering app,Undiscolsed,Bangalore,Amit Agrawal,Seed Funding,0.0
2870,2015-04-29,Dazo,Mobile Food Ordering app,Undiscolsed,Bangalore,Vinay Goel,Seed Funding,0.0
2870,2015-04-29,Dazo,Mobile Food Ordering app,Undiscolsed,Bangalore,Gaurav Munjal,Seed Funding,0.0
2870,2015-04-29,Dazo,Mobile Food Ordering app,Undiscolsed,Bangalore,Ashish Dev Kapur,Seed Funding,0.0
2871,2015-04-29,Tradelab,Financial Markets Software,Undiscolsed,Bangalore,Rainmatter,Seed Funding,3.8388
2872,2015-04-29,PiQube,Hiring Analytics platform,Undiscolsed,Chennai,The HR Fund,Seed Funding,4.7985
2873,2015-04-29,Travel Triangle,Online Travel Marketplace,Undiscolsed,Noida,Bessemer Venture Partners,Private Equity,76.776
2873,2015-04-29,Travel Triangle,Online Travel Marketplace,Undiscolsed,Noida,SAIF Partners,Private Equity,76.776
2874,2015-03-02,TrulyMadly.com,Undiscolsed,Undiscolsed,Undiscolsed,Helion Venture Partners,Private Equity,52.7835
2874,2015-03-02,TrulyMadly.com,Undiscolsed,Undiscolsed,Undiscolsed,Kae Capital,Private Equity,52.7835
2875,2015-03-02,InstaLively,Undiscolsed,Undiscolsed,Undiscolsed,Group of Angel Investors,Seed Funding,1.15164
2876,2015-03-03,Vserv,Undiscolsed,Undiscolsed,Undiscolsed,Maverick Capital,Private Equity,143.955
2876,2015-03-03,Vserv,Undiscolsed,Undiscolsed,Undiscolsed,IDG Ventures India,Private Equity,143.955
2877,2015-03-03,Intruo.com,Undiscolsed,Undiscolsed,Undiscolsed,Ashutosh Lawania,Seed Funding,0.0
2877,2015-03-03,Intruo.com,Undiscolsed,Undiscolsed,Undiscolsed,Alok Goel & others,Seed Funding,0.0
2878,2015-03-05,Niffler,Undiscolsed,Undiscolsed,Undiscolsed,SAIF Partners,Seed Funding,9.597
2879,2015-03-05,CustomFurnish.com,Undiscolsed,Undiscolsed,Undiscolsed,Madhukar Gangadi,Private Equity,23.9925
2879,2015-03-05,CustomFurnish.com,Undiscolsed,Undiscolsed,Undiscolsed,Satish Reddy,Private Equity,23.9925
2879,2015-03-05,CustomFurnish.com,Undiscolsed,Undiscolsed,Undiscolsed,Srini Raju,Private Equity,23.9925
2879,2015-03-05,CustomFurnish.com,Undiscolsed,Undiscolsed,Undiscolsed,Srini Koppolu & SIDBI,Private Equity,23.9925
2880,2015-03-06,MapMyGenome,Undiscolsed,Undiscolsed,Undiscolsed,Rajan Anandan & other angel investors,Private Equity,11.5164
2881,2015-03-09,Crowdfire (formerly Justunfollow),Undiscolsed,Undiscolsed,Undiscolsed,Kalaari Capital,Private Equity,23.9925
2882,2015-03-09,Bite Club,Undiscolsed,Undiscolsed,Undiscolsed,Powai Lake Ventures,Seed Funding,4.7985
2882,2015-03-09,Bite Club,Undiscolsed,Undiscolsed,Undiscolsed,Aneesh Reddy,Seed Funding,4.7985
2882,2015-03-09,Bite Club,Undiscolsed,Undiscolsed,Undiscolsed,Ashish Kashyap,Seed Funding,4.7985
2882,2015-03-09,Bite Club,Undiscolsed,Undiscolsed,Undiscolsed,Alok Mittal,Seed Funding,4.7985
2883,2015-03-10,Localbanya,Undiscolsed,Undiscolsed,Undiscolsed,Shrem Strategies,Private Equity,0.0
2884,2015-03-11,Appedo,Undiscolsed,Undiscolsed,Undiscolsed,Undisclosed Investors,Seed Funding,9.597
2885,2015-03-11,Fitraq.com,Undiscolsed,Undiscolsed,Undiscolsed,Tarun Arora,Seed Funding,1.43955
2886,2015-03-11,ChargeBee,Undiscolsed,Undiscolsed,Undiscolsed,Tiger Global,Private Equity,47.985
2886,2015-03-11,ChargeBee,Undiscolsed,Undiscolsed,Undiscolsed,Accel Partners,Private Equity,47.985
2887,2015-03-11,Groupon India,Undiscolsed,Undiscolsed,Undiscolsed,Sequoia Capital,Private Equity,191.94
2888,2015-03-12,Process 9,Undiscolsed,Undiscolsed,Undiscolsed,IAN Ventures,Seed Funding,0.0
2888,2015-03-12,Process 9,Undiscolsed,Undiscolsed,Undiscolsed,Alok Sharma,Seed Funding,0.0
2888,2015-03-12,Process 9,Undiscolsed,Undiscolsed,Undiscolsed,Kris Gopalakrishnan,Seed Funding,0.0
2888,2015-03-12,Process 9,Undiscolsed,Undiscolsed,Undiscolsed,Saurabh Srivastava,Seed Funding,0.0
2888,2015-03-12,Process 9,Undiscolsed,Undiscolsed,Undiscolsed,Ajai Chowdhry,Seed Funding,0.0
2889,2015-03-12,MoonFrog Labs,Undiscolsed,Undiscolsed,Undiscolsed,Tiger Global,Private Equity,143.955
2889,2015-03-12,MoonFrog Labs,Undiscolsed,Undiscolsed,Undiscolsed,Sequoia Capital.,Private Equity,143.955
2890,2015-03-13,Foodpanda,Undiscolsed,Undiscolsed,Undiscolsed,Rocket Internet AG & others,Private Equity,1055.67
2891,2015-03-13,Paytm,Undiscolsed,Undiscolsed,Undiscolsed,Ratan Tata,Private Equity,0.0
2892,2015-03-13,DiabetOmics,Undiscolsed,Undiscolsed,Undiscolsed,VentureEast,Private Equity,47.985
2892,2015-03-13,DiabetOmics,Undiscolsed,Undiscolsed,Undiscolsed, Varaprasad Reddy,Private Equity,47.985
2893,2015-03-13,Qyk,Undiscolsed,Undiscolsed,Undiscolsed,Powai Lake Ventures,Seed Funding,0.0
2893,2015-03-13,Qyk,Undiscolsed,Undiscolsed,Undiscolsed,Zishan Hayath,Seed Funding,0.0
2893,2015-03-13,Qyk,Undiscolsed,Undiscolsed,Undiscolsed,Abhishek Goyal,Seed Funding,0.0
2893,2015-03-13,Qyk,Undiscolsed,Undiscolsed,Undiscolsed,Sahil Barua,Seed Funding,0.0
2894,2015-03-14,Daily Rounds,Undiscolsed,Undiscolsed,Undiscolsed,Kae Capital,Seed Funding,4.7985
2894,2015-03-14,Daily Rounds,Undiscolsed,Undiscolsed,Undiscolsed,GSF,Seed Funding,4.7985
2894,2015-03-14,Daily Rounds,Undiscolsed,Undiscolsed,Undiscolsed,Teruhide Sato,Seed Funding,4.7985
2895,2015-03-14,Orobind,Undiscolsed,Undiscolsed,Undiscolsed,Zishaan Hayath,Seed Funding,1.9194
2895,2015-03-14,Orobind,Undiscolsed,Undiscolsed,Undiscolsed,Lalit Mangal,Seed Funding,1.9194
2895,2015-03-14,Orobind,Undiscolsed,Undiscolsed,Undiscolsed,Harpreet Singh Grover,Seed Funding,1.9194
2896,2015-03-14,Routofy,Undiscolsed,Undiscolsed,Undiscolsed,Kunal Bahl,Seed Funding,0.0
2896,2015-03-14,Routofy,Undiscolsed,Undiscolsed,Undiscolsed,Rohit Bansal,Seed Funding,0.0
2897,2015-03-16,Digital Gorkha,Undiscolsed,Undiscolsed,Undiscolsed,Ramesh kavediya,Seed Funding,1.593102
2898,2015-03-16,NestAway,Undiscolsed,Undiscolsed,Undiscolsed,IDG Ventures,Seed Funding,12.4761
2898,2015-03-16,NestAway,Undiscolsed,Undiscolsed,Undiscolsed,Naveen Tewari,Seed Funding,12.4761
2899,2015-03-16,The Better India,Undiscolsed,Undiscolsed,Undiscolsed,I-cube-N,Seed Funding,1.593102
2900,2015-03-16,Meru Cabs,Undiscolsed,Undiscolsed,Undiscolsed,Value Fund Advisors,Private Equity,479.85
2901,2015-03-17,GolfLAN,Undiscolsed,Undiscolsed,Undiscolsed,YourNest Angel Fund,Seed Funding,0.0
2902,2015-03-18,Drivestream,Undiscolsed,Undiscolsed,Undiscolsed,Wipro,Private Equity,47.985
2903,2015-03-18,wWhere,Undiscolsed,Undiscolsed,Undiscolsed,Group of Angel Investors,Seed Funding,1.9194
2904,2015-03-18,GoJavas,Undiscolsed,Undiscolsed,Undiscolsed,Snapdeal,Private Equity,0.0
2905,2015-03-19,Tripoto,Undiscolsed,Undiscolsed,Undiscolsed,IDG Ventures,Private Equity,19.194
2905,2015-03-19,Tripoto,Undiscolsed,Undiscolsed,Undiscolsed,Outbox Ventures,Private Equity,19.194
2906,2015-03-19,Graphic India,Undiscolsed,Undiscolsed,Undiscolsed,CA Media LP,Seed Funding,26.8716
2906,2015-03-19,Graphic India,Undiscolsed,Undiscolsed,Undiscolsed, Start Media.,Seed Funding,26.8716
2907,2015-03-20,Harness Handitouch,Undiscolsed,Undiscolsed,Undiscolsed,Armat Group,Private Equity,0.0
2908,2015-03-20,Lets Corp,Undiscolsed,Undiscolsed,Undiscolsed,Wu Chay Chin,Seed Funding,28.791
2909,2015-03-20,CollateBox,Undiscolsed,Undiscolsed,Undiscolsed,LetsVenture,Seed Funding,1.72746
2910,2015-03-20,Mahindra First Choice,Undiscolsed,Undiscolsed,Undiscolsed,Valiant Capital,Private Equity,143.955
2911,2015-03-21,Round One,Undiscolsed,Undiscolsed,Undiscolsed,HT Media,Seed Funding,0.0
2911,2015-03-21,Round One,Undiscolsed,Undiscolsed,Undiscolsed,Arun Duggal,Seed Funding,0.0
2912,2015-03-23,RazorPay,Undiscolsed,Undiscolsed,Undiscolsed,Y Combinator,Seed Funding,1.15164
2913,2015-03-23,Mosambee,Undiscolsed,Undiscolsed,Undiscolsed,RVCF and SIDBI,Private Equity,0.0
2914,2015-03-24,Furlenco,Undiscolsed,Undiscolsed,Undiscolsed,LightBox Ventures,Private Equity,57.582
2915,2015-03-24,Cubito,Undiscolsed,Undiscolsed,Undiscolsed,Sol Primero,Seed Funding,1.53552
2916,2015-03-25,Teabox,Undiscolsed,Undiscolsed,Undiscolsed,JAFCO Asia,Private Equity,57.582
2916,2015-03-25,Teabox,Undiscolsed,Undiscolsed,Undiscolsed,Keystone Group,Private Equity,57.582
2916,2015-03-25,Teabox,Undiscolsed,Undiscolsed,Undiscolsed,Dragoneer Investment,Private Equity,57.582
2916,2015-03-25,Teabox,Undiscolsed,Undiscolsed,Undiscolsed,Accel Partners,Private Equity,57.582
2917,2015-03-25,Artoo,Undiscolsed,Undiscolsed,Undiscolsed,Accion Venture Labs,Private Equity,4.7985
2917,2015-03-25,Artoo,Undiscolsed,Undiscolsed,Undiscolsed,Rianta Capital,Private Equity,4.7985
2918,2015-03-25,Fxkart.com,Undiscolsed,Undiscolsed,Undiscolsed,Dr Mushtaq Shah,Seed Funding,19.194
2918,2015-03-25,Fxkart.com,Undiscolsed,Undiscolsed,Undiscolsed,Dr Faraz Naqvi,Seed Funding,19.194
2919,2015-03-25,Rozgar Mela,Undiscolsed,Undiscolsed,Undiscolsed,Impact Investment Holding,Seed Funding,0.0
2919,2015-03-25,Rozgar Mela,Undiscolsed,Undiscolsed,Undiscolsed,Upaya Social Ventures,Seed Funding,0.0
2920,2015-03-25,OYO Rooms,Undiscolsed,Undiscolsed,Undiscolsed,Greenoaks capital,Private Equity,239.925
2920,2015-03-25,OYO Rooms,Undiscolsed,Undiscolsed,Undiscolsed,Sequoia Capital,Private Equity,239.925
2920,2015-03-25,OYO Rooms,Undiscolsed,Undiscolsed,Undiscolsed,LightSpeed Ventures,Private Equity,239.925
2921,2015-03-26,Roposo.com,Undiscolsed,Undiscolsed,Undiscolsed,Tiger Global Management,Private Equity,47.985
2921,2015-03-26,Roposo.com,Undiscolsed,Undiscolsed,Undiscolsed,Indian Quotient,Private Equity,47.985
2921,2015-03-26,Roposo.com,Undiscolsed,Undiscolsed,Undiscolsed,Binny Bansal,Private Equity,47.985
2922,2015-03-26,Teewe,Undiscolsed,Undiscolsed,Undiscolsed,Sequoia Capital,Seed Funding,16.79475
2922,2015-03-26,Teewe,Undiscolsed,Undiscolsed,Undiscolsed,India Quotient,Seed Funding,16.79475
2923,2015-03-26,ePoise,Undiscolsed,Undiscolsed,Undiscolsed,Undisclosed,Seed Funding,0.0
2924,2015-03-27,Urjas,Undiscolsed,Undiscolsed,Undiscolsed,Solidarity Venture Capital & others,Seed Funding,0.9597
2925,2015-03-27,Chargein,Undiscolsed,Undiscolsed,Undiscolsed,Pittie Group,Seed Funding,0.9597
2926,2015-03-28,Yogurt Labs,Undiscolsed,Undiscolsed,Undiscolsed,Nick Adams,Seed Funding,1.103655
2926,2015-03-28,Yogurt Labs,Undiscolsed,Undiscolsed,Undiscolsed,Kiran Bhat,Seed Funding,1.103655
2926,2015-03-28,Yogurt Labs,Undiscolsed,Undiscolsed,Undiscolsed,Family Pot Investments LLP,Seed Funding,1.103655
2927,2015-03-28,LimeRoad.com,Undiscolsed,Undiscolsed,Undiscolsed,Tiger Global,Private Equity,287.91
2927,2015-03-28,LimeRoad.com,Undiscolsed,Undiscolsed,Undiscolsed,Matrix Partners,Private Equity,287.91
2927,2015-03-28,LimeRoad.com,Undiscolsed,Undiscolsed,Undiscolsed,Lightspeed Venture Partners,Private Equity,287.91
2928,2015-03-28,Team Indus,Undiscolsed,Undiscolsed,Undiscolsed,Nandan Nilekani,Private Equity,14.3955
2928,2015-03-28,Team Indus,Undiscolsed,Undiscolsed,Undiscolsed,Rajiv Mody,Private Equity,14.3955
2928,2015-03-28,Team Indus,Undiscolsed,Undiscolsed,Undiscolsed,Ajai Chowdhary,Private Equity,14.3955
2929,2015-03-30,Arohan Financial Services,Undiscolsed,Undiscolsed,Undiscolsed,Tano Capital,Private Equity,95.97
2930,2015-03-30,BillDesk,Undiscolsed,Undiscolsed,Undiscolsed,TA Associates,Private Equity,719.775
2931,2015-03-31,Triphobo,Undiscolsed,Undiscolsed,Undiscolsed,Mayfield Ventures,Private Equity,28.791
2931,2015-03-31,Triphobo,Undiscolsed,Undiscolsed,Undiscolsed,Kalaari Capital,Private Equity,28.791
2932,2015-03-31,Aryaka,Undiscolsed,Undiscolsed,Undiscolsed,Trinity Ventures,Private Equity,153.552
2932,2015-03-31,Aryaka,Undiscolsed,Undiscolsed,Undiscolsed,InterWest Partners,Private Equity,153.552
2932,2015-03-31,Aryaka,Undiscolsed,Undiscolsed,Undiscolsed,Mohr Davidow Ventures,Private Equity,153.552
2932,2015-03-31,Aryaka,Undiscolsed,Undiscolsed,Undiscolsed,Presidio Ventures,Private Equity,153.552
2933,2015-03-31,Appsdaily,Undiscolsed,Undiscolsed,Undiscolsed,Zodius Capital,Private Equity,153.552
2933,2015-03-31,Appsdaily,Undiscolsed,Undiscolsed,Undiscolsed,Ru-Net,Private Equity,153.552
2933,2015-03-31,Appsdaily,Undiscolsed,Undiscolsed,Undiscolsed,Kalaari Capital,Private Equity,153.552
2933,2015-03-31,Appsdaily,Undiscolsed,Undiscolsed,Undiscolsed, Qualcomm Ventures,Private Equity,153.552
2934,2015-02-02,Faaya,Undiscolsed,Undiscolsed,Undiscolsed,Group of Angel Investors,Seed\\nFunding,0.1593102
2935,2015-02-02,InstaBounce,Undiscolsed,Undiscolsed,Undiscolsed,Group of Angel Investors,Seed\\nFunding,0.1593102
2936,2015-02-02,Chloroplast Foods,Undiscolsed,Undiscolsed,Undiscolsed,Group of Angel Investors,Seed\\nFunding,0.1593102
2937,2015-02-02,Dealwithus,Undiscolsed,Undiscolsed,Undiscolsed,Group of Angel Investors,Seed\\nFunding,0.1593102
2938,2015-02-02,CleverSharks,Undiscolsed,Undiscolsed,Undiscolsed,Group of Angel Investors,Seed\\nFunding,0.1593102
2939,2015-02-02,Leaf,Undiscolsed,Undiscolsed,Undiscolsed,Group of Angel Investors,Seed\\nFunding,0.1593102
2940,2015-02-02,SmartPocket,Undiscolsed,Undiscolsed,Undiscolsed,Sol Primero,Seed\\nFunding,2.39925
2940,2015-02-02,SmartPocket,Undiscolsed,Undiscolsed,Undiscolsed,Rajiv Mehta,Seed\\nFunding,2.39925
2941,2015-02-02,Yumist,Undiscolsed,Undiscolsed,Undiscolsed,Orios Venture Partner,Private Equity,9.597
2942,2015-02-02,NowFloats,Undiscolsed,Undiscolsed,Undiscolsed,Omidyar Network,Private Equity,0.0
2943,2015-02-02,FirstCry,Undiscolsed,Undiscolsed,Undiscolsed,Valiant Capital Partners,Private Equity,249.522
2944,2015-02-02,HolaChef,Undiscolsed,Undiscolsed,Undiscolsed,India Quotient,Seed\\nFunding,3.119025
2945,2015-02-03,Frsh.co.in,Undiscolsed,Undiscolsed,Undiscolsed,India Quotient,Seed\\nFunding,4.971246
2945,2015-02-03,Frsh.co.in,Undiscolsed,Undiscolsed,Undiscolsed,Kae Capital,Seed\\nFunding,4.971246
2946,2015-02-03,Manthan,Undiscolsed,Undiscolsed,Undiscolsed,Temasek,Private Equity,575.82
2946,2015-02-03,Manthan,Undiscolsed,Undiscolsed,Undiscolsed,Norwest Venture Partners,Private Equity,575.82
2947,2015-02-05,Kobster.com,Undiscolsed,Undiscolsed,Undiscolsed,Splice Advisors,Seed\\nFunding,0.0
2948,2015-02-05,Culture Machine,Undiscolsed,Undiscolsed,Undiscolsed,Tiger Global,Private Equity,172.746
2948,2015-02-05,Culture Machine,Undiscolsed,Undiscolsed,Undiscolsed,Times Internet,Private Equity,172.746
2948,2015-02-05,Culture Machine,Undiscolsed,Undiscolsed,Undiscolsed,Zodius Capital,Private Equity,172.746
2949,2015-02-05,Paytm,Undiscolsed,Undiscolsed,Undiscolsed,Ant Financial Services (Alipay),Private Equity,0.0
2950,2015-02-05,Aisle.co,Undiscolsed,Undiscolsed,Undiscolsed,Anand Vijay,Seed\\nFunding,0.9597
2950,2015-02-05,Aisle.co,Undiscolsed,Undiscolsed,Undiscolsed,Shashank Mehrotra & Others,Seed\\nFunding,0.9597
2951,2015-02-06,FreeCharge,Undiscolsed,Undiscolsed,Undiscolsed,Valiant Capital,Private Equity,767.76
2951,2015-02-06,FreeCharge,Undiscolsed,Undiscolsed,Undiscolsed,Tybourne Capital,Private Equity,767.76
2951,2015-02-06,FreeCharge,Undiscolsed,Undiscolsed,Undiscolsed,Sequoia Capital,Private Equity,767.76
2951,2015-02-06,FreeCharge,Undiscolsed,Undiscolsed,Undiscolsed,RuNet and Sofina,Private Equity,767.76
2952,2015-02-06,NewsHunt,Undiscolsed,Undiscolsed,Undiscolsed,Falcon Edge Capital,Private Equity,383.88
2952,2015-02-06,NewsHunt,Undiscolsed,Undiscolsed,Undiscolsed,Matrix Partners India,Private Equity,383.88
2952,2015-02-06,NewsHunt,Undiscolsed,Undiscolsed,Undiscolsed,Sequoia Capital India and Omidyar Network,Private Equity,383.88
2953,2015-02-09,MyNoticePeriod,Undiscolsed,Undiscolsed,Undiscolsed,IDG Ventures,Private Equity,28.791
2954,2015-02-09,CarDekho.com,Undiscolsed,Undiscolsed,Undiscolsed,Ratan Tata,Private Equity,0.0
2955,2015-02-09,Faaso's,Undiscolsed,Undiscolsed,Undiscolsed,Lightbox Ventures,Private Equity,191.94
2956,2015-02-10,CarTrade.com,Undiscolsed,Undiscolsed,Undiscolsed,Chip Perry,Private Equity,0.0
2957,2015-02-10,StoreKing,Undiscolsed,Undiscolsed,Undiscolsed,Mangrove Capital Partners,Private Equity,0.0
2958,2015-02-11,Capital Float,Undiscolsed,Undiscolsed,Undiscolsed,SAIF Partners,Private Equity,124.761
2958,2015-02-11,Capital Float,Undiscolsed,Undiscolsed,Undiscolsed,Sequoia Capital,Private Equity,124.761
2958,2015-02-11,Capital Float,Undiscolsed,Undiscolsed,Undiscolsed,Aspada,Private Equity,124.761
2959,2015-02-11,Nimble Wireless,Undiscolsed,Undiscolsed,Undiscolsed,AngelPrime,Seed\\nFunding,28.791
2960,2015-02-11,Townscript,Undiscolsed,Undiscolsed,Undiscolsed,Group of Angel Investors,Seed\\nFunding,0.0
2961,2015-02-11,FindYahan,Undiscolsed,Undiscolsed,Undiscolsed,Karan Bajwa,Seed\\nFunding,0.0
2961,2015-02-11,FindYahan,Undiscolsed,Undiscolsed,Undiscolsed,Parvesh Bareja,Seed\\nFunding,0.0
2961,2015-02-11,FindYahan,Undiscolsed,Undiscolsed,Undiscolsed,Sunjay Kapur,Seed\\nFunding,0.0
2961,2015-02-11,FindYahan,Undiscolsed,Undiscolsed,Undiscolsed,Amanpreet Bajaj,Seed\\nFunding,0.0
2962,2015-02-12,Stayzilla,Undiscolsed,Undiscolsed,Undiscolsed,Nexus Venture Partners,Private Equity,191.94
2962,2015-02-12,Stayzilla,Undiscolsed,Undiscolsed,Undiscolsed,Matrix Partners,Private Equity,191.94
2963,2015-02-12,Practo,Undiscolsed,Undiscolsed,Undiscolsed,Sequoia Capital,Private Equity,287.91
2963,2015-02-12,Practo,Undiscolsed,Undiscolsed,Undiscolsed,Matrix Partners,Private Equity,287.91
2964,2015-02-13,CimplyFive,Undiscolsed,Undiscolsed,Undiscolsed,Suresh Senapaty,Seed\\nFunding,0.0
2964,2015-02-13,CimplyFive,Undiscolsed,Undiscolsed,Undiscolsed,TV Mohandas Pai,Seed\\nFunding,0.0
2965,2015-02-13,20Dresses,Undiscolsed,Undiscolsed,Undiscolsed,Srinivas Aluri,Seed\\nFunding,9.597
2965,2015-02-13,20Dresses,Undiscolsed,Undiscolsed,Undiscolsed,Srinivas Modukury,Seed\\nFunding,9.597
2965,2015-02-13,20Dresses,Undiscolsed,Undiscolsed,Undiscolsed,BS Nagesh,Seed\\nFunding,9.597
2966,2015-02-13,Itzcash,Undiscolsed,Undiscolsed,Undiscolsed,Ashok Goel (promoter),Private Equity,158.3505
2967,2015-02-16,NewsInShorts,Undiscolsed,Undiscolsed,Undiscolsed,Tiger Global,Private Equity,39.82755
2967,2015-02-16,NewsInShorts,Undiscolsed,Undiscolsed,Undiscolsed,Rebright Partners,Private Equity,39.82755
2967,2015-02-16,NewsInShorts,Undiscolsed,Undiscolsed,Undiscolsed,Sachin and Binny Bansal,Private Equity,39.82755
2968,2015-02-16,iTraveller.com,Undiscolsed,Undiscolsed,Undiscolsed,ah! Ventures,Private Equity,9.597
2969,2015-02-17,NextGen,Undiscolsed,Undiscolsed,Undiscolsed,Mumbai Angels & Group of other investors,Seed\\nFunding,0.0
2970,2015-02-18,Wooplr.com,Undiscolsed,Undiscolsed,Undiscolsed,Helion Venture Partners,Private Equity,47.985
2971,2015-05-19,Springleap,Undiscolsed,Undiscolsed,Undiscolsed,Cross Border Angels,Seed\\nFunding,7.6776
2972,2015-02-20,Klip.in,Undiscolsed,Undiscolsed,Undiscolsed,Calcutta Angels,Seed\\nFunding,4.7985
2972,2015-02-20,Klip.in,Undiscolsed,Undiscolsed,Undiscolsed,Venture Nursery Angels Mumbai Angels,Seed\\nFunding,4.7985
2973,2015-02-20,Renderlogy,Undiscolsed,Undiscolsed,Undiscolsed,Brick Eagle,Private Equity,15.3552
2974,2015-02-21,Appbase,Undiscolsed,Undiscolsed,Undiscolsed,DA-IICT,Seed\\nFunding,2.78313
2974,2015-02-21,Appbase,Undiscolsed,Undiscolsed,Undiscolsed,Techstars,Seed\\nFunding,2.78313
2974,2015-02-21,Appbase,Undiscolsed,Undiscolsed,Undiscolsed,Carnegie Mellon University,Seed\\nFunding,2.78313
2974,2015-02-21,Appbase,Undiscolsed,Undiscolsed,Undiscolsed,Startup Brasil program,Seed\\nFunding,2.78313
2975,2015-02-23,HomeLane,Undiscolsed,Undiscolsed,Undiscolsed,Sequoia Capital,Private Equity,43.1865
2975,2015-02-23,HomeLane,Undiscolsed,Undiscolsed,Undiscolsed,Ranjan Pai,Private Equity,43.1865
2975,2015-02-23,HomeLane,Undiscolsed,Undiscolsed,Undiscolsed,Mohandas Pai & others,Private Equity,43.1865
2976,2015-02-23,Trip38,Undiscolsed,Undiscolsed,Undiscolsed,InterGlobe Technology Quotient,Private Equity,9.597
2976,2015-02-23,Trip38,Undiscolsed,Undiscolsed,Undiscolsed,Lantern Capital,Private Equity,9.597
2977,2015-02-23,Smartairtrip.com,Undiscolsed,Undiscolsed,Undiscolsed,Undisclosed,Private Equity,95.97
2978,2015-02-23,NoBroker,Undiscolsed,Undiscolsed,Undiscolsed,SAIF Partners,Private Equity,28.791
2978,2015-02-23,NoBroker,Undiscolsed,Undiscolsed,Undiscolsed,Fulcrum Ventures,Private Equity,28.791
2979,2015-02-24,Caravan Craft Retail,Undiscolsed,Undiscolsed,Undiscolsed,Unitus Seed Fund\\nNarayan Ramachandran,Seed\\nFunding,4.7985
2979,2015-02-24,Caravan Craft Retail,Undiscolsed,Undiscolsed,Undiscolsed,Bijou Kurien,Seed\\nFunding,4.7985
2980,2015-02-25,SquadRun,Undiscolsed,Undiscolsed,Undiscolsed,Amit Ranjan,Seed\\nFunding,0.0
2980,2015-02-25,SquadRun,Undiscolsed,Undiscolsed,Undiscolsed,Deepinder Goyal,Seed\\nFunding,0.0
2980,2015-02-25,SquadRun,Undiscolsed,Undiscolsed,Undiscolsed,Zishaan Hayath,Seed\\nFunding,0.0
2980,2015-02-25,SquadRun,Undiscolsed,Undiscolsed,Undiscolsed,Powai Lake Ventures,Seed\\nFunding,0.0
2981,2015-02-25,Clonect Solutions,Undiscolsed,Undiscolsed,Undiscolsed,V Balakrishnan,Seed\\nFunding,2.39925
2981,2015-02-25,Clonect Solutions,Undiscolsed,Undiscolsed,Undiscolsed,T V Mohandas Pai,Seed\\nFunding,2.39925
2981,2015-02-25,Clonect Solutions,Undiscolsed,Undiscolsed,Undiscolsed,BC Prabhakar,Seed\\nFunding,2.39925
2982,2015-02-25,TaxSutra,Undiscolsed,Undiscolsed,Undiscolsed,V Balakrishnan,Seed\\nFunding,1.53552
2982,2015-02-25,TaxSutra,Undiscolsed,Undiscolsed,Undiscolsed,T V Mohandas Pai,Seed\\nFunding,1.53552
2983,2015-02-25,PepperTap,Undiscolsed,Undiscolsed,Undiscolsed,Sequoia Capital,Seed\\nFunding,0.0
2984,2015-02-25,Sattviko,Undiscolsed,Undiscolsed,Undiscolsed,Sumit Jain,Seed\\nFunding,3.07104
2984,2015-02-25,Sattviko,Undiscolsed,Undiscolsed,Undiscolsed,Rajat Jain,Seed\\nFunding,3.07104
2984,2015-02-25,Sattviko,Undiscolsed,Undiscolsed,Undiscolsed,Sanjay Bhasin,Seed\\nFunding,3.07104
2985,2015-02-25,IndustryBuying,Undiscolsed,Undiscolsed,Undiscolsed,SAIF Partners,Private Equity,19.194
2986,2015-02-26,FreshWorld,Undiscolsed,Undiscolsed,Undiscolsed,Kris Gopalakrishnan,Seed\\nFunding,0.0
2986,2015-02-26,FreshWorld,Undiscolsed,Undiscolsed,Undiscolsed,Nagaraja Prakasam,Seed\\nFunding,0.0
2987,2015-02-26,TinyOwl,Undiscolsed,Undiscolsed,Undiscolsed,Matrix Partners,Private Equity,153.552
2987,2015-02-26,TinyOwl,Undiscolsed,Undiscolsed,Undiscolsed,Sequoia Capital,Private Equity,153.552
2987,2015-02-26,TinyOwl,Undiscolsed,Undiscolsed,Undiscolsed,Nexus Venture Partners,Private Equity,153.552
2988,2015-02-27,Momoe,Undiscolsed,Undiscolsed,Undiscolsed,IDG Ventures India,Seed\\nFunding,11.5164
2988,2015-02-27,Momoe,Undiscolsed,Undiscolsed,Undiscolsed,Jungle Ventures,Seed\\nFunding,11.5164
2988,2015-02-27,Momoe,Undiscolsed,Undiscolsed,Undiscolsed,India Quotient.,Seed\\nFunding,11.5164
2989,2015-02-27,Grofers,Undiscolsed,Undiscolsed,Undiscolsed,Tiger Global Management,Private Equity,95.97
2989,2015-02-27,Grofers,Undiscolsed,Undiscolsed,Undiscolsed,Sequoia Capital India,Private Equity,95.97
2990,2015-01-02,LensKart,Undiscolsed,Undiscolsed,Undiscolsed,TPG Growth,Private Equity,20.63355
2990,2015-01-02,LensKart,Undiscolsed,Undiscolsed,Undiscolsed,TR Capital,Private Equity,20.63355
2990,2015-01-02,LensKart,Undiscolsed,Undiscolsed,Undiscolsed,IDG Ventures,Private Equity,20.63355
2991,2015-01-02,VioletStreet,Undiscolsed,Undiscolsed,Undiscolsed,Venkat Vallabhneni,Seed\\nFunding,3.023055
2991,2015-01-02,VioletStreet,Undiscolsed,Undiscolsed,Undiscolsed,Sudhakar Reddy,Seed\\nFunding,3.023055
2991,2015-01-02,VioletStreet,Undiscolsed,Undiscolsed,Undiscolsed,Srinivasa Rao Paturi,Seed\\nFunding,3.023055
2992,2015-01-05,Lookup,Undiscolsed,Undiscolsed,Undiscolsed,DeNA Co.,Seed\\nFunding,3.64686
2992,2015-01-05,Lookup,Undiscolsed,Undiscolsed,Undiscolsed,Japan & Teruhide Sato (in Addition to MKS Switzerland & Kris GopalKrishnan),Seed\\nFunding,3.64686
2993,2015-01-05,#Fame,Undiscolsed,Undiscolsed,Undiscolsed,TO THE NEW Ventures,Private Equity,95.97
2994,2015-01-05,Gympik,Undiscolsed,Undiscolsed,Undiscolsed,Tom Clausen,Seed Funding,1.295595
2994,2015-01-05,Gympik,Undiscolsed,Undiscolsed,Undiscolsed,Rohan Ajila,Seed Funding,1.295595
2994,2015-01-05,Gympik,Undiscolsed,Undiscolsed,Undiscolsed,Haldyn Glass,Seed Funding,1.295595
2995,2015-01-06,Near.in,Undiscolsed,Undiscolsed,Undiscolsed,Anupam Mittal,Seed Funding,2.735145
2995,2015-01-06,Near.in,Undiscolsed,Undiscolsed,Undiscolsed,Manish Vij,Seed Funding,2.735145
2995,2015-01-06,Near.in,Undiscolsed,Undiscolsed,Undiscolsed,Prashant Tandon,Seed Funding,2.735145
2995,2015-01-06,Near.in,Undiscolsed,Undiscolsed,Undiscolsed,Gaurav Agarwal,Seed Funding,2.735145
2995,2015-01-06,Near.in,Undiscolsed,Undiscolsed,Undiscolsed,Akash Agarwal,Seed Funding,2.735145
2995,2015-01-06,Near.in,Undiscolsed,Undiscolsed,Undiscolsed,Himanshu Aggarwal,Seed Funding,2.735145
2995,2015-01-06,Near.in,Undiscolsed,Undiscolsed,Undiscolsed,Kevin Parikh,Seed Funding,2.735145
2996,2015-01-06,Purplle.com,Undiscolsed,Undiscolsed,Undiscolsed,IvyCap Ventures,Private Equity,0.0
2997,2015-01-06,NumberMall,Undiscolsed,Undiscolsed,Undiscolsed,SRI Capital,Private Equity,95.97
2998,2015-01-06,Tookitaki,Undiscolsed,Undiscolsed,Undiscolsed,Jungle Ventures,Private\\nEquity,9.597
2998,2015-01-06,Tookitaki,Undiscolsed,Undiscolsed,Undiscolsed,Redbright Partners,Private\\nEquity,9.597
2998,2015-01-06,Tookitaki,Undiscolsed,Undiscolsed,Undiscolsed,Blume Ventures,Private\\nEquity,9.597
2999,2015-01-06,Frankly,Undiscolsed,Undiscolsed,Undiscolsed,Matrix Partners,Seed Funding,5.7582
3000,2015-01-07,Faircent,Undiscolsed,Undiscolsed,Undiscolsed,Devesh Sachdev,Seed Funding,0.0
3000,2015-01-07,Faircent,Undiscolsed,Undiscolsed,Undiscolsed,Ashish Tiwari,Seed Funding,0.0
3001,2015-01-07,Nurturey,Undiscolsed,Undiscolsed,Undiscolsed,Seedrs Crowd funding platform,Crowd funding,1.199625
3002,2015-01-07,Bewakoof,Undiscolsed,Undiscolsed,Undiscolsed,Rohit Bansal,Seed Funding,0.0
3002,2015-01-07,Bewakoof,Undiscolsed,Undiscolsed,Undiscolsed,Kunal Bahl,Seed Funding,0.0
3002,2015-01-07,Bewakoof,Undiscolsed,Undiscolsed,Undiscolsed,Nikhil Vora,Seed Funding,0.0
3003,2015-01-07,Stridalyzer,Undiscolsed,Undiscolsed,Undiscolsed,Kickstarter,Crowd Funding,0.295280496
3004,2015-01-07,Commonfloor,Undiscolsed,Undiscolsed,Undiscolsed,Google Capital,Private Equity,47.985
3005,2015-01-09,Sokrati,Undiscolsed,Undiscolsed,Undiscolsed,IvyCap Ventures,Private Equity,0.0
3005,2015-01-09,Sokrati,Undiscolsed,Undiscolsed,Undiscolsed,Inventus Capital,Private Equity,0.0
3006,2015-01-09,YepMe,Undiscolsed,Undiscolsed,Undiscolsed,JS Capital,Private Equity,124.761
3006,2015-01-09,YepMe,Undiscolsed,Undiscolsed,Undiscolsed,Helion Venture Partners,Private Equity,124.761
3006,2015-01-09,YepMe,Undiscolsed,Undiscolsed,Undiscolsed,Capricorn Investment Group,Private Equity,124.761
3007,2015-01-09,TapCibo,Undiscolsed,Undiscolsed,Undiscolsed,Alok Goel,Seed Funding,0.0
3008,2015-01-12,Verayu,Undiscolsed,Undiscolsed,Undiscolsed,GWB Group,Private Equity,0.0
3008,2015-01-12,Verayu,Undiscolsed,Undiscolsed,Undiscolsed,Blume Ventures,Private Equity,0.0
3009,2015-01-12,MyDreamStore,Undiscolsed,Undiscolsed,Undiscolsed,Undisclosed Investors,Seed Funding,2.78313
3010,2015-01-13,AppVirality,Undiscolsed,Undiscolsed,Undiscolsed,Rajan Anandan,Seed Funding,0.0
3010,2015-01-13,AppVirality,Undiscolsed,Undiscolsed,Undiscolsed,Mike Galgon,Seed Funding,0.0
3010,2015-01-13,AppVirality,Undiscolsed,Undiscolsed,Undiscolsed,Ashim Mehra,Seed Funding,0.0
3010,2015-01-13,AppVirality,Undiscolsed,Undiscolsed,Undiscolsed,Mohit Saxena,Seed Funding,0.0
3010,2015-01-13,AppVirality,Undiscolsed,Undiscolsed,Undiscolsed,Ravi Gururaj,Seed Funding,0.0
3010,2015-01-13,AppVirality,Undiscolsed,Undiscolsed,Undiscolsed,TNN Capital & IIG,Seed Funding,0.0
3011,2015-01-14,RateGain,Undiscolsed,Undiscolsed,Undiscolsed,TA Associates,Private Equity,479.85
3012,2015-01-14,Wishberry,Undiscolsed,Undiscolsed,Undiscolsed,Rajan Anandan,Seed Funding,6.23805
3012,2015-01-14,Wishberry,Undiscolsed,Undiscolsed,Undiscolsed,Shankar Mahadevan,Seed Funding,6.23805
3012,2015-01-14,Wishberry,Undiscolsed,Undiscolsed,Undiscolsed,Deep Kalra & Others,Seed Funding,6.23805
3013,2015-01-16,eKincare,Undiscolsed,Undiscolsed,Undiscolsed,Adroitent Pvt. Ltd.,Seed Funding,1.545117
3014,2015-01-18,ShopClues,Undiscolsed,Undiscolsed,Undiscolsed,Tiger Global & Other investors,Private Equity,959.7
3015,2015-01-19,Refiral,Undiscolsed,Undiscolsed,Undiscolsed,Cogent E Services,Seed Funding,3.16701
3016,2015-01-19,Ping Digital,Undiscolsed,Undiscolsed,Undiscolsed,Consortium of Angel Investors,Seed Funding,0.0
3017,2015-01-19,HealthyWorld.in,Undiscolsed,Undiscolsed,Undiscolsed,Group of Angel Investors,Seed Funding,1.9194
3018,2015-01-19,Hostel Dunia,Undiscolsed,Undiscolsed,Undiscolsed,Hyderabad Angels (at Startup Heroes event),Seed Funding,0.153552
3019,2015-01-19,Play your sport,Undiscolsed,Undiscolsed,Undiscolsed,Hyderabad Angels (at Startup Heroes event),Seed Funding,0.153552
3020,2015-01-19,Yo Grad,Undiscolsed,Undiscolsed,Undiscolsed,Hyderabad Angels (at Startup Heroes event),Seed Funding,0.153552
3021,2015-01-19,Enabli,Undiscolsed,Undiscolsed,Undiscolsed,Hyderabad Angels (at Startup Heroes event),Seed Funding,0.153552
3022,2015-01-19,CBS,Undiscolsed,Undiscolsed,Undiscolsed,Hyderabad Angels (at Startup Heroes event),Seed Funding,0.153552
3023,2015-01-20,Hopscotch,Undiscolsed,Undiscolsed,Undiscolsed,Eduardo Saverin & Velos Capital,Private Equity,105.567
3024,2015-01-20,Amagi Media Labs,Undiscolsed,Undiscolsed,Undiscolsed,Premji Invest & Mayfield Fund,Private Equity,0.0
3025,2015-01-20,HealthyWorld.in,Undiscolsed,Undiscolsed,Undiscolsed,Group of Angel Investors,Seed Funding,1.9194
3026,2015-01-21,Simplilearn,Undiscolsed,Undiscolsed,Undiscolsed,Mayfield India,Private Equity,141.55575
3026,2015-01-21,Simplilearn,Undiscolsed,Undiscolsed,Undiscolsed,Kalaari Capital,Private Equity,141.55575
3026,2015-01-21,Simplilearn,Undiscolsed,Undiscolsed,Undiscolsed,Helion Ventures,Private Equity,141.55575
3027,2015-01-21,MyDreamStore,Undiscolsed,Undiscolsed,Undiscolsed,Undisclosed Investors,Seed Funding,3.119025
3028,2015-05-21,Knit,Undiscolsed,Undiscolsed,Undiscolsed,Rohit Jain,Seed Funding,0.0
3028,2015-05-21,Knit,Undiscolsed,Undiscolsed,Undiscolsed,Amit Rambhia & Others,Seed Funding,0.0
3029,2015-05-21,Villgro,Undiscolsed,Undiscolsed,Undiscolsed,Michael & Susan Dell Foundation,Seed Funding,31.19025
3030,2015-05-21,Corporate360,Undiscolsed,Undiscolsed,Undiscolsed,Group of Angel Investors,Seed Funding,1.9194
3031,2015-01-22,Freshmonk,Undiscolsed,Undiscolsed,Undiscolsed,August Capital Partners,Seed Funding,0.0
3031,2015-01-22,Freshmonk,Undiscolsed,Undiscolsed,Undiscolsed,Michael Blakey,Seed Funding,0.0
3032,2015-01-22,Englishleap.com,Undiscolsed,Undiscolsed,Undiscolsed,ANALEC,Private Equity,0.0
3033,2015-01-22,Antuit,Undiscolsed,Undiscolsed,Undiscolsed,Goldman Sachs,Private Equity,537.432
3033,2015-01-22,Antuit,Undiscolsed,Undiscolsed,Undiscolsed,Zodius Capital,Private Equity,537.432
3034,2015-01-22,Caratlane.com,Undiscolsed,Undiscolsed,Undiscolsed,Tiger Global,Private Equity,297.507
3035,2015-01-24,Aasaanjobs,Undiscolsed,Undiscolsed,Undiscolsed,Inventus Capital Partners,Seed Funding,14.3955
3035,2015-01-24,Aasaanjobs,Undiscolsed,Undiscolsed,Undiscolsed,IDG Ventures,Seed Funding,14.3955
3036,2015-01-24,Impartus,Undiscolsed,Undiscolsed,Undiscolsed,Kaizen Private Equity,Private Equity,0.0
3037,2015-01-25,Thrill App,Undiscolsed,Undiscolsed,Undiscolsed,People Group (Shaadi.com),Private Equity,9.597
3038,2015-01-27,CarDekho.com,Undiscolsed,Undiscolsed,Undiscolsed,Hillhouse Capital,Private Equity,479.85
3038,2015-01-27,CarDekho.com,Undiscolsed,Undiscolsed,Undiscolsed,Tybourne Capital,Private Equity,479.85
3039,2015-01-28,Grabhouse.com,Undiscolsed,Undiscolsed,Undiscolsed,Kalaari Capital,Private Equity,23.9925
3039,2015-01-28,Grabhouse.com,Undiscolsed,Undiscolsed,Undiscolsed,Sequoia Capital,Private Equity,23.9925
3040,2015-01-29,Printvenue,Undiscolsed,Undiscolsed,Undiscolsed,Asia Pacific Internet Group,Private Equity,43.1865
3041,2015-01-29,Graphene,Undiscolsed,Undiscolsed,Undiscolsed,KARSEMVEN Fund,Private Equity,7.917525
3042,2015-01-30,Mad Street Den,Undiscolsed,Undiscolsed,Undiscolsed,Exfinity Fund,Private Equity,14.3955
3042,2015-01-30,Mad Street Den,Undiscolsed,Undiscolsed,Undiscolsed,GrowX Ventures.,Private Equity,14.3955
3043,2015-01-30,Simplotel,Undiscolsed,Undiscolsed,Undiscolsed,MakeMyTrip,Private Equity,0.0
3044,2015-01-31,couponmachine.in,Undiscolsed,Undiscolsed,Undiscolsed,UK based Group of Angel Investors,Seed Funding,1.34358
